0 0.999999 0
0.0060514 0.999981 0.00605136
0.011901 0.999928 0.0119007
0.0176279 0.999844 0.017627
0.0232794 0.999728 0.0232773
0.0288844 0.999582 0.0288803
0.0344604 0.999405 0.0344535
0.0400184 0.999198 0.0400076
0.0455651 0.998961 0.0455493
0.0511049 0.998693 0.0510826
0.0566403 0.998395 0.0566099
0.0621729 0.998067 0.0621328
0.0677039 0.997708 0.0676521
0.0732338 0.997319 0.0731682
0.078763 0.996899 0.0786815
0.0842918 0.996449 0.0841919
0.0898203 0.995968 0.0896995
0.0953487 0.995457 0.0952042
0.100877 0.994915 0.100706
0.106405 0.994343 0.106204
0.111933 0.993741 0.1117
0.117462 0.993108 0.117191
0.12299 0.992445 0.12268
0.128518 0.991752 0.128164
0.134046 0.991028 0.133645
0.139574 0.990274 0.139121
0.145102 0.98949 0.144593
0.15063 0.988676 0.150061
0.156158 0.987831 0.155524
0.161686 0.986956 0.160983
0.167215 0.986051 0.166436
0.172743 0.985116 0.171885
0.178271 0.984151 0.177328
0.183799 0.983156 0.182766
0.189327 0.98213 0.188198
0.194855 0.981075 0.193624
0.200383 0.979989 0.199045
0.205911 0.978874 0.204459
0.211439 0.977729 0.209867
0.216968 0.976554 0.215269
0.222496 0.975349 0.220664
0.228024 0.974114 0.226053
0.233552 0.97285 0.231434
0.23908 0.971555 0.236809
0.244608 0.970231 0.242176
0.250136 0.968878 0.247536
0.255664 0.967495 0.252888
0.261192 0.966082 0.258232
0.26672 0.96464 0.263569
0.272249 0.963168 0.268898
0.277777 0.961667 0.274218
0.283305 0.960136 0.27953
0.288833 0.958576 0.284833
0.294361 0.956987 0.290128
0.299889 0.955368 0.295414
0.305417 0.953721 0.300691
0.310945 0.952044 0.305958
0.316473 0.950338 0.311217
0.322002 0.948603 0.316466
0.32753 0.946839 0.321705
0.333058 0.945046 0.326934
0.338586 0.943224 0.332153
0.344114 0.941374 0.337362
0.349642 0.939494 0.342561
0.35517 0.937586 0.34775
0.360698 0.93565 0.352927
0.366226 0.933684 0.358094
0.371755 0.931691 0.36325
0.377283 0.929668 0.368395
0.382811 0.927618 0.373529
0.388339 0.925538 0.378651
0.393867 0.923431 0.383762
0.399395 0.921296 0.388861
0.404923 0.919132 0.393948
0.410451 0.91694 0.399023
0.415979 0.91472 0.404086
0.421507 0.912472 0.409136
0.427036 0.910197 0.414174
0.432564 0.907893 0.419199
0.438092 0.905562 0.424212
0.44362 0.903203 0.429211
0.449148 0.900817 0.434198
0.454676 0.898403 0.439171
0.460204 0.895961 0.444131
0.465732 0.893492 0.449077
0.47126 0.890996 0.454009
0.476789 0.888473 0.458928
0.482317 0.885922 0.463832
0.487845 0.883344 0.468723
0.493373 0.88074 0.473599
0.498901 0.878108 0.47846
0.504429 0.87545 0.483307
0.509957 0.872765 0.488139
0.515485 0.870053 0.492957
0.521013 0.867314 0.497759
0.526542 0.86455 0.502546
0.53207 0.861758 0.507318
0.537598 0.858941 0.512074
0.543126 0.856097 0.516814
0.548654 0.853227 0.521539
0.554182 0.85033 0.526247
0.55971 0.847408 0.53094
0.565238 0.84446 0.535617
0.570766 0.841486 0.540277
0.576294 0.838487 0.54492
0.581823 0.835462 0.549547
0.587351 0.832411 0.554157
0.592879 0.829335 0.55875
0.598407 0.826233 0.563326
0.603935 0.823107 0.567885
0.609463 0.819955 0.572427
0.614991 0.816778 0.576951
0.620519 0.813576 0.581457
0.626047 0.810349 0.585946
0.631576 0.807098 0.590417
0.637104 0.803821 0.594869
0.642632 0.800521 0.599304
0.64816 0.797195 0.60372
0.653688 0.793846 0.608118
0.659216 0.790472 0.612497
0.664744 0.787074 0.616857
0.670272 0.783652 0.621199
0.6758 0.780206 0.625522
0.681329 0.776736 0.629825
0.686857 0.773242 0.634109
0.692385 0.769725 0.638374
0.697913 0.766185 0.642619
0.703441 0.76262 0.646845
0.708969 0.759033 0.651051
0.714497 0.755422 0.655237
0.720025 0.751789 0.659403
0.725553 0.748132 0.663549
0.731081 0.744452 0.667675
0.73661 0.74075 0.67178
0.742138 0.737025 0.675864
0.747666 0.733277 0.679928
0.753194 0.729508 0.683972
0.758722 0.725715 0.687994
0.76425 0.721901 0.691995
0.769778 0.718065 0.695976
0.775306 0.714206 0.699934
0.780834 0.710326 0.703872
0.786363 0.706424 0.707788
0.791891 0.702501 0.711682
0.797419 0.698556 0.715555
0.802947 0.694589 0.719406
0.808475 0.690602 0.723234
0.814003 0.686593 0.727041
0.819531 0.682563 0.730825
0.825059 0.678513 0.734588
0.830587 0.674442 0.738327
0.836115 0.67035 0.742044
0.841644 0.666238 0.745739
0.847172 0.662105 0.74941
0.8527 0.657952 0.753059
0.858228 0.653779 0.756685
0.863756 0.649586 0.760287
0.869284 0.645373 0.763867
0.874812 0.641141 0.767423
0.88034 0.636888 0.770955
0.885868 0.632617 0.774464
0.891397 0.628326 0.77795
0.896925 0.624016 0.781411
0.902453 0.619686 0.784849
0.907981 0.615338 0.788262
0.913509 0.610971 0.791652
0.919037 0.606586 0.795017
0.924565 0.602181 0.798359
0.930093 0.597759 0.801675
0.935621 0.593318 0.804967
0.94115 0.588859 0.808235
0.946678 0.584382 0.811478
0.952206 0.579887 0.814696
0.957734 0.575375 0.817889
0.963262 0.570844 0.821058
0.96879 0.566297 0.824201
0.974318 0.561732 0.827319
0.979846 0.55715 0.830411
0.985374 0.552551 0.833479
0.990902 0.547935 0.83652
0.996431 0.543302 0.839537
1.00196 0.538653 0.842527
1.00749 0.533987 0.845492
1.01301 0.529305 0.848431
1.01854 0.524607 0.851344
1.02407 0.519892 0.854231
1.0296 0.515162 0.857092
1.03513 0.510416 0.859927
1.04066 0.505655 0.862735
1.04618 0.500878 0.865518
1.05171 0.496085 0.868273
1.05724 0.491278 0.871002
1.06277 0.486455 0.873705
1.0683 0.481618 0.876381
1.07382 0.476766 0.87903
1.07935 0.471899 0.881652
1.08488 0.467018 0.884247
1.09041 0.462123 0.886815
1.09594 0.457214 0.889356
1.10146 0.45229 0.89187
1.10699 0.447353 0.894357
1.11252 0.442402 0.896816
1.11805 0.437438 0.899248
1.12358 0.43246 0.901653
1.12911 0.427469 0.90403
1.13463 0.422465 0.906379
1.14016 0.417448 0.9087
1.14569 0.412418 0.910994
1.15122 0.407376 0.91326
1.15675 0.402321 0.915498
1.16227 0.397254 0.917708
1.1678 0.392175 0.91989
1.17333 0.387083 0.922044
1.17886 0.38198 0.92417
1.18439 0.376866 0.926268
1.18991 0.371739 0.928337
1.19544 0.366602 0.930378
1.20097 0.361453 0.93239
1.2065 0.356293 0.934374
1.21203 0.351122 0.936329
1.21755 0.345941 0.938256
1.22308 0.340749 0.940154
1.22861 0.335546 0.942023
1.23414 0.330334 0.943864
1.23967 0.325111 0.945676
1.2452 0.319878 0.947458
1.25072 0.314636 0.949212
1.25625 0.309383 0.950937
1.26178 0.304122 0.952633
1.26731 0.298851 0.954299
1.27284 0.293571 0.955937
1.27836 0.288282 0.957545
1.28389 0.282984 0.959124
1.28942 0.277678 0.960674
1.29495 0.272363 0.962194
1.30048 0.26704 0.963685
1.306 0.261708 0.965147
1.31153 0.256369 0.966579
1.31706 0.251022 0.967981
1.32259 0.245667 0.969354
1.32812 0.240304 0.970697
1.33365 0.234935 0.972011
1.33917 0.229558 0.973295
1.3447 0.224174 0.974549
1.35023 0.218783 0.975773
1.35576 0.213385 0.976968
1.36129 0.207981 0.978133
1.36681 0.202571 0.979267
1.37234 0.197154 0.980372
1.37787 0.191732 0.981447
1.3834 0.186303 0.982492
1.38893 0.180869 0.983507
1.39445 0.17543 0.984492
1.39998 0.169985 0.985447
1.40551 0.164534 0.986371
1.41104 0.159079 0.987266
1.41657 0.153619 0.98813
1.42209 0.148154 0.988964
1.42762 0.142685 0.989768
1.43315 0.137211 0.990542
1.43868 0.131733 0.991285
1.44421 0.126251 0.991998
1.44974 0.120766 0.992681
1.45526 0.115276 0.993333
1.46079 0.109783 0.993955
1.46632 0.104287 0.994547
1.47185 0.0987872 0.995108
1.47738 0.0932847 0.995639
1.4829 0.0877793 0.99614
1.48843 0.0822712 0.99661
1.49396 0.0767606 0.997049
1.49949 0.0712477 0.997459
1.50502 0.0657326 0.997837
1.51054 0.0602154 0.998185
1.51607 0.0546965 0.998503
1.5216 0.0491758 0.99879
1.52713 0.0436537 0.999047
1.53266 0.0381302 0.999273
1.53818 0.0326056 0.999468
1.54371 0.0270799 0.999633
1.54924 0.0215535 0.999768
1.55477 0.0160264 0.999872
1.5603 0.0104987 0.999945
1.56583 0.00497082 0.999988
1.57135 -0.000557269 1
1.57688 -0.00608534 0.999981
1.58241 -0.0116132 0.999933
1.58794 -0.0171407 0.999853
1.59347 -0.0226677 0.999743
1.59899 -0.0281941 0.999602
1.60452 -0.0337195 0.999431
1.61005 -0.0392439 0.99923
1.61558 -0.0447671 0.998997
1.62111 -0.050289 0.998735
1.62663 -0.0558093 0.998442
1.63216 -0.0613279 0.998118
1.63769 -0.0668447 0.997763
1.64322 -0.0723593 0.997379
1.64875 -0.0778718 0.996963
1.65428 -0.0833819 0.996518
1.6598 -0.0888895 0.996042
1.66533 -0.0943943 0.995535
1.67086 -0.0998963 0.994998
1.67639 -0.105395 0.994431
1.68192 -0.110891 0.993833
1.68744 -0.116383 0.993205
1.69297 -0.121872 0.992546
1.6985 -0.127357 0.991857
1.70403 -0.132838 0.991138
1.70956 -0.138315 0.990388
1.71508 -0.143788 0.989609
1.72061 -0.149256 0.988799
1.72614 -0.15472 0.987958
1.73167 -0.160179 0.987088
1.7372 -0.165634 0.986188
1.74272 -0.171083 0.985257
1.74825 -0.176527 0.984296
1.75378 -0.181965 0.983305
1.75931 -0.187398 0.982284
1.76484 -0.192826 0.981233
1.77037 -0.198247 0.980152
1.77589 -0.203662 0.979041
1.78142 -0.209071 0.977901
1.78695 -0.214474 0.97673
1.79248 -0.21987 0.975529
1.79801 -0.22526 0.974299
1.80353 -0.230642 0.973039
1.80906 -0.236018 0.971749
1.81459 -0.241386 0.970429
1.82012 -0.246747 0.96908
1.82565 -0.2521 0.967701
1.83117 -0.257446 0.966293
1.8367 -0.262784 0.964855
1.84223 -0.268114 0.963388
1.84776 -0.273435 0.961891
1.85329 -0.278748 0.960364
1.85882 -0.284053 0.958809
1.86434 -0.289349 0.957224
1.86987 -0.294636 0.95561
1.8754 -0.299915 0.953966
1.88093 -0.305184 0.952294
1.88646 -0.310443 0.950592
1.89198 -0.315694 0.948862
1.89751 -0.320934 0.947102
1.90304 -0.326165 0.945313
1.90857 -0.331386 0.943496
1.9141 -0.336596 0.941649
1.91962 -0.341797 0.939774
1.92515 -0.346987 0.93787
1.93068 -0.352166 0.935938
1.93621 -0.357334 0.933977
1.94174 -0.362492 0.931987
1.94726 -0.367639 0.929969
1.95279 -0.372774 0.927923
1.95832 -0.377898 0.925848
1.96385 -0.38301 0.923744
1.96938 -0.388111 0.921613
1.97491 -0.3932 0.919453
1.98043 -0.398277 0.917266
1.98596 -0.403341 0.91505
1.99149 -0.408394 0.912806
1.99702 -0.413433 0.910535
2.00255 -0.418461 0.908235
2.00807 -0.423475 0.905908
2.0136 -0.428476 0.903553
2.01913 -0.433465 0.901171
2.02466 -0.43844 0.898761
2.03019 -0.443402 0.896324
2.03571 -0.44835 0.893859
2.04124 -0.453284 0.891367
2.04677 -0.458205 0.888847
2.0523 -0.463111 0.886301
2.05783 -0.468004 0.883727
2.06335 -0.472882 0.881126
2.06888 -0.477746 0.878499
2.07441 -0.482595 0.875844
2.07994 -0.487429 0.873163
2.08547 -0.492249 0.870455
2.091 -0.497053 0.867721
2.09652 -0.501842 0.86496
2.10205 -0.506616 0.862172
2.10758 -0.511375 0.859358
2.11311 -0.516118 0.856518
2.11864 -0.520845 0.853652
2.12416 -0.525556 0.85076
2.12969 -0.530251 0.847842
2.13522 -0.534929 0.844897
2.14075 -0.539592 0.841927
2.14628 -0.544238 0.838932
2.1518 -0.548867 0.83591
2.15733 -0.55348 0.832863
2.16286 -0.558076 0.829791
2.16839 -0.562654 0.826693
2.17392 -0.567216 0.82357
2.17945 -0.57176 0.820422
2.18497 -0.576286 0.817249
2.1905 -0.580795 0.81405
2.19603 -0.585287 0.810827
2.20156 -0.58976 0.807579
2.20709 -0.594215 0.804307
2.21261 -0.598653 0.80101
2.21814 -0.603071 0.797688
2.22367 -0.607472 0.794342
2.2292 -0.611854 0.790972
2.23473 -0.616217 0.787577
2.24025 -0.620561 0.784159
2.24578 -0.624887 0.780716
2.25131 -0.629193 0.77725
2.25684 -0.63348 0.77376
2.26237 -0.637748 0.770246
2.26789 -0.641996 0.766709
2.27342 -0.646225 0.763148
2.27895 -0.650434 0.759564
2.28448 -0.654623 0.755957
2.29001 -0.658792 0.752326
2.29554 -0.66294 0.748673
2.30106 -0.667069 0.744997
2.30659 -0.671177 0.741298
2.31212 -0.675265 0.737576
2.31765 -0.679332 0.733832
2.32318 -0.683378 0.730065
2.3287 -0.687404 0.726276
2.33423 -0.691408 0.722465
2.33976 -0.695391 0.718632
2.34529 -0.699353 0.714777
2.35082 -0.703294 0.7109
2.35634 -0.707213 0.707001
2.36187 -0.711111 0.703081
2.3674 -0.714987 0.699139
2.37293 -0.718841 0.695176
2.37846 -0.722673 0.691191
2.38398 -0.726483 0.687186
2.38951 -0.73027 0.683159
2.39504 -0.734036 0.679112
2.40057 -0.737779 0.675044
2.4061 -0.741499 0.670955
2.41163 -0.745197 0.666846
2.41715 -0.748872 0.662716
2.42268 -0.752524 0.658566
2.42821 -0.756153 0.654396
2.43374 -0.759759 0.650206
2.43927 -0.763342 0.645996
2.44479 -0.766901 0.641766
2.45032 -0.770437 0.637517
2.45585 -0.77395 0.633248
2.46138 -0.777439 0.62896
2.46691 -0.780904 0.624653
2.47243 -0.784345 0.620326
2.47796 -0.787762 0.615981
2.48349 -0.791155 0.611617
2.48902 -0.794524 0.607234
2.49455 -0.797869 0.602832
2.50008 -0.801189 0.598412
2.5056 -0.804485 0.593974
2.51113 -0.807756 0.589518
2.51666 -0.811003 0.585044
2.52219 -0.814225 0.580551
2.52772 -0.817422 0.576041
2.53324 -0.820593 0.571514
2.53877 -0.82374 0.566969
2.5443 -0.826862 0.562406
2.54983 -0.829958 0.557827
2.55536 -0.833029 0.55323
2.56088 -0.836075 0.548617
2.56641 -0.839095 0.543987
2.57194 -0.842089 0.53934
2.57747 -0.845058 0.534676
2.583 -0.848001 0.529997
2.58852 -0.850918 0.525301
2.59405 -0.853809 0.520589
2.59958 -0.856673 0.515861
2.60511 -0.859512 0.511117
2.61064 -0.862324 0.506358
2.61617 -0.86511 0.501583
2.62169 -0.86787 0.496793
2.62722 -0.870603 0.491988
2.63275 -0.87331 0.487168
2.63828 -0.875989 0.482332
2.64381 -0.878642 0.477483
2.64933 -0.881268 0.472618
2.65486 -0.883868 0.467739
2.66039 -0.88644 0.462846
2.66592 -0.888985 0.457938
2.67145 -0.891503 0.453017
2.67697 -0.893994 0.448082
2.6825 -0.896457 0.443133
2.68803 -0.898893 0.438171
2.69356 -0.901301 0.433195
2.69909 -0.903682 0.428206
2.70461 -0.906036 0.423203
2.71014 -0.908361 0.418188
2.71567 -0.910659 0.41316
2.7212 -0.912929 0.40812
2.72673 -0.915171 0.403067
2.73226 -0.917386 0.398002
2.73778 -0.919572 0.392924
2.74331 -0.92173 0.387835
2.74884 -0.92386 0.382733
2.75437 -0.925961 0.37762
2.7599 -0.928035 0.372496
2.76542 -0.93008 0.36736
2.77095 -0.932096 0.362213
2.77648 -0.934085 0.357055
2.78201 -0.936044 0.351885
2.78754 -0.937975 0.346706
2.79306 -0.939877 0.341515
2.79859 -0.941751 0.336314
2.80412 -0.943596 0.331103
2.80965 -0.945412 0.325882
2.81518 -0.947199 0.32065
2.82071 -0.948957 0.315409
2.82623 -0.950686 0.310158
2.83176 -0.952386 0.304898
2.83729 -0.954057 0.299629
2.84282 -0.955699 0.29435
2.84835 -0.957311 0.289062
2.85387 -0.958895 0.283766
2.8594 -0.960449 0.278461
2.86493 -0.961973 0.273147
2.87046 -0.963469 0.267825
2.87599 -0.964934 0.262495
2.88151 -0.966371 0.257157
2.88704 -0.967778 0.25181
2.89257 -0.969155 0.246457
2.8981 -0.970502 0.241095
2.90363 -0.97182 0.235727
2.90915 -0.973109 0.230351
2.91468 -0.974367 0.224968
2.92021 -0.975596 0.219578
2.92574 -0.976795 0.214181
2.93127 -0.977964 0.208778
2.9368 -0.979103 0.203369
2.94232 -0.980212 0.197953
2.94785 -0.981292 0.192532
2.95338 -0.982341 0.187104
2.95891 -0.98336 0.181671
2.96444 -0.98435 0.176232
2.96996 -0.985309 0.170788
2.97549 -0.986238 0.165338
2.98102 -0.987137 0.159884
2.98655 -0.988006 0.154424
2.99208 -0.988844 0.14896
2.9976 -0.989653 0.143491
3.00313 -0.990431 0.138018
3.00866 -0.991179 0.132541
3.01419 -0.991896 0.12706
3.01972 -0.992583 0.121574
3.02524 -0.99324 0.116085
3.03077 -0.993867 0.110593
3.0363 -0.994463 0.105097
3.04183 -0.995029 0.099598
3.04736 -0.995564 0.0940959
3.05289 -0.996069 0.0885909
3.05841 -0.996544 0.0830832
3.06394 -0.996988 0.077573
3.06947 -0.997401 0.0720604
3.075 -0.997784 0.0665456
3.08053 -0.998137 0.0610287
3.08605 -0.998459 0.05551
3.09158 -0.998751 0.0499896
3.09711 -0.999012 0.0444677
3.10264 -0.999242 0.0389444
3.10817 -0.999442 0.0334199
3.11369 -0.999612 0.0278944
3.11922 -0.999751 0.0223681
3.12475 -0.999859 0.016841
3.13028 -0.999937 0.0113135
3.13581 -0.999984 0.00578557
3.14134 -1 0.000257492
3.14686 -0.999987 -0.00527059
3.15239 -0.999943 -0.0107985
3.15792 -0.999868 -0.0163261
3.16345 -0.999762 -0.0218532
3.16898 -0.999626 -0.0273796
3.1745 -0.999459 -0.0329052
3.18003 -0.999262 -0.0384298
3.18556 -0.999035 -0.0439532
3.19109 -0.998776 -0.0494753
3.19662 -0.998488 -0.0549958
3.20214 -0.998168 -0.0605147
3.20767 -0.997819 -0.0660317
3.2132 -0.997438 -0.0715467
3.21873 -0.997027 -0.0770596
3.22426 -0.996586 -0.08257
3.22978 -0.996115 -0.088078
3.23531 -0.995612 -0.0935832
3.24084 -0.99508 -0.0990856
3.24637 -0.994517 -0.104585
3.2519 -0.993924 -0.110081
3.25743 -0.9933 -0.115574
3.26295 -0.992646 -0.121063
3.26848 -0.991961 -0.126549
3.27401 -0.991247 -0.13203
3.27954 -0.990502 -0.137508
3.28507 -0.989726 -0.142982
3.29059 -0.988921 -0.148451
3.29612 -0.988085 -0.153915
3.30165 -0.987219 -0.159375
3.30718 -0.986323 -0.16483
3.31271 -0.985397 -0.17028
3.31823 -0.98444 -0.175725
3.32376 -0.983454 -0.181164
3.32929 -0.982437 -0.186598
3.33482 -0.981391 -0.192026
3.34035 -0.980314 -0.197448
3.34587 -0.979208 -0.202865
3.3514 -0.978071 -0.208275
3.35693 -0.976905 -0.213678
3.36246 -0.975709 -0.219076
3.36799 -0.974483 -0.224466
3.37352 -0.973227 -0.22985
3.37904 -0.971942 -0.235226
3.38457 -0.970626 -0.240595
3.3901 -0.969282 -0.245957
3.39563 -0.967907 -0.251312
3.40116 -0.966503 -0.256659
3.40668 -0.965069 -0.261998
3.41221 -0.963606 -0.267329
3.41774 -0.962114 -0.272652
3.42327 -0.960592 -0.277966
3.4288 -0.959041 -0.283272
3.43432 -0.95746 -0.288569
3.43985 -0.95585 -0.293858
3.44538 -0.954211 -0.299137
3.45091 -0.952543 -0.304408
3.45644 -0.950845 -0.309669
3.46197 -0.949119 -0.31492
3.46749 -0.947364 -0.320162
3.47302 -0.945579 -0.325395
3.47855 -0.943766 -0.330617
3.48408 -0.941924 -0.335829
3.48961 -0.940053 -0.341031
3.49513 -0.938153 -0.346222
3.50066 -0.936225 -0.351403
3.50619 -0.934268 -0.356573
3.51172 -0.932283 -0.361733
3.51725 -0.930269 -0.366881
3.52277 -0.928227 -0.372018
3.5283 -0.926156 -0.377144
3.53383 -0.924057 -0.382258
3.53936 -0.92193 -0.38736
3.54489 -0.919774 -0.392451
3.55041 -0.917591 -0.397529
3.55594 -0.915379 -0.402596
3.56147 -0.913139 -0.40765
3.567 -0.910872 -0.412691
3.57253 -0.908577 -0.41772
3.57806 -0.906254 -0.422737
3.58358 -0.903903 -0.42774
3.58911 -0.901524 -0.43273
3.59464 -0.899118 -0.437708
3.60017 -0.896685 -0.442671
3.6057 -0.894224 -0.447621
3.61122 -0.891736 -0.452558
3.61675 -0.889221 -0.457481
3.62228 -0.886678 -0.462389
3.62781 -0.884108 -0.467284
3.63334 -0.881512 -0.472164
3.63886 -0.878888 -0.47703
3.64439 -0.876238 -0.481881
3.64992 -0.87356 -0.486718
3.65545 -0.870856 -0.491539
3.66098 -0.868126 -0.496346
3.6665 -0.865369 -0.501138
3.67203 -0.862585 -0.505914
3.67756 -0.859775 -0.510674
3.68309 -0.856939 -0.51542
3.68862 -0.854077 -0.520149
3.69415 -0.851188 -0.524862
3.69967 -0.848274 -0.52956
3.7052 -0.845333 -0.534241
3.71073 -0.842367 -0.538906
3.71626 -0.839375 -0.543554
3.72179 -0.836357 -0.548186
3.72731 -0.833314 -0.552801
3.73284 -0.830246 -0.557399
3.73837 -0.827151 -0.561981
3.7439 -0.824032 -0.566544
3.74943 -0.820888 -0.571091
3.75495 -0.817718 -0.57562
3.76048 -0.814524 -0.580132
3.76601 -0.811304 -0.584626
3.77154 -0.80806 -0.589102
3.77707 -0.804791 -0.59356
3.7826 -0.801497 -0.598
3.78812 -0.798179 -0.602421
3.79365 -0.794837 -0.606825
3.79918 -0.79147 -0.611209
3.80471 -0.788079 -0.615575
3.81024 -0.784664 -0.619922
3.81576 -0.781225 -0.62425
3.82129 -0.777762 -0.62856
3.82682 -0.774276 -0.63285
3.83235 -0.770766 -0.63712
3.83788 -0.767232 -0.641371
3.8434 -0.763674 -0.645603
3.84893 -0.760094 -0.649815
3.85446 -0.75649 -0.654006
3.85999 -0.752863 -0.658178
3.86552 -0.749213 -0.66233
3.87104 -0.74554 -0.666462
3.87657 -0.741845 -0.670573
3.8821 -0.738126 -0.674664
3.88763 -0.734385 -0.678734
3.89316 -0.730622 -0.682783
3.89869 -0.726836 -0.686812
3.90421 -0.723029 -0.690819
3.90974 -0.719199 -0.694806
3.91527 -0.715347 -0.698771
3.9208 -0.711473 -0.702715
3.92633 -0.707577 -0.706637
3.93185 -0.70366 -0.710538
3.93738 -0.699722 -0.714417
3.94291 -0.695761 -0.718274
3.94844 -0.69178 -0.722109
3.95397 -0.687778 -0.725922
3.95949 -0.683754 -0.729713
3.96502 -0.67971 -0.733482
3.97055 -0.675645 -0.737228
3.97608 -0.671559 -0.740952
3.98161 -0.667453 -0.744653
3.98714 -0.663326 -0.748331
3.99266 -0.659179 -0.751987
3.99819 -0.655012 -0.755619
4.00372 -0.650825 -0.759229
4.00925 -0.646618 -0.762815
4.01478 -0.642391 -0.766378
4.0203 -0.638145 -0.769917
4.02583 -0.633879 -0.773433
4.03136 -0.629593 -0.776926
4.03689 -0.625289 -0.780394
4.04242 -0.620965 -0.783839
4.04794 -0.616623 -0.78726
4.05347 -0.612261 -0.790656
4.059 -0.607881 -0.794029
4.06453 -0.603482 -0.797377
4.07006 -0.599065 -0.800701
4.07558 -0.59463 -0.804001
4.08111 -0.590176 -0.807275
4.08664 -0.585704 -0.810526
4.09217 -0.581215 -0.813751
4.0977 -0.576707 -0.816952
4.10323 -0.572182 -0.820127
4.10875 -0.56764 -0.823278
4.11428 -0.56308 -0.826403
4.11981 -0.558503 -0.829503
4.12534 -0.553909 -0.832578
4.13087 -0.549298 -0.835627
4.13639 -0.54467 -0.838651
4.14192 -0.540026 -0.841649
4.14745 -0.535365 -0.844622
4.15298 -0.530687 -0.847568
4.15851 -0.525994 -0.850489
4.16403 -0.521284 -0.853384
4.16956 -0.516559 -0.856252
4.17509 -0.511817 -0.859095
4.18062 -0.50706 -0.861911
4.18615 -0.502288 -0.864701
4.19167 -0.4975 -0.867465
4.1972 -0.492697 -0.870202
4.20273 -0.487879 -0.872912
4.20826 -0.483046 -0.875596
4.21379 -0.478198 -0.878252
4.21932 -0.473336 -0.880883
4.22484 -0.468459 -0.883486
4.23037 -0.463568 -0.886062
4.2359 -0.458663 -0.888611
4.24143 -0.453743 -0.891133
4.24696 -0.44881 -0.893628
4.25248 -0.443863 -0.896095
4.25801 -0.438903 -0.898535
4.26354 -0.433929 -0.900948
4.26907 -0.428942 -0.903333
4.2746 -0.423941 -0.90569
4.28012 -0.418928 -0.90802
4.28565 -0.413902 -0.910322
4.29118 -0.408864 -0.912596
4.29671 -0.403812 -0.914842
4.30224 -0.398749 -0.917061
4.30777 -0.393673 -0.919251
4.31329 -0.388586 -0.921413
4.31882 -0.383486 -0.923547
4.32435 -0.378375 -0.925653
4.32988 -0.373252 -0.92773
4.33541 -0.368118 -0.92978
4.34093 -0.362972 -0.9318
4.34646 -0.357815 -0.933793
4.35199 -0.352648 -0.935756
4.35752 -0.34747 -0.937692
4.36305 -0.342281 -0.939598
4.36857 -0.337081 -0.941476
4.3741 -0.331871 -0.943325
4.37963 -0.326652 -0.945145
4.38516 -0.321422 -0.946936
4.39069 -0.316182 -0.948699
4.39621 -0.310933 -0.950432
4.40174 -0.305674 -0.952137
4.40727 -0.300406 -0.953812
4.4128 -0.295129 -0.955458
4.41833 -0.289842 -0.957075
4.42386 -0.284547 -0.958662
4.42938 -0.279243 -0.960221
4.43491 -0.273931 -0.96175
4.44044 -0.26861 -0.963249
4.44597 -0.263281 -0.96472
4.4515 -0.257944 -0.96616
4.45702 -0.252599 -0.967571
4.46255 -0.247246 -0.968953
4.46808 -0.241886 -0.970305
4.47361 -0.236518 -0.971627
4.47914 -0.231143 -0.97292
4.48466 -0.225762 -0.974183
4.49019 -0.220373 -0.975416
4.49572 -0.214977 -0.976619
4.50125 -0.209575 -0.977793
4.50678 -0.204167 -0.978936
4.5123 -0.198752 -0.98005
4.51783 -0.193331 -0.981134
4.52336 -0.187904 -0.982188
4.52889 -0.182472 -0.983211
4.53442 -0.177034 -0.984205
4.53995 -0.17159 -0.985169
4.54547 -0.166141 -0.986102
4.551 -0.160688 -0.987005
4.55653 -0.155229 -0.987879
4.56206 -0.149766 -0.988722
4.56759 -0.144298 -0.989534
4.57311 -0.138825 -0.990317
4.57864 -0.133348 -0.991069
4.58417 -0.127868 -0.991791
4.5897 -0.122383 -0.992483
4.59523 -0.116895 -0.993144
4.60075 -0.111403 -0.993775
4.60628 -0.105907 -0.994376
4.61181 -0.100409 -0.994946
4.61734 -0.094907 -0.995486
4.62287 -0.0894025 -0.995996
4.6284 -0.0838951 -0.996475
4.63392 -0.0783853 -0.996923
4.63945 -0.072873 -0.997341
4.64498 -0.0673585 -0.997729
4.65051 -0.061842 -0.998086
4.65604 -0.0563235 -0.998413
4.66156 -0.0508034 -0.998709
4.66709 -0.0452816 -0.998974
4.67262 -0.0397585 -0.999209
4.67815 -0.0342342 -0.999414
4.68368 -0.0287089 -0.999588
4.6892 -0.0231826 -0.999731
4.69473 -0.0176557 -0.999844
4.70026 -0.0121282 -0.999926
4.70579 -0.00660035 -0.999978
4.71132 -0.00107229 -0.999999
4.71684 0.0044558 -0.99999
4.72237 0.00998375 -0.99995
4.7279 0.0155114 -0.99988
4.73343 0.0210386 -0.999779
4.73896 0.0265651 -0.999647
4.74449 0.0320908 -0.999485
4.75001 0.0376156 -0.999292
4.75554 0.0431392 -0.999069
4.76107 0.0486614 -0.998815
4.7666 0.0541822 -0.998531
4.77213 0.0597013 -0.998216
4.77765 0.0652186 -0.997871
4.78318 0.0707339 -0.997495
4.78871 0.0762471 -0.997089
4.79424 0.0817579 -0.996652
4.79977 0.0872662 -0.996185
4.80529 0.0927719 -0.995687
4.81082 0.0982747 -0.995159
4.81635 0.103775 -0.994601
4.82188 0.109271 -0.994012
4.82741 0.114764 -0.993393
4.83293 0.120254 -0.992743
4.83846 0.12574 -0.992063
4.84399 0.131223 -0.991353
4.84952 0.136701 -0.990612
4.85505 0.142175 -0.989841
4.86058 0.147645 -0.98904
4.8661 0.15311 -0.988209
4.87163 0.158571 -0.987347
4.87716 0.164026 -0.986456
4.88269 0.169477 -0.985534
4.88822 0.174922 -0.984582
4.89374 0.180363 -0.9836
4.89927 0.185797 -0.982588
4.9048 0.191226 -0.981546
4.91033 0.196649 -0.980474
4.91586 0.202067 -0.979372
4.92138 0.207478 -0.97824
4.92691 0.212882 -0.977078
4.93244 0.21828 -0.975886
4.93797 0.223672 -0.974664
4.9435 0.229056 -0.973413
4.94903 0.234434 -0.972132
4.95455 0.239804 -0.970821
4.96008 0.245167 -0.969481
4.96561 0.250523 -0.96811
4.97114 0.255871 -0.966711
4.97667 0.261211 -0.965281
4.98219 0.266543 -0.963823
4.98772 0.271867 -0.962334
4.99325 0.277183 -0.960817
4.99878 0.28249 -0.95927
5.00431 0.287789 -0.957694
5.00983 0.293079 -0.956088
5.01536 0.298359 -0.954453
5.02089 0.303631 -0.952789
5.02642 0.308894 -0.951096
5.03195 0.314147 -0.949374
5.03747 0.31939 -0.947623
5.043 0.324624 -0.945843
5.04853 0.329847 -0.944034
5.05406 0.335061 -0.942196
5.05959 0.340265 -0.940329
5.06512 0.345458 -0.938434
5.07064 0.35064 -0.93651
5.07617 0.355812 -0.934557
5.0817 0.360973 -0.932576
5.08723 0.366122 -0.930566
5.09276 0.371261 -0.928528
5.09828 0.376388 -0.926462
5.10381 0.381504 -0.924367
5.10934 0.386608 -0.922244
5.11487 0.391701 -0.920092
5.1204 0.396781 -0.917913
5.12592 0.401849 -0.915705
5.13145 0.406905 -0.91347
5.13698 0.411949 -0.911207
5.14251 0.41698 -0.908915
5.14804 0.421998 -0.906596
5.15357 0.427003 -0.90425
5.15909 0.431995 -0.901875
5.16462 0.436974 -0.899473
5.17015 0.44194 -0.897044
5.17568 0.446892 -0.894587
5.18121 0.451831 -0.892103
5.18673 0.456755 -0.889592
5.19226 0.461666 -0.887053
5.19779 0.466563 -0.884488
5.20332 0.471445 -0.881895
5.20885 0.476313 -0.879275
5.21437 0.481167 -0.876629
5.2199 0.486005 -0.873955
5.22543 0.490829 -0.871255
5.23096 0.495638 -0.868529
5.23649 0.500432 -0.865775
5.24201 0.50521 -0.862996
5.24754 0.509973 -0.86019
5.25307 0.514721 -0.857357
5.2586 0.519452 -0.854499
5.26413 0.524168 -0.851614
5.26966 0.528868 -0.848704
5.27518 0.533551 -0.845767
5.28071 0.538219 -0.842805
5.28624 0.54287 -0.839816
5.29177 0.547504 -0.836802
5.2973 0.552121 -0.833763
5.30282 0.556722 -0.830698
5.30835 0.561306 -0.827608
5.31388 0.565872 -0.824492
5.31941 0.570421 -0.821351
5.32494 0.574953 -0.818186
5.33046 0.579467 -0.814995
5.33599 0.583964 -0.811779
5.34152 0.588443 -0.808538
5.34705 0.592903 -0.805273
5.35258 0.597346 -0.801983
5.35811 0.60177 -0.798669
5.36363 0.606176 -0.79533
5.36916 0.610563 -0.791967
5.37469 0.614932 -0.788579
5.38022 0.619282 -0.785168
5.38575 0.623613 -0.781732
5.39127 0.627925 -0.778273
5.3968 0.632218 -0.77479
5.40233 0.636491 -0.771283
5.40786 0.640745 -0.767753
5.41339 0.64498 -0.764199
5.41891 0.649194 -0.760622
5.42444 0.653389 -0.757021
5.42997 0.657564 -0.753398
5.4355 0.661719 -0.749751
5.44103 0.665853 -0.746082
5.44655 0.669968 -0.742389
5.45208 0.674061 -0.738674
5.45761 0.678135 -0.734937
5.46314 0.682187 -0.731177
5.46867 0.686219 -0.727395
5.4742 0.690229 -0.72359
5.47972 0.694219 -0.719763
5.48525 0.698187 -0.715915
5.49078 0.702134 -0.712044
5.49631 0.706059 -0.708152
5.50184 0.709963 -0.704238
5.50736 0.713846 -0.700302
5.51289 0.717706 -0.696345
5.51842 0.721544 -0.692367
5.52395 0.725361 -0.688368
5.52948 0.729155 -0.684347
5.535 0.732927 -0.680306
5.54053 0.736677 -0.676244
5.54606 0.740404 -0.672161
5.55159 0.744108 -0.668058
5.55712 0.74779 -0.663934
5.56264 0.751449 -0.65979
5.56817 0.755085 -0.655626
5.5737 0.758697 -0.651442
5.57923 0.762287 -0.647238
5.58476 0.765853 -0.643014
5.59029 0.769396 -0.63877
5.59581 0.772916 -0.634507
5.60134 0.776412 -0.630225
5.60687 0.779884 -0.625923
5.6124 0.783332 -0.621602
5.61793 0.786756 -0.617263
5.62345 0.790156 -0.612904
5.62898 0.793533 -0.608527
5.63451 0.796884 -0.604131
5.64004 0.800212 -0.599716
5.64557 0.803515 -0.595283
5.65109 0.806793 -0.590832
5.65662 0.810047 -0.586363
5.66215 0.813276 -0.581876
5.66768 0.816481 -0.577372
5.67321 0.81966 -0.572849
5.67874 0.822814 -0.568309
5.68426 0.825943 -0.563752
5.68979 0.829047 -0.559177
5.69532 0.832125 -0.554586
5.70085 0.835179 -0.549977
5.70638 0.838206 -0.545352
5.7119 0.841208 -0.54071
5.71743 0.844184 -0.536051
5.72296 0.847135 -0.531377
5.72849 0.850059 -0.526685
5.73402 0.852958 -0.521978
5.73954 0.85583 -0.517255
5.74507 0.858677 -0.512516
5.7506 0.861497 -0.507761
5.75613 0.864291 -0.502991
5.76166 0.867058 -0.498206
5.76718 0.869799 -0.493405
5.77271 0.872513 -0.488589
5.77824 0.875201 -0.483758
5.78377 0.877862 -0.478913
5.7893 0.880496 -0.474052
5.79483 0.883103 -0.469178
5.80035 0.885683 -0.464289
5.80588 0.888236 -0.459385
5.81141 0.890762 -0.454468
5.81694 0.893261 -0.449537
5.82247 0.895732 -0.444592
5.82799 0.898176 -0.439634
5.83352 0.900593 -0.434662
5.83905 0.902982 -0.429677
5.84458 0.905343 -0.424678
5.85011 0.907677 -0.419667
5.85563 0.909983 -0.414643
5.86116 0.912262 -0.409606
5.86669 0.914512 -0.404557
5.87222 0.916734 -0.399495
5.87775 0.918929 -0.394421
5.88328 0.921095 -0.389335
5.8888 0.923233 -0.384237
5.89433 0.925343 -0.379128
5.89986 0.927425 -0.374007
5.90539 0.929478 -0.368874
5.91092 0.931503 -0.36373
5.91644 0.9335 -0.358575
5.92197 0.935468 -0.353409
5.9275 0.937407 -0.348233
5.93303 0.939318 -0.343045
5.93856 0.9412 -0.337847
5.94408 0.943053 -0.332639
5.94961 0.944878 -0.327421
5.95514 0.946673 -0.322192
5.96067 0.94844 -0.316954
5.9662 0.950178 -0.311706
5.97172 0.951886 -0.306449
5.97725 0.953566 -0.301182
5.98278 0.955216 -0.295906
5.98831 0.956837 -0.290621
5.99384 0.958429 -0.285327
5.99937 0.959992 -0.280025
6.00489 0.961525 -0.274713
6.01042 0.963029 -0.269394
6.01595 0.964504 -0.264066
6.02148 0.965949 -0.25873
6.02701 0.967364 -0.253386
6.03253 0.96875 -0.248035
6.03806 0.970107 -0.242676
6.04359 0.971433 -0.237309
6.04912 0.97273 -0.231935
6.05465 0.973998 -0.226554
6.06017 0.975235 -0.221167
6.0657 0.976443 -0.215772
6.07123 0.977621 -0.210371
6.07676 0.978769 -0.204963
6.08229 0.979887 -0.199549
6.08782 0.980975 -0.19413
6.09334 0.982033 -0.188704
6.09887 0.983061 -0.183272
6.1044 0.984059 -0.177835
6.10993 0.985027 -0.172392
6.11546 0.985965 -0.166944
6.12098 0.986873 -0.161491
6.12651 0.987751 -0.156033
6.13204 0.988598 -0.15057
6.13757 0.989416 -0.145103
6.1431 0.990203 -0.139631
6.14862 0.990959 -0.134155
6.15415 0.991686 -0.128675
6.15968 0.992382 -0.123191
6.16521 0.993048 -0.117703
6.17074 0.993683 -0.112212
6.17626 0.994288 -0.106717
6.18179 0.994863 -0.101219
6.18732 0.995408 -0.0957174
6.19285 0.995921 -0.0902133
6.19838 0.996405 -0.0847064
6.20391 0.996858 -0.0791969
6.20943 0.997281 -0.0736849
6.21496 0.997673 -0.0681708
6.22049 0.998034 -0.0626545
6.22602 0.998365 -0.0571363
6.23155 0.998666 -0.0516164
6.23707 0.998936 -0.0460949
6.2426 0.999176 -0.040572
6.24813 0.999385 -0.0350479
6.25366 0.999563 -0.0295227
6.25919 0.999711 -0.0239966
6.26471 0.999828 -0.0184697
6.27024 0.999915 -0.0129423
6.27577 0.999972 -0.0074145
6.2813 0.999997 -0.00188646
6.28683 0.999992 0.00364163
6.29236 0.999957 0.00916961
6.29788 0.999891 0.0146973
6.30341 0.999794 0.0202246
6.30894 0.999667 0.0257512
6.31447 0.99951 0.031277
6.32 0.999322 0.0368019
6.32552 0.999103 0.0423257
6.33105 0.998854 0.0478482
6.33658 0.998574 0.0533692
6.34211 0.998264 0.0588886
6.34764 0.997923 0.0644061
6.35316 0.997551 0.0699218
6.35869 0.99715 0.0754352
6.36422 0.996717 0.0809464
6.36975 0.996255 0.0864551
6.37528 0.995762 0.0919611
6.3808 0.995238 0.0974644
6.38633 0.994684 0.102965
6.39186 0.9941 0.108462
6.39739 0.993485 0.113956
6.40292 0.99284 0.119446
6.40845 0.992164 0.124933
6.41397 0.991458 0.130415
6.4195 0.990722 0.135894
6.42503 0.989956 0.141369
6.43056 0.989159 0.146839
6.43609 0.988332 0.152305
6.44161 0.987475 0.157767
6.44714 0.986588 0.163223
6.45267 0.985671 0.168674
6.4582 0.984723 0.174121
6.46373 0.983746 0.179562
6.46925 0.982738 0.184997
6.47478 0.9817 0.190427
6.48031 0.980633 0.195851
6.48584 0.979535 0.201269
6.49137 0.978407 0.206681
6.4969 0.97725 0.212086
6.50242 0.976063 0.217486
6.50795 0.974845 0.222878
6.51348 0.973598 0.228264
6.51901 0.972322 0.233642
6.52454 0.971015 0.239014
6.53006 0.969679 0.244378
6.53559 0.968313 0.249735
6.54112 0.966918 0.255084
6.54665 0.965493 0.260425
6.55218 0.964039 0.265758
6.5577 0.962555 0.271084
6.56323 0.961042 0.276401
6.56876 0.959499 0.281709
6.57429 0.957927 0.287009
6.57982 0.956326 0.2923
6.58534 0.954695 0.297582
6.59087 0.953036 0.302855
6.5964 0.951347 0.308119
6.60193 0.949629 0.313374
6.60746 0.947882 0.318618
6.61299 0.946106 0.323853
6.61851 0.944302 0.329079
6.62404 0.942468 0.334294
6.62957 0.940606 0.339499
6.6351 0.938714 0.344693
6.64063 0.936795 0.349877
6.64615 0.934846 0.355051
6.65168 0.932869 0.360213
6.65721 0.930864 0.365365
6.66274 0.92883 0.370505
6.66827 0.926767 0.375634
6.67379 0.924676 0.380751
6.67932 0.922558 0.385857
6.68485 0.92041 0.390951
6.69038 0.918235 0.396033
6.69591 0.916032 0.401103
6.70143 0.9138 0.406161
6.70696 0.911541 0.411207
6.71249 0.909254 0.416239
6.71802 0.906939 0.421259
6.72355 0.904597 0.426267
6.72908 0.902226 0.431261
6.7346 0.899828 0.436242
6.74013 0.897403 0.441209
6.74566 0.89495 0.446164
6.75119 0.89247 0.451104
6.75672 0.889963 0.456031
6.76224 0.887428 0.460944
6.76777 0.884867 0.465842
6.7733 0.882278 0.470727
6.77883 0.879662 0.475597
6.78436 0.87702 0.480453
6.78988 0.87435 0.485294
6.79541 0.871654 0.49012
6.80094 0.868931 0.494931
6.80647 0.866182 0.499727
6.812 0.863406 0.504507
6.81753 0.860604 0.509273
6.82305 0.857776 0.514022
6.82858 0.854921 0.518756
6.83411 0.85204 0.523474
6.83964 0.849134 0.528177
6.84517 0.846201 0.532863
6.85069 0.843242 0.537532
6.85622 0.840258 0.542186
6.86175 0.837248 0.546822
6.86728 0.834212 0.551442
6.87281 0.831151 0.556046
6.87833 0.828064 0.560632
6.88386 0.824952 0.565201
6.88939 0.821815 0.569753
6.89492 0.818653 0.574287
6.90045 0.815466 0.578804
6.90597 0.812254 0.583303
6.9115 0.809017 0.587784
6.91703 0.805755 0.592247
6.92256 0.802469 0.596693
6.92809 0.799158 0.60112
6.93362 0.795823 0.605528
6.93914 0.792463 0.609918
6.94467 0.789079 0.61429
6.9502 0.785672 0.618643
6.95573 0.78224 0.622976
6.96126 0.778784 0.627291
6.96678 0.775304 0.631587
6.97231 0.771801 0.635863
6.97784 0.768274 0.64012
6.98337 0.764724 0.644357
6.9889 0.76115 0.648575
6.99442 0.757553 0.652773
6.99995 0.753933 0.65695
7.00548 0.75029 0.661108
7.01101 0.746623 0.665246
7.01654 0.742935 0.669363
7.02207 0.739223 0.67346
7.02759 0.735489 0.677536
7.03312 0.731732 0.681591
7.03865 0.727953 0.685626
7.04418 0.724152 0.68964
7.04971 0.720328 0.693632
7.05523 0.716483 0.697604
7.06076 0.712615 0.701554
7.06629 0.708726 0.705483
7.07182 0.704815 0.70939
7.07735 0.700883 0.713275
7.08287 0.696929 0.717139
7.0884 0.692954 0.720981
7.09393 0.688958 0.7248
7.09946 0.684941 0.728598
7.10499 0.680903 0.732373
7.11051 0.676844 0.736126
7.11604 0.672764 0.739856
7.12157 0.668664 0.743564
7.1271 0.664543 0.747249
7.13263 0.660402 0.750911
7.13816 0.656241 0.754551
7.14368 0.652059 0.758167
7.14921 0.647858 0.76176
7.15474 0.643637 0.76533
7.16027 0.639397 0.768876
7.1658 0.635136 0.772399
7.17132 0.630857 0.775898
7.17685 0.626558 0.779374
7.18238 0.62224 0.782826
7.18791 0.617903 0.786254
7.19344 0.613547 0.789657
7.19896 0.609172 0.793037
7.20449 0.604779 0.796392
7.21002 0.600367 0.799724
7.21555 0.595937 0.80303
7.22108 0.591489 0.806312
7.22661 0.587023 0.80957
7.23213 0.582538 0.812803
7.23766 0.578036 0.81601
7.24319 0.573516 0.819193
7.24872 0.568979 0.822351
7.25425 0.564424 0.825484
7.25977 0.559852 0.828592
7.2653 0.555263 0.831674
7.27083 0.550657 0.834731
7.27636 0.546034 0.837762
7.28189 0.541395 0.840768
7.28741 0.536739 0.843748
7.29294 0.532066 0.846702
7.29847 0.527377 0.849631
7.304 0.522673 0.852533
7.30953 0.517952 0.855409
7.31505 0.513215 0.858259
7.32058 0.508463 0.861083
7.32611 0.503695 0.863881
7.33164 0.498911 0.866652
7.33717 0.494113 0.869397
7.3427 0.489299 0.872115
7.34822 0.484471 0.874807
7.35375 0.479627 0.877472
7.35928 0.474769 0.88011
7.36481 0.469897 0.882721
7.37034 0.46501 0.885305
7.37586 0.460109 0.887862
7.38139 0.455193 0.890392
7.38692 0.450264 0.892895
7.39245 0.445321 0.89537
7.39798 0.440365 0.897818
7.4035 0.435395 0.900239
7.40903 0.430412 0.902632
7.41456 0.425415 0.904998
7.42009 0.420406 0.907336
7.42562 0.415384 0.909646
7.43114 0.410349 0.911928
7.43667 0.405301 0.914183
7.4422 0.400241 0.916409
7.44773 0.395169 0.918608
7.45326 0.390085 0.920778
7.45879 0.384989 0.922921
7.46431 0.379881 0.925035
7.46984 0.374762 0.927121
7.47537 0.369631 0.929178
7.4809 0.364489 0.931207
7.48643 0.359335 0.933208
7.49195 0.354171 0.93518
7.49748 0.348996 0.937124
7.50301 0.34381 0.939039
7.50854 0.338614 0.940925
7.51407 0.333407 0.942783
7.51959 0.32819 0.944611
7.52512 0.322963 0.946411
7.53065 0.317726 0.948182
7.53618 0.31248 0.949924
7.54171 0.307224 0.951637
7.54724 0.301958 0.953321
7.55276 0.296684 0.954975
7.55829 0.2914 0.956601
7.56382 0.286107 0.958197
7.56935 0.280806 0.959764
7.57488 0.275496 0.961302
7.5804 0.270178 0.96281
7.58593 0.264851 0.964289
7.59146 0.259517 0.965738
7.59699 0.254174 0.967158
7.60252 0.248823 0.968549
7.60804 0.243465 0.969909
7.61357 0.2381 0.97124
7.6191 0.232727 0.972542
7.62463 0.227347 0.973813
7.63016 0.221961 0.975055
7.63568 0.216567 0.976268
7.64121 0.211167 0.97745
7.64674 0.20576 0.978602
7.65227 0.200347 0.979725
7.6578 0.194928 0.980817
7.66333 0.189503 0.98188
7.66885 0.184072 0.982912
7.67438 0.178636 0.983915
7.67991 0.173194 0.984888
7.68544 0.167747 0.98583
7.69097 0.162295 0.986742
7.69649 0.156837 0.987624
7.70202 0.151375 0.988476
7.70755 0.145909 0.989298
7.71308 0.140437 0.990089
7.71861 0.134962 0.990851
7.72413 0.129482 0.991582
7.72966 0.123999 0.992282
7.73519 0.118512 0.992953
7.74072 0.113021 0.993593
7.74625 0.107526 0.994202
7.75178 0.102029 0.994781
7.7573 0.0965279 0.99533
7.76283 0.0910242 0.995849
7.76836 0.0855176 0.996337
7.77389 0.0800085 0.996794
7.77942 0.0744969 0.997221
7.78494 0.0689831 0.997618
7.79047 0.0634671 0.997984
7.796 0.0579492 0.998319
7.80153 0.0524296 0.998625
7.80706 0.0469083 0.998899
7.81258 0.0413856 0.999143
7.81811 0.0358616 0.999357
7.82364 0.0303365 0.99954
7.82917 0.0248105 0.999692
7.8347 0.0192838 0.999814
7.84022 0.0137564 0.999905
7.84575 0.00822867 0.999966
7.85128 0.00270066 0.999996
7.85681 -0.00282744 0.999996
7.86234 -0.00835545 0.999965
7.86787 -0.0138832 0.999904
7.87339 -0.0194105 0.999812
7.87892 -0.0249373 0.999689
7.88445 -0.0304633 0.999536
7.88998 -0.0359883 0.999352
7.89551 -0.0415122 0.999138
7.90103 -0.0470349 0.998893
7.90656 -0.0525562 0.998618
7.91209 -0.0580758 0.998312
7.91762 -0.0635937 0.997976
7.92315 -0.0691096 0.997609
7.92867 -0.0746234 0.997212
7.9342 -0.0801349 0.996784
7.93973 -0.085644 0.996326
7.94526 -0.0911504 0.995837
7.95079 -0.0966541 0.995318
7.95631 -0.102155 0.994769
7.96184 -0.107652 0.994189
7.96737 -0.113147 0.993578
7.9729 -0.118638 0.992938
7.97843 -0.124125 0.992267
7.98396 -0.129608 0.991565
7.98948 -0.135088 0.990834
7.99501 -0.140563 0.990072
8.00054 -0.146034 0.98928
8.00607 -0.151501 0.988457
8.0116 -0.156963 0.987605
8.01712 -0.16242 0.986722
8.02265 -0.167872 0.985809
8.02818 -0.173319 0.984866
8.03371 -0.178761 0.983893
8.03924 -0.184197 0.98289
8.04476 -0.189628 0.981856
8.05029 -0.195053 0.980793
8.05582 -0.200472 0.9797
8.06135 -0.205884 0.978577
8.06688 -0.211291 0.977423
8.07241 -0.216691 0.97624
8.07793 -0.222084 0.975028
8.08346 -0.227471 0.973785
8.08899 -0.232851 0.972513
8.09452 -0.238223 0.971211
8.10005 -0.243589 0.969879
8.10557 -0.248946 0.968518
8.1111 -0.254297 0.967127
8.11663 -0.259639 0.965706
8.12216 -0.264974 0.964256
8.12769 -0.2703 0.962776
8.13321 -0.275618 0.961267
8.13874 -0.280928 0.959729
8.14427 -0.286229 0.958162
8.1498 -0.291522 0.956565
8.15533 -0.296805 0.954938
8.16085 -0.302079 0.953283
8.16638 -0.307345 0.951599
8.17191 -0.312601 0.949885
8.17744 -0.317847 0.948142
8.18297 -0.323083 0.946371
8.1885 -0.32831 0.94457
8.19402 -0.333527 0.942741
8.19955 -0.338733 0.940883
8.20508 -0.343929 0.938996
8.21061 -0.349115 0.93708
8.21614 -0.35429 0.935136
8.22166 -0.359454 0.933163
8.22719 -0.364607 0.931162
8.23272 -0.369749 0.929132
8.23825 -0.37488 0.927074
8.24378 -0.379999 0.924987
8.2493 -0.385106 0.922873
8.25483 -0.390202 0.92073
8.26036 -0.395286 0.918559
8.26589 -0.400358 0.916359
8.27142 -0.405417 0.914132
8.27695 -0.410465 0.911877
8.28247 -0.415499 0.909594
8.288 -0.420521 0.907283
8.29353 -0.42553 0.904945
8.29906 -0.430526 0.902578
8.30459 -0.435509 0.900185
8.31011 -0.440479 0.897763
8.31564 -0.445435 0.895315
8.32117 -0.450378 0.892839
8.3267 -0.455307 0.890335
8.33223 -0.460221 0.887805
8.33775 -0.465122 0.885247
8.34328 -0.470009 0.882662
8.34881 -0.474881 0.88005
8.35434 -0.479739 0.877412
8.35987 -0.484582 0.874746
8.36539 -0.48941 0.872054
8.37092 -0.494224 0.869335
8.37645 -0.499022 0.86659
8.38198 -0.503805 0.863818
8.38751 -0.508572 0.86102
8.39304 -0.513324 0.858195
8.39856 -0.518061 0.855345
8.40409 -0.522781 0.852468
8.40962 -0.527486 0.849565
8.41515 -0.532174 0.846636
8.42068 -0.536846 0.843681
8.4262 -0.541502 0.8407
8.43173 -0.546141 0.837694
8.43726 -0.550764 0.834662
8.44279 -0.555369 0.831605
8.44832 -0.559958 0.828522
8.45384 -0.564529 0.825414
8.45937 -0.569084 0.82228
8.4649 -0.573621 0.819122
8.47043 -0.57814 0.815938
8.47596 -0.582642 0.81273
8.48148 -0.587126 0.809496
8.48701 -0.591592 0.806238
8.49254 -0.59604 0.802956
8.49807 -0.600469 0.799648
8.5036 -0.604881 0.796317
8.50913 -0.609274 0.792961
8.51465 -0.613648 0.789581
8.52018 -0.618003 0.786176
8.52571 -0.62234 0.782748
8.53124 -0.626658 0.779296
8.53677 -0.630956 0.775819
8.54229 -0.635235 0.77232
8.54782 -0.639495 0.768796
8.55335 -0.643735 0.765249
8.55888 -0.647956 0.761679
8.56441 -0.652156 0.758085
8.56993 -0.656337 0.754469
8.57546 -0.660498 0.750829
8.58099 -0.664638 0.747166
8.58652 -0.668759 0.743481
8.59205 -0.672858 0.739772
8.59758 -0.676938 0.736041
8.6031 -0.680996 0.732288
8.60863 -0.685034 0.728512
8.61416 -0.689051 0.724714
8.61969 -0.693046 0.720894
8.62522 -0.697021 0.717052
8.63074 -0.700974 0.713188
8.63627 -0.704906 0.709302
8.6418 -0.708816 0.705394
8.64733 -0.712705 0.701465
8.65286 -0.716572 0.697514
8.65838 -0.720417 0.693542
8.66391 -0.72424 0.689549
8.66944 -0.728041 0.685535
8.67497 -0.731819 0.6815
8.6805 -0.735575 0.677444
8.68602 -0.739309 0.673367
8.69155 -0.74302 0.66927
8.69708 -0.746709 0.665152
8.70261 -0.750374 0.661014
8.70814 -0.754017 0.656856
8.71367 -0.757637 0.652678
8.71919 -0.761233 0.648479
8.72472 -0.764806 0.644261
8.73025 -0.768356 0.640024
8.73578 -0.771883 0.635766
8.74131 -0.775385 0.63149
8.74683 -0.778864 0.627194
8.75236 -0.78232 0.622878
8.75789 -0.785751 0.618544
8.76342 -0.789158 0.614191
8.76895 -0.792542 0.609819
8.77447 -0.795901 0.605429
8.78 -0.799235 0.60102
8.78553 -0.802546 0.596592
8.79106 -0.805831 0.592146
8.79659 -0.809092 0.587683
8.80211 -0.812329 0.583201
8.80764 -0.81554 0.578701
8.81317 -0.818727 0.574184
8.8187 -0.821889 0.56965
8.82423 -0.825025 0.565097
8.82976 -0.828137 0.560528
8.83528 -0.831223 0.555941
8.84081 -0.834283 0.551338
8.84634 -0.837318 0.546717
8.85187 -0.840328 0.54208
8.8574 -0.843312 0.537427
8.86292 -0.84627 0.532757
8.86845 -0.849202 0.52807
8.87398 -0.852108 0.523368
8.87951 -0.854988 0.518649
8.88504 -0.857842 0.513915
8.89056 -0.86067 0.509165
8.89609 -0.863472 0.504399
8.90162 -0.866247 0.499618
8.90715 -0.868996 0.494822
8.91268 -0.871718 0.49001
8.91821 -0.874413 0.485184
8.92373 -0.877082 0.480343
8.92926 -0.879724 0.475487
8.93479 -0.882339 0.470616
8.94032 -0.884927 0.465731
8.94585 -0.887488 0.460832
8.95137 -0.890022 0.455919
8.9569 -0.892529 0.450992
8.96243 -0.895008 0.446051
8.96796 -0.897461 0.441097
8.97349 -0.899885 0.436129
8.97901 -0.902282 0.431148
8.98454 -0.904652 0.426153
8.99007 -0.906994 0.421146
8.9956 -0.909308 0.416125
9.00113 -0.911595 0.411092
9.00665 -0.913853 0.406046
9.01218 -0.916084 0.400988
9.01771 -0.918287 0.395918
9.02324 -0.920461 0.390836
9.02877 -0.922608 0.385741
9.0343 -0.924726 0.380635
9.03982 -0.926816 0.375517
9.04535 -0.928878 0.370388
9.05088 -0.930911 0.365248
9.05641 -0.932916 0.360096
9.06194 -0.934893 0.354933
9.06746 -0.93684 0.34976
9.07299 -0.93876 0.344575
9.07852 -0.94065 0.339381
9.08405 -0.942512 0.334175
9.08958 -0.944345 0.32896
9.0951 -0.946149 0.323735
9.10063 -0.947924 0.318499
9.10616 -0.94967 0.313254
9.11169 -0.951388 0.308
9.11722 -0.953076 0.302735
9.12274 -0.954735 0.297462
9.12827 -0.956364 0.29218
9.1338 -0.957965 0.286888
9.13933 -0.959536 0.281588
9.14486 -0.961078 0.27628
9.15039 -0.962591 0.270963
9.15591 -0.964074 0.265637
9.16144 -0.965528 0.260304
9.16697 -0.966952 0.254962
9.1725 -0.968347 0.249613
9.17803 -0.969712 0.244256
9.18355 -0.971047 0.238892
9.18908 -0.972353 0.23352
9.19461 -0.973629 0.228141
9.20014 -0.974875 0.222755
9.20567 -0.976092 0.217363
9.21119 -0.977279 0.211964
9.21672 -0.978435 0.206558
9.22225 -0.979562 0.201146
9.22778 -0.980659 0.195728
9.23331 -0.981726 0.190303
9.23884 -0.982763 0.184873
9.24436 -0.98377 0.179438
9.24989 -0.984747 0.173997
9.25542 -0.985694 0.16855
9.26095 -0.986611 0.163099
9.26648 -0.987497 0.157642
9.272 -0.988354 0.152181
9.27753 -0.98918 0.146715
9.28306 -0.989976 0.141244
9.28859 -0.990741 0.13577
9.29412 -0.991477 0.130291
9.29964 -0.992182 0.124808
9.30517 -0.992857 0.119321
9.3107 -0.993501 0.11383
9.31623 -0.994115 0.108337
9.32176 -0.994699 0.102839
9.32728 -0.995252 0.097339
9.33281 -0.995775 0.0918357
9.33834 -0.996268 0.0863296
9.34387 -0.99673 0.0808208
9.3494 -0.997161 0.0753096
9.35493 -0.997562 0.0697961
9.36045 -0.997933 0.0642804
9.36598 -0.998273 0.0587628
9.37151 -0.998583 0.0532434
9.37704 -0.998862 0.0477223
9.38257 -0.99911 0.0421998
9.38809 -0.999328 0.036676
9.39362 -0.999516 0.0311511
9.39915 -0.999673 0.0256252
9.40468 -0.999799 0.0200985
9.41021 -0.999895 0.0145713
9.41573 -0.99996 0.00904355
9.42126 -0.999995 0.00351556
9.42679 -0.999999 -0.00201254
9.43232 -0.999973 -0.00754058
9.43785 -0.999916 -0.0130684
9.44337 -0.999828 -0.0185958
9.4489 -0.99971 -0.0241226
9.45443 -0.999561 -0.0296487
9.45996 -0.999382 -0.0351739
9.46549 -0.999172 -0.0406981
9.47102 -0.998932 -0.0462209
9.47654 -0.998661 -0.0517424
9.48207 -0.99836 -0.0572623
9.4876 -0.998028 -0.0627804
9.49313 -0.997666 -0.0682966
9.49866 -0.997273 -0.0738108
9.50418 -0.99685 -0.0793226
9.50971 -0.996396 -0.0848321
9.51524 -0.995912 -0.0903389
9.52077 -0.995397 -0.095843
9.5263 -0.994852 -0.101344
9.53182 -0.994277 -0.106842
9.53735 -0.993671 -0.112337
9.54288 -0.993035 -0.117828
9.54841 -0.992368 -0.123316
9.55394 -0.991672 -0.1288
9.55946 -0.990944 -0.13428
9.56499 -0.990187 -0.139756
9.57052 -0.989399 -0.145228
9.57605 -0.988581 -0.150695
9.58158 -0.987733 -0.156158
9.58711 -0.986855 -0.161616
9.59263 -0.985946 -0.167069
9.59816 -0.985008 -0.172516
9.60369 -0.984039 -0.177959
9.60922 -0.98304 -0.183396
9.61475 -0.982011 -0.188828
9.62027 -0.980952 -0.194253
9.6258 -0.979864 -0.199673
9.63133 -0.978745 -0.205087
9.63686 -0.977596 -0.210494
9.64239 -0.976417 -0.215895
9.64791 -0.975209 -0.22129
9.65344 -0.973971 -0.226677
9.65897 -0.972703 -0.232058
9.6645 -0.971405 -0.237432
9.67003 -0.970078 -0.242798
9.67556 -0.968721 -0.248157
9.68108 -0.967334 -0.253509
9.68661 -0.965918 -0.258852
9.69214 -0.964472 -0.264188
9.69767 -0.962997 -0.269515
9.7032 -0.961492 -0.274835
9.70872 -0.959958 -0.280146
9.71425 -0.958395 -0.285448
9.71978 -0.956802 -0.290742
9.72531 -0.955181 -0.296027
9.73084 -0.95353 -0.301303
9.73636 -0.951849 -0.306569
9.74189 -0.95014 -0.311826
9.74742 -0.948402 -0.317074
9.75295 -0.946634 -0.322312
9.75848 -0.944838 -0.32754
9.764 -0.943013 -0.332758
9.76953 -0.941159 -0.337966
9.77506 -0.939277 -0.343164
9.78059 -0.937365 -0.348351
9.78612 -0.935425 -0.353528
9.79165 -0.933456 -0.358693
9.79717 -0.931459 -0.363848
9.8027 -0.929434 -0.368992
9.80823 -0.92738 -0.374124
9.81376 -0.925297 -0.379245
9.81929 -0.923187 -0.384354
9.82481 -0.921048 -0.389452
9.83034 -0.918881 -0.394537
9.83587 -0.916686 -0.399611
9.8414 -0.914463 -0.404672
9.84693 -0.912212 -0.409722
9.85245 -0.909933 -0.414758
9.85798 -0.907626 -0.419782
9.86351 -0.905292 -0.424793
9.86904 -0.902929 -0.429791
9.87457 -0.90054 -0.434776
9.88009 -0.898122 -0.439747
9.88562 -0.895678 -0.444706
9.89115 -0.893206 -0.44965
9.89668 -0.890706 -0.454581
9.90221 -0.88818 -0.459498
9.90774 -0.885626 -0.464401
9.91326 -0.883045 -0.46929
9.91879 -0.880438 -0.474164
9.92432 -0.877803 -0.479024
9.92985 -0.875141 -0.483869
9.93538 -0.872453 -0.488699
9.9409 -0.869738 -0.493515
9.94643 -0.866997 -0.498315
9.95196 -0.864229 -0.503101
9.95749 -0.861434 -0.50787
9.96302 -0.858614 -0.512625
9.96854 -0.855767 -0.517363
9.97407 -0.852894 -0.522086
9.9796 -0.849995 -0.526793
9.98513 -0.847069 -0.531484
9.99066 -0.844118 -0.536158
9.99619 -0.841142 -0.540817
10.0017 -0.838139 -0.545458
10.0072 -0.835111 -0.550083
10.0128 -0.832057 -0.554691
10.0183 -0.828978 -0.559283
10.0238 -0.825874 -0.563857
10.0294 -0.822744 -0.568414
10.0349 -0.819589 -0.572953
10.0404 -0.816409 -0.577475
10.0459 -0.813205 -0.581979
10.0515 -0.809975 -0.586466
10.057 -0.80672 -0.590935
10.0625 -0.803441 -0.595385
10.0681 -0.800138 -0.599818
10.0736 -0.79681 -0.604232
10.0791 -0.793457 -0.608627
10.0846 -0.790081 -0.613004
10.0902 -0.78668 -0.617362
10.0957 -0.783255 -0.621702
10.1012 -0.779806 -0.626022
10.1067 -0.776334 -0.630323
10.1123 -0.772837 -0.634605
10.1178 -0.769317 -0.638868
10.1233 -0.765774 -0.643111
10.1289 -0.762207 -0.647335
10.1344 -0.758617 -0.651538
10.1399 -0.755003 -0.655722
10.1454 -0.751367 -0.659886
10.151 -0.747708 -0.664029
10.1565 -0.744025 -0.668152
10.162 -0.74032 -0.672255
10.1676 -0.736593 -0.676338
10.1731 -0.732843 -0.680399
10.1786 -0.72907 -0.68444
10.1841 -0.725275 -0.68846
10.1897 -0.721459 -0.692459
10.1952 -0.71762 -0.696436
10.2007 -0.713759 -0.700393
10.2063 -0.709876 -0.704328
10.2118 -0.705971 -0.708241
10.2173 -0.702045 -0.712133
10.2228 -0.698098 -0.716003
10.2284 -0.694129 -0.719851
10.2339 -0.690139 -0.723678
10.2394 -0.686128 -0.727482
10.2449 -0.682096 -0.731264
10.2505 -0.678043 -0.735023
10.256 -0.67397 -0.73876
10.2615 -0.669875 -0.742475
10.2671 -0.665761 -0.746166
10.2726 -0.661626 -0.749835
10.2781 -0.65747 -0.753481
10.2836 -0.653295 -0.757104
10.2892 -0.6491 -0.760704
10.2947 -0.644884 -0.764281
10.3002 -0.64065 -0.767834
10.3058 -0.636395 -0.771364
10.3113 -0.632121 -0.77487
10.3168 -0.627828 -0.778353
10.3223 -0.623516 -0.781812
10.3279 -0.619184 -0.785246
10.3334 -0.614834 -0.788657
10.3389 -0.610465 -0.792044
10.3445 -0.606077 -0.795407
10.35 -0.601671 -0.798745
10.3555 -0.597246 -0.802059
10.361 -0.592803 -0.805348
10.3666 -0.588342 -0.808613
10.3721 -0.583863 -0.811853
10.3776 -0.579366 -0.815068
10.3832 -0.574851 -0.818259
10.3887 -0.570319 -0.821424
10.3942 -0.565769 -0.824564
10.3997 -0.561203 -0.827679
10.4053 -0.556619 -0.830769
10.4108 -0.552017 -0.833833
10.4163 -0.5474 -0.836872
10.4218 -0.542765 -0.839885
10.4274 -0.538114 -0.842873
10.4329 -0.533446 -0.845835
10.4384 -0.528762 -0.848771
10.444 -0.524062 -0.851681
10.4495 -0.519346 -0.854565
10.455 -0.514614 -0.857423
10.4605 -0.509866 -0.860255
10.4661 -0.505102 -0.86306
10.4716 -0.500324 -0.865839
10.4771 -0.49553 -0.868592
10.4827 -0.49072 -0.871318
10.4882 -0.485896 -0.874017
10.4937 -0.481057 -0.87669
10.4992 -0.476203 -0.879336
10.5048 -0.471335 -0.881955
10.5103 -0.466452 -0.884547
10.5158 -0.461555 -0.887112
10.5214 -0.456644 -0.88965
10.5269 -0.451719 -0.892161
10.5324 -0.44678 -0.894644
10.5379 -0.441828 -0.8971
10.5435 -0.436862 -0.899529
10.549 -0.431883 -0.90193
10.5545 -0.42689 -0.904304
10.5601 -0.421884 -0.90665
10.5656 -0.416866 -0.908968
10.5711 -0.411835 -0.911259
10.5766 -0.406791 -0.913522
10.5822 -0.401735 -0.915757
10.5877 -0.396666 -0.917963
10.5932 -0.391586 -0.920142
10.5987 -0.386493 -0.922293
10.6043 -0.381389 -0.924415
10.6098 -0.376273 -0.926509
10.6153 -0.371145 -0.928575
10.6209 -0.366006 -0.930613
10.6264 -0.360856 -0.932622
10.6319 -0.355695 -0.934603
10.6374 -0.350523 -0.936555
10.643 -0.34534 -0.938478
10.6485 -0.340147 -0.940373
10.654 -0.334943 -0.942239
10.6596 -0.329729 -0.944076
10.6651 -0.324505 -0.945884
10.6706 -0.319272 -0.947664
10.6761 -0.314028 -0.949414
10.6817 -0.308775 -0.951136
10.6872 -0.303512 -0.952828
10.6927 -0.29824 -0.954491
10.6983 -0.292959 -0.956125
10.7038 -0.287669 -0.95773
10.7093 -0.28237 -0.959306
10.7148 -0.277063 -0.960852
10.7204 -0.271747 -0.962369
10.7259 -0.266423 -0.963857
10.7314 -0.26109 -0.965315
10.737 -0.25575 -0.966743
10.7425 -0.250402 -0.968142
10.748 -0.245046 -0.969512
10.7535 -0.239683 -0.970852
10.7591 -0.234312 -0.972162
10.7646 -0.228934 -0.973442
10.7701 -0.22355 -0.974693
10.7756 -0.218158 -0.975914
10.7812 -0.21276 -0.977105
10.7867 -0.207355 -0.978266
10.7922 -0.201944 -0.979397
10.7978 -0.196527 -0.980499
10.8033 -0.191103 -0.98157
10.8088 -0.185674 -0.982612
10.8143 -0.180239 -0.983623
10.8199 -0.174799 -0.984604
10.8254 -0.169354 -0.985556
10.8309 -0.163903 -0.986477
10.8365 -0.158447 -0.987368
10.842 -0.152986 -0.988228
10.8475 -0.147521 -0.989059
10.853 -0.142051 -0.989859
10.8586 -0.136577 -0.99063
10.8641 -0.131098 -0.991369
10.8696 -0.125616 -0.992079
10.8752 -0.12013 -0.992758
10.8807 -0.11464 -0.993407
10.8862 -0.109147 -0.994026
10.8917 -0.10365 -0.994614
10.8973 -0.09815 -0.995172
10.9028 -0.0926471 -0.995699
10.9083 -0.0871414 -0.996196
10.9139 -0.081633 -0.996663
10.9194 -0.0761222 -0.997099
10.9249 -0.070609 -0.997504
10.9304 -0.0650936 -0.997879
10.936 -0.0595763 -0.998224
10.9415 -0.0540571 -0.998538
10.947 -0.0485363 -0.998821
10.9525 -0.043014 -0.999075
10.9581 -0.0374903 -0.999297
10.9636 -0.0319656 -0.999489
10.9691 -0.0264398 -0.99965
10.9747 -0.0209133 -0.999781
10.9802 -0.0153861 -0.999882
10.9857 -0.00985845 -0.999951
10.9912 -0.00433049 -0.999991
10.9968 0.0011976 -0.999999
11.0023 0.00672566 -0.999977
11.0078 0.0122535 -0.999925
11.0134 0.017781 -0.999842
11.0189 0.0233079 -0.999728
11.0244 0.0288341 -0.999584
11.0299 0.0343595 -0.99941
11.0355 0.0398838 -0.999204
11.041 0.0454068 -0.998969
11.0465 0.0509285 -0.998702
11.0521 0.0564486 -0.998405
11.0576 0.061967 -0.998078
11.0631 0.0674835 -0.99772
11.0686 0.072998 -0.997332
11.0742 0.0785102 -0.996913
11.0797 0.08402 -0.996464
11.0852 0.0895272 -0.995984
11.0907 0.0950317 -0.995474
11.0963 0.100533 -0.994934
11.1018 0.106032 -0.994363
11.1073 0.111527 -0.993761
11.1129 0.117019 -0.99313
11.1184 0.122507 -0.992467
11.1239 0.127992 -0.991775
11.1294 0.133473 -0.991052
11.135 0.138949 -0.990299
11.1405 0.144421 -0.989516
11.146 0.149889 -0.988703
11.1516 0.155353 -0.987859
11.1571 0.160811 -0.986985
11.1626 0.166265 -0.986081
11.1681 0.171714 -0.985147
11.1737 0.177157 -0.984182
11.1792 0.182595 -0.983188
11.1847 0.188027 -0.982164
11.1903 0.193454 -0.981109
11.1958 0.198874 -0.980025
11.2013 0.204289 -0.97891
11.2068 0.209697 -0.977766
11.2124 0.215099 -0.976592
11.2179 0.220495 -0.975388
11.2234 0.225883 -0.974154
11.229 0.231265 -0.972891
11.2345 0.23664 -0.971597
11.24 0.242007 -0.970274
11.2455 0.247367 -0.968922
11.2511 0.25272 -0.967539
11.2566 0.258065 -0.966127
11.2621 0.263402 -0.964686
11.2676 0.26873 -0.963215
11.2732 0.274051 -0.961715
11.2787 0.279363 -0.960185
11.2842 0.284667 -0.958626
11.2898 0.289962 -0.957038
11.2953 0.295248 -0.95542
11.3008 0.300525 -0.953774
11.3063 0.305793 -0.952098
11.3119 0.311052 -0.950393
11.3174 0.316301 -0.948659
11.3229 0.32154 -0.946896
11.3285 0.32677 -0.945104
11.334 0.331989 -0.943283
11.3395 0.337199 -0.941433
11.345 0.342398 -0.939555
11.3506 0.347587 -0.937647
11.3561 0.352765 -0.935712
11.3616 0.357932 -0.933747
11.3672 0.363089 -0.931754
11.3727 0.368234 -0.929733
11.3782 0.373368 -0.927683
11.3837 0.37849 -0.925605
11.3893 0.383601 -0.923498
11.3948 0.388701 -0.921364
11.4003 0.393788 -0.919201
11.4059 0.398864 -0.91701
11.4114 0.403927 -0.914791
11.4169 0.408978 -0.912544
11.4224 0.414016 -0.910269
11.428 0.419042 -0.907967
11.4335 0.424055 -0.905636
11.439 0.429055 -0.903278
11.4445 0.434041 -0.900892
11.4501 0.439015 -0.898479
11.4556 0.443975 -0.896039
11.4611 0.448922 -0.893571
11.4667 0.453855 -0.891075
11.4722 0.458774 -0.888553
11.4777 0.463678 -0.886003
11.4832 0.468569 -0.883426
11.4888 0.473446 -0.880822
11.4943 0.478308 -0.878192
11.4998 0.483155 -0.875534
11.5054 0.487988 -0.87285
11.5109 0.492806 -0.870139
11.5164 0.497608 -0.867401
11.5219 0.502396 -0.864637
11.5275 0.507168 -0.861847
11.533 0.511924 -0.85903
11.5385 0.516665 -0.856187
11.5441 0.521391 -0.853318
11.5496 0.5261 -0.850422
11.5551 0.530793 -0.847501
11.5606 0.53547 -0.844554
11.5662 0.54013 -0.841581
11.5717 0.544774 -0.838582
11.5772 0.549402 -0.835558
11.5828 0.554013 -0.832508
11.5883 0.558606 -0.829432
11.5938 0.563183 -0.826332
11.5993 0.567742 -0.823206
11.6049 0.572284 -0.820055
11.6104 0.576809 -0.816878
11.6159 0.581316 -0.813677
11.6214 0.585805 -0.810451
11.627 0.590276 -0.807201
11.6325 0.59473 -0.803925
11.638 0.599165 -0.800625
11.6436 0.603581 -0.797301
11.6491 0.60798 -0.793952
11.6546 0.612359 -0.790579
11.6601 0.61672 -0.787181
11.6657 0.621063 -0.78376
11.6712 0.625386 -0.780315
11.6767 0.62969 -0.776846
11.6823 0.633975 -0.773353
11.6878 0.63824 -0.769836
11.6933 0.642486 -0.766296
11.6988 0.646713 -0.762733
11.7044 0.650919 -0.759146
11.7099 0.655106 -0.755536
11.7154 0.659272 -0.751903
11.721 0.663419 -0.748247
11.7265 0.667545 -0.744568
11.732 0.671651 -0.740867
11.7375 0.675736 -0.737143
11.7431 0.679801 -0.733396
11.7486 0.683845 -0.729627
11.7541 0.687868 -0.725835
11.7597 0.69187 -0.722021
11.7652 0.695851 -0.718186
11.7707 0.69981 -0.714328
11.7762 0.703748 -0.710448
11.7818 0.707665 -0.706547
11.7873 0.71156 -0.702624
11.7928 0.715433 -0.69868
11.7983 0.719285 -0.694714
11.8039 0.723114 -0.690728
11.8094 0.726921 -0.68672
11.8149 0.730707 -0.682691
11.8205 0.734469 -0.678641
11.826 0.73821 -0.67457
11.8315 0.741928 -0.670479
11.837 0.745623 -0.666367
11.8426 0.749295 -0.662235
11.8481 0.752944 -0.658083
11.8536 0.756571 -0.653911
11.8592 0.760174 -0.649718
11.8647 0.763754 -0.645506
11.8702 0.767311 -0.641274
11.8757 0.770844 -0.637022
11.8813 0.774354 -0.632751
11.8868 0.77784 -0.628461
11.8923 0.781302 -0.624151
11.8979 0.784741 -0.619823
11.9034 0.788155 -0.615475
11.9089 0.791546 -0.611109
11.9144 0.794912 -0.606724
11.92 0.798254 -0.60232
11.9255 0.801571 -0.597898
11.931 0.804864 -0.593458
11.9365 0.808132 -0.588999
11.9421 0.811376 -0.584523
11.9476 0.814595 -0.580029
11.9531 0.817789 -0.575517
11.9587 0.820958 -0.570987
11.9642 0.824102 -0.56644
11.9697 0.827221 -0.561876
11.9752 0.830314 -0.557294
11.9808 0.833382 -0.552696
11.9863 0.836425 -0.54808
11.9918 0.839442 -0.543448
11.9974 0.842433 -0.538799
12.0029 0.845399 -0.534134
12.0084 0.848339 -0.529452
12.0139 0.851253 -0.524755
12.0195 0.85414 -0.520041
12.025 0.857002 -0.515311
12.0305 0.859838 -0.510566
12.0361 0.862647 -0.505805
12.0416 0.86543 -0.501028
12.0471 0.868187 -0.496236
12.0526 0.870916 -0.491429
12.0582 0.87362 -0.486607
12.0637 0.876296 -0.48177
12.0692 0.878946 -0.476919
12.0748 0.881569 -0.472053
12.0803 0.884165 -0.467172
12.0858 0.886734 -0.462277
12.0913 0.889276 -0.457368
12.0969 0.891791 -0.452445
12.1024 0.894279 -0.447508
12.1079 0.896739 -0.442558
12.1134 0.899172 -0.437594
12.119 0.901577 -0.432616
12.1245 0.903955 -0.427626
12.13 0.906305 -0.422622
12.1356 0.908627 -0.417606
12.1411 0.910922 -0.412576
12.1466 0.913189 -0.407534
12.1521 0.915428 -0.40248
12.1577 0.917639 -0.397413
12.1632 0.919822 -0.392334
12.1687 0.921976 -0.387244
12.1743 0.924103 -0.382141
12.1798 0.926201 -0.377027
12.1853 0.928272 -0.371901
12.1908 0.930313 -0.366763
12.1964 0.932327 -0.361615
12.2019 0.934311 -0.356455
12.2074 0.936268 -0.351285
12.213 0.938195 -0.346104
12.2185 0.940094 -0.340912
12.224 0.941964 -0.33571
12.2295 0.943806 -0.330498
12.2351 0.945618 -0.325275
12.2406 0.947402 -0.320043
12.2461 0.949157 -0.314801
12.2517 0.950883 -0.309549
12.2572 0.952579 -0.304287
12.2627 0.954247 -0.299017
12.2682 0.955885 -0.293737
12.2738 0.957494 -0.288448
12.2793 0.959074 -0.283151
12.2848 0.960625 -0.277845
12.2903 0.962146 -0.27253
12.2959 0.963638 -0.267207
12.3014 0.965101 -0.261876
12.3069 0.966533 -0.256537
12.3125 0.967937 -0.25119
12.318 0.969311 -0.245835
12.3235 0.970655 -0.240473
12.329 0.971969 -0.235103
12.3346 0.973254 -0.229727
12.3401 0.974509 -0.224343
12.3456 0.975735 -0.218952
12.3512 0.97693 -0.213555
12.3567 0.978096 -0.208151
12.3622 0.979231 -0.202741
12.3677 0.980337 -0.197325
12.3733 0.981413 -0.191902
12.3788 0.982459 -0.186474
12.3843 0.983475 -0.18104
12.3899 0.98446 -0.175601
12.3954 0.985416 -0.170156
12.4009 0.986342 -0.164706
12.4064 0.987237 -0.159251
12.412 0.988102 -0.153791
12.4175 0.988938 -0.148326
12.423 0.989742 -0.142857
12.4286 0.990517 -0.137383
12.4341 0.991261 -0.131906
12.4396 0.991975 -0.126424
12.4451 0.992659 -0.120938
12.4507 0.993312 -0.115449
12.4562 0.993935 -0.109956
12.4617 0.994528 -0.10446
12.4672 0.99509 -0.0989603
12.4728 0.995622 -0.0934578
12.4783 0.996124 -0.0879525
12.4838 0.996595 -0.0824445
12.4894 0.997035 -0.076934
12.4949 0.997445 -0.0714212
12.5004 0.997825 -0.0659061
12.5059 0.998174 -0.0603891
12.5115 0.998492 -0.0548701
12.517 0.998781 -0.0493496
12.5225 0.999038 -0.0438275
12.5281 0.999265 -0.038304
12.5336 0.999462 -0.0327794
12.5391 0.999628 -0.0272538
12.5446 0.999763 -0.0217274
12.5502 0.999868 -0.0162003
12.5557 0.999942 -0.0106727
12.5612 0.999986 -0.00514479
12.5668 0.999999 0.000383291
12.5723 0.999982 0.00591136
12.5778 0.999934 0.0114392
12.5833 0.999855 0.0169668
12.5889 0.999746 0.0224938
12.5944 0.999606 0.0280201
12.5999 0.999436 0.0335456
12.6055 0.999235 0.03907
12.611 0.999004 0.0445933
12.6165 0.998742 0.0501152
12.622 0.99845 0.0556356
12.6276 0.998127 0.0611542
12.6331 0.997774 0.066671
12.6386 0.99739 0.0721858
12.6441 0.996976 0.0776983
12.6497 0.996531 0.0832085
12.6552 0.996056 0.0887161
12.6607 0.99555 0.094221
12.6663 0.995014 0.0997231
12.6718 0.994448 0.105222
12.6773 0.993851 0.110718
12.6828 0.993224 0.11621
12.6884 0.992566 0.121699
12.6939 0.991878 0.127184
12.6994 0.99116 0.132665
12.705 0.990411 0.138143
12.7105 0.989633 0.143616
12.716 0.988824 0.149084
12.7215 0.987984 0.154548
12.7271 0.987115 0.160007
12.7326 0.986215 0.165462
12.7381 0.985285 0.170911
12.7437 0.984326 0.176355
12.7492 0.983336 0.181794
12.7547 0.982316 0.187227
12.7602 0.981266 0.192655
12.7658 0.980186 0.198076
12.7713 0.979076 0.203492
12.7768 0.977936 0.208901
12.7824 0.976766 0.214304
12.7879 0.975566 0.2197
12.7934 0.974337 0.22509
12.7989 0.973078 0.230473
12.8045 0.971789 0.235849
12.81 0.97047 0.241217
12.8155 0.969122 0.246578
12.821 0.967744 0.251932
12.8266 0.966337 0.257278
12.8321 0.964899 0.262616
12.8376 0.963433 0.267946
12.8432 0.961937 0.273268
12.8487 0.960412 0.278581
12.8542 0.958857 0.283886
12.8597 0.957273 0.289182
12.8653 0.95566 0.29447
12.8708 0.954017 0.299748
12.8763 0.952346 0.305018
12.8819 0.950645 0.310278
12.8874 0.948915 0.315528
12.8929 0.947156 0.320769
12.8984 0.945369 0.326
12.904 0.943552 0.331221
12.9095 0.941707 0.336432
12.915 0.939833 0.341633
12.9206 0.93793 0.346823
12.9261 0.935998 0.352003
12.9316 0.934038 0.357172
12.9371 0.932049 0.36233
12.9427 0.930032 0.367476
12.9482 0.927986 0.372612
12.9537 0.925912 0.377736
12.9592 0.92381 0.382849
12.9648 0.921679 0.38795
12.9703 0.919521 0.393039
12.9758 0.917334 0.398117
12.9814 0.915119 0.403182
12.9869 0.912876 0.408234
12.9924 0.910606 0.413274
12.9979 0.908307 0.418302
13.0035 0.905981 0.423317
13.009 0.903627 0.428319
13.0145 0.901245 0.433307
13.0201 0.898836 0.438283
13.0256 0.896399 0.443245
13.0311 0.893935 0.448194
13.0366 0.891444 0.453129
13.0422 0.888926 0.45805
13.0477 0.88638 0.462957
13.0532 0.883807 0.46785
13.0588 0.881207 0.472728
13.0643 0.878581 0.477592
13.0698 0.875927 0.482442
13.0753 0.873247 0.487277
13.0809 0.87054 0.492097
13.0864 0.867806 0.496902
13.0919 0.865046 0.501691
13.0975 0.862259 0.506466
13.103 0.859446 0.511225
13.1085 0.856607 0.515968
13.114 0.853742 0.520695
13.1196 0.85085 0.525407
13.1251 0.847933 0.530103
13.1306 0.844989 0.534782
13.1361 0.84202 0.539445
13.1417 0.839025 0.544091
13.1472 0.836004 0.548721
13.1527 0.832958 0.553334
13.1583 0.829887 0.557931
13.1638 0.82679 0.56251
13.1693 0.823667 0.567072
13.1748 0.82052 0.571616
13.1804 0.817348 0.576144
13.1859 0.81415 0.580653
13.1914 0.810928 0.585145
13.197 0.807681 0.589619
13.2025 0.804409 0.594075
13.208 0.801112 0.598512
13.2135 0.797792 0.602932
13.2191 0.794446 0.607333
13.2246 0.791077 0.611715
13.2301 0.787683 0.616079
13.2357 0.784265 0.620424
13.2412 0.780824 0.62475
13.2467 0.777358 0.629057
13.2522 0.773869 0.633345
13.2578 0.770356 0.637613
13.2633 0.766819 0.641862
13.2688 0.763259 0.646091
13.2744 0.759676 0.650301
13.2799 0.756069 0.65449
13.2854 0.75244 0.65866
13.2909 0.748787 0.662809
13.2965 0.745112 0.666939
13.302 0.741413 0.671048
13.3075 0.737692 0.675136
13.313 0.733949 0.679204
13.3186 0.730183 0.683251
13.3241 0.726395 0.687277
13.3296 0.722584 0.691282
13.3352 0.718752 0.695266
13.3407 0.714897 0.699228
13.3462 0.711021 0.70317
13.3517 0.707123 0.707089
13.3573 0.703203 0.710988
13.3628 0.699262 0.714864
13.3683 0.6953 0.718719
13.3739 0.691316 0.722552
13.3794 0.687311 0.726362
13.3849 0.683285 0.730151
13.3904 0.679239 0.733917
13.396 0.675171 0.73766
13.4015 0.671083 0.741381
13.407 0.666974 0.74508
13.4126 0.662845 0.748756
13.4181 0.658696 0.752408
13.4236 0.654526 0.756038
13.4291 0.650337 0.759645
13.4347 0.646128 0.763229
13.4402 0.641899 0.766789
13.4457 0.63765 0.770325
13.4513 0.633382 0.773839
13.4568 0.629094 0.777328
13.4623 0.624788 0.780794
13.4678 0.620462 0.784236
13.4734 0.616117 0.787654
13.4789 0.611753 0.791048
13.4844 0.607371 0.794418
13.4899 0.60297 0.797763
13.4955 0.598551 0.801084
13.501 0.594113 0.804381
13.5065 0.589657 0.807653
13.5121 0.585184 0.8109
13.5176 0.580692 0.814123
13.5231 0.576183 0.81732
13.5286 0.571656 0.820493
13.5342 0.567111 0.823641
13.5397 0.562549 0.826763
13.5452 0.55797 0.82986
13.5508 0.553374 0.832932
13.5563 0.548761 0.835978
13.5618 0.544131 0.838999
13.5673 0.539485 0.841994
13.5729 0.534822 0.844964
13.5784 0.530143 0.847908
13.5839 0.525448 0.850825
13.5895 0.520736 0.853717
13.595 0.516009 0.856583
13.6005 0.511266 0.859422
13.606 0.506507 0.862235
13.6116 0.501733 0.865022
13.6171 0.496943 0.867783
13.6226 0.492138 0.870516
13.6282 0.487319 0.873224
13.6337 0.482484 0.875904
13.6392 0.477634 0.878558
13.6447 0.47277 0.881185
13.6503 0.467892 0.883785
13.6558 0.462999 0.886358
13.6613 0.458092 0.888904
13.6668 0.453171 0.891423
13.6724 0.448237 0.893914
13.6779 0.443288 0.896379
13.6834 0.438326 0.898816
13.689 0.433351 0.901225
13.6945 0.428362 0.903607
13.7 0.42336 0.905961
13.7055 0.418346 0.908288
13.7111 0.413318 0.910586
13.7166 0.408278 0.912857
13.7221 0.403225 0.9151
13.7277 0.39816 0.917315
13.7332 0.393083 0.919502
13.7387 0.387994 0.921661
13.7442 0.382893 0.923792
13.7498 0.377781 0.925895
13.7553 0.372657 0.927969
13.7608 0.367521 0.930015
13.7664 0.362374 0.932032
13.7719 0.357216 0.934021
13.7774 0.352047 0.935982
13.7829 0.346868 0.937914
13.7885 0.341678 0.939817
13.794 0.336477 0.941691
13.7995 0.331266 0.943537
13.805 0.326045 0.945354
13.8106 0.320814 0.947142
13.8161 0.315574 0.948901
13.8216 0.310323 0.950631
13.8272 0.305063 0.952332
13.8327 0.299794 0.954004
13.8382 0.294516 0.955646
13.8437 0.289228 0.95726
13.8493 0.283932 0.958844
13.8548 0.278627 0.960399
13.8603 0.273314 0.961925
13.8659 0.267992 0.963421
13.8714 0.262662 0.964888
13.8769 0.257324 0.966325
13.8824 0.251978 0.967733
13.888 0.246625 0.969111
13.8935 0.241263 0.970459
13.899 0.235895 0.971778
13.9046 0.230519 0.973068
13.9101 0.225137 0.974327
13.9156 0.219747 0.975557
13.9211 0.214351 0.976757
13.9267 0.208948 0.977927
13.9322 0.203539 0.979067
13.9377 0.198123 0.980177
13.9433 0.192702 0.981257
13.9488 0.187274 0.982307
13.9543 0.181841 0.983328
13.9598 0.176402 0.984318
13.9654 0.170958 0.985278
13.9709 0.165509 0.986208
13.9764 0.160055 0.987108
13.9819 0.154595 0.987978
13.9875 0.149131 0.988817
13.993 0.143663 0.989627
13.9985 0.13819 0.990406
14.0041 0.132713 0.991154
14.0096 0.127232 0.991873
14.0151 0.121747 0.992561
14.0206 0.116258 0.993219
14.0262 0.110765 0.993846
14.0317 0.10527 0.994444
14.0372 0.0997706 0.99501
14.0428 0.0942686 0.995547
14.0483 0.0887637 0.996053
14.0538 0.0832561 0.996528
14.0593 0.077746 0.996973
14.0649 0.0722334 0.997388
14.0704 0.0667187 0.997772
14.0759 0.0612019 0.998125
14.0815 0.0556833 0.998448
14.087 0.0501629 0.998741
14.0925 0.044641 0.999003
14.098 0.0391178 0.999235
14.1036 0.0335933 0.999436
14.1091 0.0280679 0.999606
14.1146 0.0225416 0.999746
14.1202 0.0170145 0.999855
14.1257 0.011487 0.999934
14.1312 0.00595912 0.999982
14.1367 0.000431046 1
14.1423 -0.00509704 0.999987
14.1478 -0.010625 0.999944
14.1533 -0.0161526 0.99987
14.1588 -0.0216797 0.999765
14.1644 -0.0272061 0.99963
14.1699 -0.0327317 0.999464
14.1754 -0.0382563 0.999268
14.181 -0.0437798 0.999041
14.1865 -0.0493019 0.998784
14.192 -0.0548225 0.998496
14.1975 -0.0603414 0.998178
14.2031 -0.0658585 0.997829
14.2086 -0.0713736 0.99745
14.2141 -0.0768865 0.99704
14.2197 -0.082397 0.9966
14.2252 -0.087905 0.996129
14.2307 -0.0934104 0.995628
14.2362 -0.0989128 0.995096
14.2418 -0.104412 0.994534
14.2473 -0.109909 0.993942
14.2528 -0.115401 0.993319
14.2584 -0.120891 0.992666
14.2639 -0.126377 0.991982
14.2694 -0.131858 0.991269
14.2749 -0.137336 0.990525
14.2805 -0.14281 0.98975
14.286 -0.148279 0.988946
14.2915 -0.153744 0.988111
14.2971 -0.159204 0.987246
14.3026 -0.164659 0.986351
14.3081 -0.170109 0.985425
14.3136 -0.175554 0.98447
14.3192 -0.180993 0.983484
14.3247 -0.186427 0.982469
14.3302 -0.191856 0.981423
14.3357 -0.197278 0.980348
14.3413 -0.202695 0.979242
14.3468 -0.208105 0.978107
14.3523 -0.213509 0.976941
14.3579 -0.218906 0.975746
14.3634 -0.224297 0.974521
14.3689 -0.22968 0.973266
14.3744 -0.235057 0.971982
14.38 -0.240427 0.970668
14.3855 -0.245789 0.969324
14.391 -0.251144 0.96795
14.3966 -0.256491 0.966547
14.4021 -0.26183 0.965114
14.4076 -0.267161 0.963652
14.4131 -0.272484 0.96216
14.4187 -0.277799 0.960639
14.4242 -0.283105 0.959089
14.4297 -0.288403 0.957509
14.4353 -0.293692 0.9559
14.4408 -0.298972 0.954262
14.4463 -0.304242 0.952595
14.4518 -0.309504 0.950899
14.4574 -0.314756 0.949173
14.4629 -0.319998 0.947419
14.4684 -0.32523 0.945635
14.474 -0.330453 0.943823
14.4795 -0.335665 0.941982
14.485 -0.340868 0.940112
14.4905 -0.346059 0.938213
14.4961 -0.351241 0.936286
14.5016 -0.356411 0.93433
14.5071 -0.361571 0.932345
14.5126 -0.366719 0.930332
14.5182 -0.371857 0.928291
14.5237 -0.376983 0.926221
14.5292 -0.382097 0.924123
14.5348 -0.3872 0.921996
14.5403 -0.392291 0.919842
14.5458 -0.39737 0.917659
14.5513 -0.402437 0.915448
14.5569 -0.407491 0.91321
14.5624 -0.412533 0.910943
14.5679 -0.417563 0.908649
14.5735 -0.422579 0.906326
14.579 -0.427583 0.903977
14.5845 -0.432574 0.901599
14.59 -0.437551 0.899194
14.5956 -0.442515 0.896761
14.6011 -0.447466 0.894301
14.6066 -0.452403 0.891814
14.6122 -0.457326 0.8893
14.6177 -0.462235 0.886758
14.6232 -0.46713 0.884189
14.6287 -0.472011 0.881593
14.6343 -0.476877 0.87897
14.6398 -0.481729 0.876321
14.6453 -0.486566 0.873644
14.6508 -0.491388 0.870941
14.6564 -0.496195 0.868212
14.6619 -0.500987 0.865455
14.6674 -0.505764 0.862673
14.673 -0.510525 0.859863
14.6785 -0.515271 0.857028
14.684 -0.520001 0.854167
14.6895 -0.524714 0.851279
14.6951 -0.529412 0.848365
14.7006 -0.534094 0.845426
14.7061 -0.53876 0.84246
14.7117 -0.543408 0.839469
14.7172 -0.548041 0.836452
14.7227 -0.552656 0.83341
14.7282 -0.557255 0.830342
14.7338 -0.561837 0.827249
14.7393 -0.566401 0.82413
14.7448 -0.570949 0.820987
14.7504 -0.575478 0.817818
14.7559 -0.57999 0.814624
14.7614 -0.584485 0.811405
14.7669 -0.588961 0.808162
14.7725 -0.59342 0.804894
14.778 -0.597861 0.801601
14.7835 -0.602283 0.798284
14.7891 -0.606686 0.794942
14.7946 -0.611072 0.791576
14.8001 -0.615438 0.788186
14.8056 -0.619786 0.784772
14.8112 -0.624115 0.781333
14.8167 -0.628425 0.777871
14.8222 -0.632715 0.774385
14.8277 -0.636986 0.770876
14.8333 -0.641238 0.767343
14.8388 -0.64547 0.763786
14.8443 -0.649683 0.760206
14.8499 -0.653875 0.756603
14.8554 -0.658048 0.752977
14.8609 -0.6622 0.749328
14.8664 -0.666332 0.745656
14.872 -0.670444 0.741961
14.8775 -0.674536 0.738243
14.883 -0.678606 0.734503
14.8886 -0.682656 0.73074
14.8941 -0.686686 0.726956
14.8996 -0.690694 0.723148
14.9051 -0.694681 0.719319
14.9107 -0.698647 0.715468
14.9162 -0.702591 0.711595
14.9217 -0.706514 0.7077
14.9273 -0.710416 0.703783
14.9328 -0.714295 0.699845
14.9383 -0.718153 0.695886
14.9438 -0.721989 0.691905
14.9494 -0.725803 0.687904
14.9549 -0.729595 0.683881
14.9604 -0.733364 0.679837
14.966 -0.737111 0.675773
14.9715 -0.740836 0.671688
14.977 -0.744537 0.667582
14.9825 -0.748216 0.663456
14.9881 -0.751873 0.65931
14.9936 -0.755506 0.655143
14.9991 -0.759116 0.650957
15.0046 -0.762703 0.64675
15.0102 -0.766267 0.642524
15.0157 -0.769807 0.638278
15.0212 -0.773323 0.634013
15.0268 -0.776817 0.629728
15.0323 -0.780286 0.625424
15.0378 -0.783731 0.621101
15.0433 -0.787153 0.616759
15.0489 -0.79055 0.612398
15.0544 -0.793924 0.608019
15.0599 -0.797273 0.603621
15.0655 -0.800597 0.599204
15.071 -0.803898 0.594769
15.0765 -0.807173 0.590316
15.082 -0.810424 0.585845
15.0876 -0.81365 0.581356
15.0931 -0.816852 0.576849
15.0986 -0.820028 0.572325
15.1042 -0.823179 0.567783
15.1097 -0.826306 0.563223
15.1152 -0.829407 0.558647
15.1207 -0.832482 0.554053
15.1263 -0.835532 0.549443
15.1318 -0.838557 0.544816
15.1373 -0.841556 0.540172
15.1429 -0.844529 0.535511
15.1484 -0.847476 0.530835
15.1539 -0.850398 0.526141
15.1594 -0.853294 0.521432
15.165 -0.856163 0.516707
15.1705 -0.859006 0.511967
15.176 -0.861823 0.50721
15.1815 -0.864614 0.502438
15.1871 -0.867379 0.497651
15.1926 -0.870116 0.492848
15.1981 -0.872828 0.488031
15.2037 -0.875512 0.483198
15.2092 -0.87817 0.478351
15.2147 -0.880801 0.473489
15.2202 -0.883405 0.468613
15.2258 -0.885982 0.463722
15.2313 -0.888532 0.458817
15.2368 -0.891055 0.453898
15.2424 -0.89355 0.448965
15.2479 -0.896018 0.444019
15.2534 -0.898459 0.439059
15.2589 -0.900873 0.434085
15.2645 -0.903259 0.429099
15.27 -0.905617 0.424099
15.2755 -0.907948 0.419086
15.2811 -0.91025 0.41406
15.2866 -0.912525 0.409022
15.2921 -0.914773 0.403971
15.2976 -0.916992 0.398908
15.3032 -0.919183 0.393833
15.3087 -0.921346 0.388746
15.3142 -0.923481 0.383647
15.3198 -0.925588 0.378536
15.3253 -0.927666 0.373413
15.3308 -0.929716 0.368279
15.3363 -0.931738 0.363134
15.3419 -0.933731 0.357978
15.3474 -0.935696 0.352811
15.3529 -0.937632 0.347633
15.3584 -0.939539 0.342444
15.364 -0.941418 0.337245
15.3695 -0.943268 0.332035
15.375 -0.945089 0.326816
15.3806 -0.946881 0.321586
15.3861 -0.948645 0.316347
15.3916 -0.950379 0.311098
15.3971 -0.952084 0.30584
15.4027 -0.95376 0.300572
15.4082 -0.955407 0.295295
15.4137 -0.957025 0.290009
15.4193 -0.958614 0.284714
15.4248 -0.960173 0.27941
15.4303 -0.961703 0.274098
15.4358 -0.963203 0.268777
15.4414 -0.964674 0.263449
15.4469 -0.966116 0.258112
15.4524 -0.967528 0.252767
15.458 -0.968911 0.247415
15.4635 -0.970264 0.242055
15.469 -0.971587 0.236687
15.4745 -0.97288 0.231313
15.4801 -0.974144 0.225931
15.4856 -0.975378 0.220542
15.4911 -0.976583 0.215147
15.4966 -0.977757 0.209745
15.5022 -0.978902 0.204337
15.5077 -0.980016 0.198922
15.5132 -0.981101 0.193502
15.5188 -0.982156 0.188075
15.5243 -0.98318 0.182643
15.5298 -0.984175 0.177205
15.5353 -0.98514 0.171761
15.5409 -0.986074 0.166313
15.5464 -0.986978 0.160859
15.5519 -0.987853 0.155401
15.5575 -0.988696 0.149937
15.563 -0.98951 0.14447
15.5685 -0.990294 0.138997
15.574 -0.991047 0.133521
15.5796 -0.99177 0.12804
15.5851 -0.992463 0.122556
15.5906 -0.993125 0.117067
15.5962 -0.993757 0.111575
15.6017 -0.994359 0.10608
15.6072 -0.99493 0.100582
15.6127 -0.995471 0.0950801
15.6183 -0.995981 0.0895756
15.6238 -0.996461 0.0840684
15.6293 -0.996911 0.0785586
15.6349 -0.99733 0.0730464
15.6404 -0.997718 0.0675319
15.6459 -0.998076 0.0620155
15.6514 -0.998404 0.0564971
15.657 -0.998701 0.050977
15.6625 -0.998967 0.0454553
15.668 -0.999203 0.0399322
15.6735 -0.999409 0.0344079
15.6791 -0.999584 0.0288826
15.6846 -0.999728 0.0233564
15.6901 -0.999842 0.0178295
15.6957 -0.999925 0.012302
15.7012 -0.999978 0.00677414
15.7067 -1 0.00124609
15.7122 -0.999992 -0.00428201
15.7178 -0.999953 -0.00980997
15.7233 -0.999883 -0.0153376
15.7288 -0.999783 -0.0208648
15.7344 -0.999653 -0.0263914
15.7399 -0.999492 -0.0319171
15.7454 -0.9993 -0.0374419
15.7509 -0.999078 -0.0429655
15.7565 -0.998825 -0.0484879
15.762 -0.998541 -0.0540087
15.7675 -0.998228 -0.0595279
15.7731 -0.997883 -0.0650453
15.7786 -0.997508 -0.0705606
15.7841 -0.997103 -0.0760739
15.7896 -0.996667 -0.0815848
15.7952 -0.996201 -0.0870932
15.8007 -0.995704 -0.0925989
15.8062 -0.995177 -0.0981018
15.8118 -0.99462 -0.103602
15.8173 -0.994032 -0.109098
15.8228 -0.993414 -0.114592
15.8283 -0.992765 -0.120082
15.8339 -0.992086 -0.125568
15.8394 -0.991377 -0.13105
15.8449 -0.990637 -0.136529
15.8504 -0.989867 -0.142003
15.856 -0.989067 -0.147473
15.8615 -0.988237 -0.152938
15.867 -0.987376 -0.158399
15.8726 -0.986485 -0.163855
15.8781 -0.985565 -0.169306
15.8836 -0.984614 -0.174751
15.8891 -0.983632 -0.180192
15.8947 -0.982621 -0.185627
15.9002 -0.98158 -0.191056
15.9057 -0.980509 -0.196479
15.9113 -0.979408 -0.201896
15.9168 -0.978277 -0.207308
15.9223 -0.977116 -0.212712
15.9278 -0.975925 -0.218111
15.9334 -0.974704 -0.223502
15.9389 -0.973454 -0.228887
15.9444 -0.972174 -0.234265
15.95 -0.970864 -0.239636
15.9555 -0.969524 -0.244999
15.961 -0.968155 -0.250355
15.9665 -0.966756 -0.255703
15.9721 -0.965328 -0.261044
15.9776 -0.96387 -0.266376
15.9831 -0.962383 -0.2717
15.9887 -0.960866 -0.277016
15.9942 -0.95932 -0.282324
15.9997 -0.957745 -0.287623
16.0052 -0.95614 -0.292913
16.0108 -0.954506 -0.298194
16.0163 -0.952843 -0.303466
16.0218 -0.951151 -0.308729
16.0273 -0.94943 -0.313982
16.0329 -0.94768 -0.319226
16.0384 -0.945901 -0.32446
16.0439 -0.944092 -0.329684
16.0495 -0.942256 -0.334898
16.055 -0.94039 -0.340101
16.0605 -0.938495 -0.345295
16.066 -0.936572 -0.350478
16.0716 -0.93462 -0.35565
16.0771 -0.93264 -0.360811
16.0826 -0.930631 -0.365961
16.0882 -0.928594 -0.3711
16.0937 -0.926528 -0.376228
16.0992 -0.924434 -0.381344
16.1047 -0.922312 -0.386448
16.1103 -0.920162 -0.391541
16.1158 -0.917983 -0.396622
16.1213 -0.915777 -0.40169
16.1269 -0.913542 -0.406747
16.1324 -0.911279 -0.411791
16.1379 -0.908989 -0.416822
16.1434 -0.906671 -0.421841
16.149 -0.904325 -0.426846
16.1545 -0.901952 -0.431839
16.16 -0.899551 -0.436818
16.1655 -0.897122 -0.441785
16.1711 -0.894666 -0.446737
16.1766 -0.892183 -0.451676
16.1821 -0.889672 -0.456601
16.1877 -0.887135 -0.461512
16.1932 -0.88457 -0.46641
16.1987 -0.881978 -0.471292
16.2042 -0.879359 -0.476161
16.2098 -0.876714 -0.481015
16.2153 -0.874041 -0.485854
16.2208 -0.871342 -0.490678
16.2264 -0.868616 -0.495488
16.2319 -0.865864 -0.500282
16.2374 -0.863085 -0.505061
16.2429 -0.86028 -0.509824
16.2485 -0.857448 -0.514572
16.254 -0.85459 -0.519304
16.2595 -0.851707 -0.524021
16.2651 -0.848797 -0.528721
16.2706 -0.845861 -0.533405
16.2761 -0.842899 -0.538073
16.2816 -0.839912 -0.542724
16.2872 -0.836899 -0.547359
16.2927 -0.83386 -0.551977
16.2982 -0.830796 -0.556578
16.3038 -0.827707 -0.561162
16.3093 -0.824592 -0.565729
16.3148 -0.821452 -0.570279
16.3203 -0.818287 -0.574812
16.3259 -0.815097 -0.579326
16.3314 -0.811882 -0.583823
16.3369 -0.808642 -0.588303
16.3424 -0.805377 -0.592764
16.348 -0.802088 -0.597207
16.3535 -0.798774 -0.601632
16.359 -0.795436 -0.606038
16.3646 -0.792074 -0.610426
16.3701 -0.788687 -0.614796
16.3756 -0.785277 -0.619146
16.3811 -0.781842 -0.623478
16.3867 -0.778383 -0.62779
16.3922 -0.774901 -0.632084
16.3977 -0.771395 -0.636358
16.4033 -0.767865 -0.640612
16.4088 -0.764312 -0.644847
16.4143 -0.760736 -0.649063
16.4198 -0.757136 -0.653258
16.4254 -0.753513 -0.657434
16.4309 -0.749868 -0.661589
16.4364 -0.746199 -0.665724
16.442 -0.742507 -0.669839
16.4475 -0.738793 -0.673934
16.453 -0.735056 -0.678007
16.4585 -0.731297 -0.68206
16.4641 -0.727515 -0.686093
16.4696 -0.723711 -0.690104
16.4751 -0.719885 -0.694094
16.4807 -0.716037 -0.698063
16.4862 -0.712167 -0.702011
16.4917 -0.708276 -0.705937
16.4972 -0.704362 -0.709842
16.5028 -0.700428 -0.713725
16.5083 -0.696471 -0.717586
16.5138 -0.692494 -0.721425
16.5193 -0.688495 -0.725242
16.5249 -0.684475 -0.729037
16.5304 -0.680435 -0.73281
16.5359 -0.676373 -0.73656
16.5415 -0.672291 -0.740288
16.547 -0.668189 -0.743993
16.5525 -0.664066 -0.747675
16.558 -0.659922 -0.751335
16.5636 -0.655759 -0.754971
16.5691 -0.651575 -0.758585
16.5746 -0.647372 -0.762175
16.5802 -0.643148 -0.765742
16.5857 -0.638905 -0.769286
16.5912 -0.634643 -0.772806
16.5967 -0.630361 -0.776303
16.6023 -0.62606 -0.779776
16.6078 -0.62174 -0.783225
16.6133 -0.617401 -0.78665
16.6189 -0.613043 -0.790051
16.6244 -0.608666 -0.793428
16.6299 -0.60427 -0.79678
16.6354 -0.599856 -0.800108
16.641 -0.595424 -0.803412
16.6465 -0.590974 -0.806692
16.652 -0.586505 -0.809946
16.6576 -0.582019 -0.813176
16.6631 -0.577515 -0.816381
16.6686 -0.572993 -0.819561
16.6741 -0.568453 -0.822716
16.6797 -0.563897 -0.825846
16.6852 -0.559323 -0.828951
16.6907 -0.554732 -0.83203
16.6962 -0.550124 -0.835084
16.7018 -0.545499 -0.838112
16.7073 -0.540857 -0.841115
16.7128 -0.536199 -0.844092
16.7184 -0.531525 -0.847043
16.7239 -0.526834 -0.849969
16.7294 -0.522128 -0.852868
16.7349 -0.517405 -0.855741
16.7405 -0.512666 -0.858588
16.746 -0.507912 -0.861409
16.7515 -0.503143 -0.864204
16.7571 -0.498357 -0.866972
16.7626 -0.493557 -0.869714
16.7681 -0.488742 -0.872429
16.7736 -0.483911 -0.875118
16.7792 -0.479066 -0.877779
16.7847 -0.474207 -0.880414
16.7902 -0.469332 -0.883022
16.7958 -0.464444 -0.885603
16.8013 -0.459541 -0.888157
16.8068 -0.454624 -0.890684
16.8123 -0.449693 -0.893183
16.8179 -0.444749 -0.895656
16.8234 -0.439791 -0.898101
16.8289 -0.434819 -0.900518
16.8345 -0.429835 -0.902908
16.84 -0.424837 -0.90527
16.8455 -0.419826 -0.907605
16.851 -0.414802 -0.909912
16.8566 -0.409766 -0.912191
16.8621 -0.404717 -0.914443
16.8676 -0.399656 -0.916666
16.8731 -0.394582 -0.918861
16.8787 -0.389496 -0.921028
16.8842 -0.384399 -0.923167
16.8897 -0.37929 -0.925278
16.8953 -0.374169 -0.927361
16.9008 -0.369037 -0.929415
16.9063 -0.363893 -0.931441
16.9118 -0.358739 -0.933438
16.9174 -0.353573 -0.935407
16.9229 -0.348397 -0.937348
16.9284 -0.34321 -0.939259
16.934 -0.338012 -0.941142
16.9395 -0.332804 -0.942996
16.945 -0.327586 -0.944822
16.9505 -0.322358 -0.946618
16.9561 -0.31712 -0.948386
16.9616 -0.311872 -0.950124
16.9671 -0.306615 -0.951834
16.9727 -0.301349 -0.953514
16.9782 -0.296073 -0.955166
16.9837 -0.290788 -0.956788
16.9892 -0.285495 -0.958381
16.9948 -0.280192 -0.959944
17.0003 -0.274881 -0.961478
17.0058 -0.269562 -0.962983
17.0113 -0.264235 -0.964459
17.0169 -0.258899 -0.965905
17.0224 -0.253555 -0.967321
17.0279 -0.248204 -0.968708
17.0335 -0.242845 -0.970065
17.039 -0.237479 -0.971393
17.0445 -0.232105 -0.972691
17.05 -0.226725 -0.973959
17.0556 -0.221337 -0.975198
17.0611 -0.215943 -0.976406
17.0666 -0.210542 -0.977585
17.0722 -0.205134 -0.978734
17.0777 -0.199721 -0.979853
17.0832 -0.194301 -0.980942
17.0887 -0.188875 -0.982001
17.0943 -0.183444 -0.98303
17.0998 -0.178007 -0.984029
17.1053 -0.172564 -0.984998
17.1109 -0.167117 -0.985937
17.1164 -0.161664 -0.986846
17.1219 -0.156206 -0.987725
17.1274 -0.150743 -0.988573
17.133 -0.145276 -0.989391
17.1385 -0.139804 -0.990179
17.144 -0.134328 -0.990937
17.1496 -0.128848 -0.991664
17.1551 -0.123364 -0.992362
17.1606 -0.117877 -0.993028
17.1661 -0.112385 -0.993665
17.1717 -0.106891 -0.994271
17.1772 -0.101393 -0.994847
17.1827 -0.0958914 -0.995392
17.1882 -0.0903873 -0.995907
17.1938 -0.0848805 -0.996391
17.1993 -0.0793711 -0.996845
17.2048 -0.0738592 -0.997269
17.2104 -0.0683451 -0.997662
17.2159 -0.0628289 -0.998024
17.2214 -0.0573108 -0.998356
17.2269 -0.0517909 -0.998658
17.2325 -0.0462695 -0.998929
17.238 -0.0407466 -0.99917
17.2435 -0.0352225 -0.99938
17.2491 -0.0296973 -0.999559
17.2546 -0.0241712 -0.999708
17.2601 -0.0186444 -0.999826
17.2656 -0.013117 -0.999914
17.2712 -0.0075892 -0.999971
17.2767 -0.00206116 -0.999998
17.2822 0.00346693 -0.999994
17.2878 0.00899492 -0.99996
17.2933 0.0145226 -0.999895
17.2988 0.0200499 -0.999799
17.3043 0.0255766 -0.999673
17.3099 0.0311024 -0.999516
17.3154 0.0366274 -0.999329
17.3209 0.0421512 -0.999111
17.3265 0.0476737 -0.998863
17.332 0.0531948 -0.998584
17.3375 0.0587142 -0.998275
17.343 0.0642318 -0.997935
17.3486 0.0697475 -0.997565
17.3541 0.0752611 -0.997164
17.3596 0.0807723 -0.996732
17.3651 0.0862811 -0.996271
17.3707 0.0917872 -0.995779
17.3762 0.0972906 -0.995256
17.3817 0.102791 -0.994703
17.3873 0.108288 -0.994119
17.3928 0.113782 -0.993506
17.3983 0.119272 -0.992861
17.4038 0.124759 -0.992187
17.4094 0.130242 -0.991482
17.4149 0.135721 -0.990747
17.4204 0.141196 -0.989982
17.426 0.146667 -0.989186
17.4315 0.152133 -0.98836
17.437 0.157594 -0.987504
17.4425 0.163051 -0.986618
17.4481 0.168502 -0.985701
17.4536 0.173949 -0.984755
17.4591 0.17939 -0.983778
17.4647 0.184826 -0.982771
17.4702 0.190256 -0.981734
17.4757 0.19568 -0.980668
17.4812 0.201098 -0.979571
17.4868 0.20651 -0.978444
17.4923 0.211916 -0.977288
17.4978 0.217315 -0.976101
17.5034 0.222708 -0.974885
17.5089 0.228094 -0.973639
17.5144 0.233472 -0.972363
17.5199 0.238844 -0.971058
17.5255 0.244209 -0.969722
17.531 0.249566 -0.968358
17.5365 0.254915 -0.966963
17.542 0.260256 -0.965539
17.5476 0.26559 -0.964086
17.5531 0.270916 -0.962603
17.5586 0.276233 -0.96109
17.5642 0.281541 -0.959549
17.5697 0.286842 -0.957978
17.5752 0.292133 -0.956377
17.5807 0.297415 -0.954748
17.5863 0.302689 -0.953089
17.5918 0.307953 -0.951401
17.5973 0.313208 -0.949684
17.6029 0.318453 -0.947938
17.6084 0.323688 -0.946163
17.6139 0.328914 -0.94436
17.6194 0.334129 -0.942527
17.625 0.339334 -0.940665
17.6305 0.344529 -0.938775
17.636 0.349714 -0.936856
17.6416 0.354887 -0.934909
17.6471 0.36005 -0.932933
17.6526 0.365202 -0.930928
17.6581 0.370343 -0.928895
17.6637 0.375472 -0.926833
17.6692 0.38059 -0.924744
17.6747 0.385696 -0.922625
17.6803 0.390791 -0.920479
17.6858 0.395873 -0.918305
17.6913 0.400943 -0.916102
17.6968 0.406002 -0.913872
17.7024 0.411047 -0.911614
17.7079 0.416081 -0.909327
17.7134 0.421101 -0.907013
17.7189 0.426109 -0.904672
17.7245 0.431103 -0.902302
17.73 0.436085 -0.899905
17.7355 0.441053 -0.897481
17.7411 0.446007 -0.895029
17.7466 0.450948 -0.89255
17.7521 0.455875 -0.890043
17.7576 0.460789 -0.887509
17.7632 0.465688 -0.884949
17.7687 0.470573 -0.882361
17.7742 0.475443 -0.879746
17.7798 0.480299 -0.877104
17.7853 0.485141 -0.874435
17.7908 0.489967 -0.87174
17.7963 0.494779 -0.869018
17.8019 0.499575 -0.86627
17.8074 0.504356 -0.863495
17.8129 0.509122 -0.860694
17.8185 0.513872 -0.857866
17.824 0.518607 -0.855012
17.8295 0.523326 -0.852132
17.835 0.528028 -0.849226
17.8406 0.532715 -0.846294
17.8461 0.537385 -0.843336
17.8516 0.542039 -0.840353
17.8571 0.546676 -0.837344
17.8627 0.551297 -0.834309
17.8682 0.5559 -0.831248
17.8737 0.560487 -0.828163
17.8793 0.565057 -0.825051
17.8848 0.569609 -0.821915
17.8903 0.574144 -0.818754
17.8958 0.578661 -0.815567
17.9014 0.583161 -0.812356
17.9069 0.587643 -0.80912
17.9124 0.592107 -0.805859
17.918 0.596552 -0.802573
17.9235 0.60098 -0.799263
17.929 0.605389 -0.795929
17.9345 0.60978 -0.79257
17.9401 0.614152 -0.789187
17.9456 0.618505 -0.78578
17.9511 0.62284 -0.782349
17.9567 0.627155 -0.778894
17.9622 0.631451 -0.775415
17.9677 0.635728 -0.771912
17.9732 0.639986 -0.768386
17.9788 0.644223 -0.764836
17.9843 0.648442 -0.761263
17.9898 0.65264 -0.757667
17.9954 0.656819 -0.754048
18.0009 0.660977 -0.750405
18.0064 0.665115 -0.74674
18.0119 0.669233 -0.743052
18.0175 0.67333 -0.739341
18.023 0.677407 -0.735607
18.0285 0.681463 -0.731851
18.034 0.685499 -0.728073
18.0396 0.689513 -0.724272
18.0451 0.693506 -0.720449
18.0506 0.697479 -0.716605
18.0562 0.701429 -0.712738
18.0617 0.705359 -0.70885
18.0672 0.709266 -0.704939
18.0727 0.713153 -0.701008
18.0783 0.717017 -0.697055
18.0838 0.720859 -0.69308
18.0893 0.72468 -0.689085
18.0949 0.728478 -0.685068
18.1004 0.732254 -0.681031
18.1059 0.736008 -0.676972
18.1114 0.739739 -0.672893
18.117 0.743447 -0.668794
18.1225 0.747133 -0.664674
18.128 0.750796 -0.660533
18.1336 0.754436 -0.656373
18.1391 0.758053 -0.652192
18.1446 0.761647 -0.647991
18.1501 0.765217 -0.643771
18.1557 0.768764 -0.639531
18.1612 0.772288 -0.635272
18.1667 0.775788 -0.630993
18.1723 0.779264 -0.626694
18.1778 0.782717 -0.622377
18.1833 0.786145 -0.61804
18.1888 0.78955 -0.613685
18.1944 0.79293 -0.609311
18.1999 0.796286 -0.604918
18.2054 0.799618 -0.600507
18.2109 0.802926 -0.596078
18.2165 0.806209 -0.59163
18.222 0.809467 -0.587164
18.2275 0.8127 -0.58268
18.2331 0.815909 -0.578179
18.2386 0.819093 -0.57366
18.2441 0.822252 -0.569123
18.2496 0.825385 -0.564569
18.2552 0.828494 -0.559997
18.2607 0.831577 -0.555409
18.2662 0.834634 -0.550803
18.2718 0.837666 -0.546181
18.2773 0.840673 -0.541542
18.2828 0.843654 -0.536886
18.2883 0.846609 -0.532214
18.2939 0.849538 -0.527526
18.2994 0.852441 -0.522822
18.3049 0.855318 -0.518101
18.3105 0.858169 -0.513365
18.316 0.860994 -0.508613
18.3215 0.863793 -0.503846
18.327 0.866565 -0.499063
18.3326 0.86931 -0.494265
18.3381 0.872029 -0.489452
18.3436 0.874722 -0.484624
18.3492 0.877387 -0.479781
18.3547 0.880026 -0.474923
18.3602 0.882638 -0.470051
18.3657 0.885223 -0.465164
18.3713 0.887781 -0.460264
18.3768 0.890312 -0.455349
18.3823 0.892816 -0.45042
18.3878 0.895292 -0.445478
18.3934 0.897741 -0.440522
18.3989 0.900162 -0.435552
18.4044 0.902556 -0.430569
18.41 0.904923 -0.425574
18.4155 0.907262 -0.420565
18.421 0.909573 -0.415543
18.4265 0.911856 -0.410508
18.4321 0.914111 -0.405461
18.4376 0.916339 -0.400402
18.4431 0.918538 -0.39533
18.4487 0.92071 -0.390246
18.4542 0.922853 -0.38515
18.4597 0.924968 -0.380043
18.4652 0.927055 -0.374924
18.4708 0.929113 -0.369793
18.4763 0.931143 -0.364651
18.4818 0.933145 -0.359498
18.4874 0.935118 -0.354334
18.4929 0.937062 -0.34916
18.4984 0.938978 -0.343974
18.5039 0.940865 -0.338778
18.5095 0.942724 -0.333572
18.515 0.944553 -0.328355
18.5205 0.946354 -0.323129
18.5261 0.948126 -0.317892
18.5316 0.949869 -0.312646
18.5371 0.951583 -0.30739
18.5426 0.953267 -0.302125
18.5482 0.954923 -0.296851
18.5537 0.956549 -0.291567
18.5592 0.958147 -0.286275
18.5647 0.959714 -0.280974
18.5703 0.961253 -0.275664
18.5758 0.962762 -0.270346
18.5813 0.964242 -0.26502
18.5869 0.965692 -0.259685
18.5924 0.967113 -0.254343
18.5979 0.968504 -0.248993
18.6034 0.969866 -0.243635
18.609 0.971198 -0.23827
18.6145 0.9725 -0.232897
18.62 0.973773 -0.227518
18.6256 0.975016 -0.222131
18.6311 0.976229 -0.216738
18.6366 0.977412 -0.211338
18.6421 0.978565 -0.205931
18.6477 0.979689 -0.200519
18.6532 0.980782 -0.1951
18.6587 0.981846 -0.189675
18.6643 0.982879 -0.184244
18.6698 0.983883 -0.178808
18.6753 0.984856 -0.173366
18.6808 0.9858 -0.167919
18.6864 0.986713 -0.162467
18.6919 0.987596 -0.15701
18.6974 0.988449 -0.151548
18.7029 0.989272 -0.146082
18.7085 0.990064 -0.140611
18.714 0.990826 -0.135135
18.7195 0.991558 -0.129656
18.7251 0.99226 -0.124172
18.7306 0.992931 -0.118685
18.7361 0.993572 -0.113194
18.7416 0.994182 -0.1077
18.7472 0.994763 -0.102203
18.7527 0.995312 -0.096702
18.7582 0.995832 -0.0911983
18.7638 0.996321 -0.0856919
18.7693 0.996779 -0.0801829
18.7748 0.997207 -0.0746714
18.7803 0.997605 -0.0691576
18.7859 0.997972 -0.0636417
18.7914 0.998308 -0.0581238
18.7969 0.998614 -0.0526042
18.8025 0.99889 -0.047083
18.808 0.999135 -0.0415603
18.8135 0.999349 -0.0360364
18.819 0.999533 -0.0305114
18.8246 0.999687 -0.0249854
18.8301 0.99981 -0.0194587
18.8356 0.999902 -0.0139314
18.8412 0.999964 -0.00840362
18.8467 0.999995 -0.00287561
18.8522 0.999995 0.00265248
18.8577 0.999966 0.00818049
18.8633 0.999905 0.0137083
18.8688 0.999814 0.0192356
18.8743 0.999692 0.0247624
18.8798 0.99954 0.0302884
18.8854 0.999357 0.0358134
18.8909 0.999144 0.0413374
18.8964 0.9989 0.0468601
18.902 0.998626 0.0523814
18.9075 0.998321 0.0579011
18.913 0.997986 0.063419
18.9185 0.99762 0.068935
18.9241 0.997224 0.0744488
18.9296 0.996797 0.0799604
18.9351 0.99634 0.0854696
18.9407 0.995852 0.0909761
18.9462 0.995334 0.0964799
18.9517 0.994785 0.101981
18.9572 0.994206 0.107478
18.9628 0.993597 0.112973
18.9683 0.992957 0.118464
18.9738 0.992287 0.123951
18.9794 0.991587 0.129435
18.9849 0.990856 0.134914
18.9904 0.990095 0.14039
18.9959 0.989304 0.145861
19.0015 0.988483 0.151328
19.007 0.987631 0.15679
19.0125 0.986749 0.162247
19.0181 0.985837 0.167699
19.0236 0.984895 0.173147
19.0291 0.983923 0.178588
19.0346 0.982921 0.184025
19.0402 0.981888 0.189456
19.0457 0.980826 0.194881
19.0512 0.979734 0.2003
19.0567 0.978611 0.205713
19.0623 0.977459 0.21112
19.0678 0.976277 0.21652
19.0733 0.975065 0.221914
19.0789 0.973824 0.2273
19.0844 0.972552 0.23268
19.0899 0.971251 0.238053
19.0954 0.96992 0.243419
19.101 0.96856 0.248777
19.1065 0.96717 0.254127
19.112 0.96575 0.25947
19.1176 0.964301 0.264805
19.1231 0.962822 0.270131
19.1286 0.961314 0.27545
19.1341 0.959777 0.28076
19.1397 0.95821 0.286061
19.1452 0.956614 0.291354
19.1507 0.954989 0.296638
19.1563 0.953335 0.301912
19.1618 0.951651 0.307178
19.1673 0.949938 0.312434
19.1728 0.948197 0.317681
19.1784 0.946426 0.322917
19.1839 0.944627 0.328144
19.1894 0.942798 0.333361
19.195 0.940941 0.338568
19.2005 0.939055 0.343765
19.206 0.93714 0.34895
19.2115 0.935197 0.354126
19.2171 0.933225 0.35929
19.2226 0.931224 0.364444
19.2281 0.929196 0.369586
19.2336 0.927138 0.374717
19.2392 0.925053 0.379836
19.2447 0.922939 0.384944
19.2502 0.920797 0.390041
19.2558 0.918626 0.395125
19.2613 0.916428 0.400197
19.2668 0.914202 0.405257
19.2723 0.911948 0.410305
19.2779 0.909665 0.41534
19.2834 0.907355 0.420362
19.2889 0.905018 0.425372
19.2945 0.902652 0.430368
19.3 0.90026 0.435351
19.3055 0.897839 0.440321
19.311 0.895391 0.445278
19.3166 0.892916 0.450221
19.3221 0.890414 0.45515
19.3276 0.887884 0.460066
19.3332 0.885327 0.464967
19.3387 0.882743 0.469854
19.3442 0.880132 0.474727
19.3497 0.877495 0.479585
19.3553 0.87483 0.484428
19.3608 0.872139 0.489257
19.3663 0.869421 0.494071
19.3719 0.866676 0.49887
19.3774 0.863905 0.503653
19.3829 0.861108 0.508421
19.3884 0.858284 0.513174
19.394 0.855434 0.51791
19.3995 0.852558 0.522631
19.405 0.849656 0.527336
19.4105 0.846727 0.532025
19.4161 0.843773 0.536698
19.4216 0.840794 0.541354
19.4271 0.837788 0.545994
19.4327 0.834757 0.550617
19.4382 0.8317 0.555223
19.4437 0.828618 0.559812
19.4492 0.825511 0.564384
19.4548 0.822379 0.568939
19.4603 0.819221 0.573477
19.4658 0.816038 0.577997
19.4714 0.81283 0.582499
19.4769 0.809598 0.586983
19.4824 0.806341 0.59145
19.4879 0.803059 0.595899
19.4935 0.799752 0.600329
19.499 0.796421 0.604741
19.5045 0.793066 0.609134
19.5101 0.789687 0.613509
19.5156 0.786283 0.617865
19.5211 0.782856 0.622202
19.5266 0.779404 0.62652
19.5322 0.775929 0.630819
19.5377 0.77243 0.635099
19.5432 0.768907 0.63936
19.5487 0.765361 0.6436
19.5543 0.761791 0.647822
19.5598 0.758198 0.652023
19.5653 0.754582 0.656204
19.5709 0.750943 0.660366
19.5764 0.747281 0.664507
19.5819 0.743596 0.668628
19.5874 0.739889 0.672728
19.593 0.736159 0.676808
19.5985 0.732406 0.680867
19.604 0.728631 0.684906
19.6096 0.724833 0.688923
19.6151 0.721014 0.69292
19.6206 0.717172 0.696895
19.6261 0.713309 0.700849
19.6317 0.709424 0.704781
19.6372 0.705517 0.708692
19.6427 0.701588 0.712582
19.6483 0.697638 0.716449
19.6538 0.693667 0.720295
19.6593 0.689675 0.724118
19.6648 0.685661 0.72792
19.6704 0.681627 0.731699
19.6759 0.677571 0.735456
19.6814 0.673495 0.73919
19.687 0.669399 0.742902
19.6925 0.665282 0.746591
19.698 0.661144 0.750258
19.7035 0.656987 0.753901
19.7091 0.652809 0.757522
19.7146 0.648612 0.761119
19.7201 0.644394 0.764693
19.7256 0.640157 0.768243
19.7312 0.6359 0.77177
19.7367 0.631624 0.775274
19.7422 0.627329 0.778754
19.7478 0.623014 0.78221
19.7533 0.618681 0.785642
19.7588 0.614328 0.78905
19.7643 0.609957 0.792434
19.7699 0.605567 0.795794
19.7754 0.601158 0.799129
19.7809 0.596731 0.80244
19.7865 0.592286 0.805727
19.792 0.587823 0.808989
19.7975 0.583342 0.812226
19.803 0.578843 0.815438
19.8086 0.574326 0.818626
19.8141 0.569792 0.821788
19.8196 0.565241 0.824925
19.8252 0.560672 0.828037
19.8307 0.556086 0.831124
19.8362 0.551483 0.834186
19.8417 0.546863 0.837222
19.8473 0.542226 0.840232
19.8528 0.537573 0.843216
19.8583 0.532904 0.846175
19.8639 0.528218 0.849108
19.8694 0.523516 0.852015
19.8749 0.518798 0.854896
19.8804 0.514064 0.857751
19.886 0.509314 0.86058
19.8915 0.504549 0.863382
19.897 0.499769 0.866158
19.9025 0.494973 0.868908
19.9081 0.490162 0.871631
19.9136 0.485336 0.874327
19.9191 0.480495 0.876997
19.9247 0.47564 0.87964
19.9302 0.47077 0.882256
19.9357 0.465885 0.884845
19.9412 0.460987 0.887406
19.9468 0.456074 0.889941
19.9523 0.451147 0.892449
19.9578 0.446207 0.894929
19.9634 0.441253 0.897382
19.9689 0.436285 0.899808
19.9744 0.431305 0.902206
19.9799 0.42631 0.904576
19.9855 0.421303 0.906919
19.991 0.416283 0.909234
19.9965 0.411251 0.911522
20.0021 0.406206 0.913781
20.0076 0.401148 0.916013
20.0131 0.396078 0.918216
20.0186 0.390996 0.920392
20.0242 0.385902 0.922539
20.0297 0.380796 0.924659
20.0352 0.375679 0.92675
20.0408 0.37055 0.928812
20.0463 0.36541 0.930846
20.0518 0.360258 0.932852
20.0573 0.355096 0.934829
20.0629 0.349923 0.936778
20.0684 0.344739 0.938698
20.0739 0.339544 0.94059
20.0794 0.33434 0.942452
20.085 0.329124 0.944286
20.0905 0.323899 0.946091
20.096 0.318664 0.947867
20.1016 0.31342 0.949614
20.1071 0.308165 0.951333
20.1126 0.302902 0.953022
20.1181 0.297629 0.954681
20.1237 0.292346 0.956312
20.1292 0.287055 0.957914
20.1347 0.281756 0.959486
20.1403 0.276447 0.961029
20.1458 0.27113 0.962542
20.1513 0.265805 0.964026
20.1568 0.260472 0.965481
20.1624 0.255131 0.966906
20.1679 0.249782 0.968302
20.1734 0.244425 0.969668
20.179 0.239061 0.971004
20.1845 0.233689 0.972311
20.19 0.228311 0.973588
20.1955 0.222925 0.974835
20.2011 0.217533 0.976053
20.2066 0.212134 0.97724
20.2121 0.206728 0.978398
20.2177 0.201317 0.979526
20.2232 0.195899 0.980624
20.2287 0.190475 0.981692
20.2342 0.185045 0.98273
20.2398 0.179609 0.983738
20.2453 0.174168 0.984716
20.2508 0.168722 0.985663
20.2563 0.163271 0.986581
20.2619 0.157814 0.987469
20.2674 0.152353 0.988326
20.2729 0.146887 0.989153
20.2785 0.141417 0.98995
20.284 0.135942 0.990717
20.2895 0.130464 0.991453
20.295 0.124981 0.992159
20.3006 0.119494 0.992835
20.3061 0.114004 0.99348
20.3116 0.10851 0.994095
20.3172 0.103013 0.99468
20.3227 0.0975126 0.995234
20.3282 0.0920094 0.995758
20.3337 0.0865034 0.996251
20.3393 0.0809947 0.996714
20.3448 0.0754836 0.997147
20.3503 0.0699701 0.997549
20.3559 0.0644545 0.997921
20.3614 0.058937 0.998262
20.3669 0.0534176 0.998572
20.3724 0.0478966 0.998852
20.378 0.0423741 0.999102
20.3835 0.0368504 0.999321
20.389 0.0313255 0.999509
20.3945 0.0257996 0.999667
20.4001 0.020273 0.999794
20.4056 0.0147458 0.999891
20.4111 0.00921807 0.999958
20.4167 0.00369008 0.999993
20.4222 -0.00183801 0.999998
20.4277 -0.00736605 0.999973
20.4332 -0.0128939 0.999917
20.4388 -0.0184213 0.99983
20.4443 -0.0239481 0.999713
20.4498 -0.0294743 0.999566
20.4554 -0.0349995 0.999387
20.4609 -0.0405236 0.999179
20.4664 -0.0460466 0.998939
20.4719 -0.0515681 0.99867
20.4775 -0.057088 0.998369
20.483 -0.0626062 0.998038
20.4885 -0.0681225 0.997677
20.4941 -0.0736367 0.997285
20.4996 -0.0791486 0.996863
20.5051 -0.0846581 0.99641
20.5106 -0.0901651 0.995927
20.5162 -0.0956692 0.995413
20.5217 -0.101171 0.994869
20.5272 -0.106669 0.994295
20.5328 -0.112164 0.99369
20.5383 -0.117655 0.993055
20.5438 -0.123143 0.992389
20.5493 -0.128627 0.991693
20.5549 -0.134107 0.990967
20.5604 -0.139583 0.99021
20.5659 -0.145055 0.989424
20.5714 -0.150523 0.988607
20.577 -0.155985 0.98776
20.5825 -0.161443 0.986882
20.588 -0.166896 0.985975
20.5936 -0.172344 0.985037
20.5991 -0.177787 0.984069
20.6046 -0.183224 0.983071
20.6101 -0.188656 0.982043
20.6157 -0.194082 0.980985
20.6212 -0.199502 0.979898
20.6267 -0.204916 0.97878
20.6323 -0.210324 0.977632
20.6378 -0.215725 0.976454
20.6433 -0.221119 0.975247
20.6488 -0.226507 0.97401
20.6544 -0.231888 0.972743
20.6599 -0.237262 0.971446
20.6654 -0.242629 0.970119
20.671 -0.247988 0.968763
20.6765 -0.25334 0.967378
20.682 -0.258683 0.965962
20.6875 -0.264019 0.964518
20.6931 -0.269347 0.963043
20.6986 -0.274667 0.96154
20.7041 -0.279978 0.960007
20.7097 -0.285281 0.958444
20.7152 -0.290575 0.956853
20.7207 -0.29586 0.955232
20.7262 -0.301136 0.953581
20.7318 -0.306403 0.951902
20.7373 -0.31166 0.950194
20.7428 -0.316908 0.948456
20.7483 -0.322147 0.94669
20.7539 -0.327375 0.944895
20.7594 -0.332594 0.943071
20.7649 -0.337802 0.941218
20.7705 -0.343 0.939336
20.776 -0.348187 0.937425
20.7815 -0.353364 0.935486
20.787 -0.35853 0.933518
20.7926 -0.363685 0.931522
20.7981 -0.368829 0.929498
20.8036 -0.373962 0.927444
20.8092 -0.379083 0.925363
20.8147 -0.384193 0.923253
20.8202 -0.389291 0.921115
20.8257 -0.394377 0.918949
20.8313 -0.399451 0.916755
20.8368 -0.404513 0.914533
20.8423 -0.409562 0.912283
20.8479 -0.414599 0.910005
20.8534 -0.419623 0.907699
20.8589 -0.424635 0.905365
20.8644 -0.429633 0.903004
20.87 -0.434618 0.900615
20.8755 -0.43959 0.898199
20.881 -0.444549 0.895755
20.8866 -0.449494 0.893284
20.8921 -0.454425 0.890785
20.8976 -0.459343 0.88826
20.9031 -0.464246 0.885707
20.9087 -0.469135 0.883127
20.9142 -0.47401 0.88052
20.9197 -0.47887 0.877886
20.9252 -0.483716 0.875225
20.9308 -0.488547 0.872538
20.9363 -0.493363 0.869824
20.9418 -0.498164 0.867083
20.9474 -0.50295 0.864316
20.9529 -0.50772 0.861523
20.9584 -0.512475 0.858703
20.9639 -0.517214 0.855857
20.9695 -0.521937 0.852984
20.975 -0.526645 0.850086
20.9805 -0.531336 0.847162
20.9861 -0.536011 0.844212
20.9916 -0.54067 0.841236
20.9971 -0.545312 0.838234
21.0026 -0.549937 0.835207
21.0082 -0.554546 0.832154
21.0137 -0.559138 0.829075
21.0192 -0.563712 0.825972
21.0248 -0.56827 0.822843
21.0303 -0.57281 0.819689
21.0358 -0.577332 0.81651
21.0413 -0.581837 0.813306
21.0469 -0.586324 0.810077
21.0524 -0.590794 0.806823
21.0579 -0.595245 0.803545
21.0635 -0.599678 0.800242
21.069 -0.604092 0.796915
21.0745 -0.608489 0.793563
21.08 -0.612866 0.790187
21.0856 -0.617225 0.786787
21.0911 -0.621565 0.783363
21.0966 -0.625886 0.779915
21.1021 -0.630188 0.776443
21.1077 -0.634471 0.772948
21.1132 -0.638734 0.769429
21.1187 -0.642977 0.765886
21.1243 -0.647202 0.76232
21.1298 -0.651406 0.75873
21.1353 -0.65559 0.755118
21.1408 -0.659754 0.751482
21.1464 -0.663899 0.747823
21.1519 -0.668023 0.744142
21.1574 -0.672126 0.740438
21.163 -0.676209 0.736711
21.1685 -0.680271 0.732961
21.174 -0.684313 0.72919
21.1795 -0.688333 0.725396
21.1851 -0.692333 0.721579
21.1906 -0.696311 0.717741
21.1961 -0.700268 0.713881
21.2017 -0.704204 0.709999
21.2072 -0.708118 0.706095
21.2127 -0.712011 0.70217
21.2182 -0.715881 0.698223
21.2238 -0.71973 0.694255
21.2293 -0.723557 0.690266
21.2348 -0.727362 0.686255
21.2403 -0.731145 0.682224
21.2459 -0.734905 0.678171
21.2514 -0.738642 0.674098
21.2569 -0.742358 0.670005
21.2625 -0.74605 0.665891
21.268 -0.74972 0.661756
21.2735 -0.753367 0.657602
21.279 -0.75699 0.653427
21.2846 -0.760591 0.649232
21.2901 -0.764168 0.645018
21.2956 -0.767722 0.640784
21.3012 -0.771253 0.63653
21.3067 -0.77476 0.632257
21.3122 -0.778243 0.627964
21.3177 -0.781703 0.623652
21.3233 -0.785139 0.619321
21.3288 -0.78855 0.614972
21.3343 -0.791938 0.610603
21.3399 -0.795301 0.606216
21.3454 -0.79864 0.60181
21.3509 -0.801955 0.597386
21.3564 -0.805245 0.592944
21.362 -0.808511 0.588483
21.3675 -0.811751 0.584005
21.373 -0.814967 0.579508
21.3786 -0.818158 0.574994
21.3841 -0.821325 0.570463
21.3896 -0.824466 0.565914
21.3951 -0.827581 0.561347
21.4007 -0.830672 0.556764
21.4062 -0.833737 0.552163
21.4117 -0.836777 0.547546
21.4172 -0.839791 0.542912
21.4228 -0.842779 0.538261
21.4283 -0.845742 0.533594
21.4338 -0.848679 0.52891
21.4394 -0.85159 0.524211
21.4449 -0.854475 0.519495
21.4504 -0.857333 0.514763
21.4559 -0.860166 0.510016
21.4615 -0.862972 0.505253
21.467 -0.865752 0.500475
21.4725 -0.868505 0.495681
21.4781 -0.871232 0.490873
21.4836 -0.873933 0.486049
21.4891 -0.876606 0.48121
21.4946 -0.879253 0.476357
21.5002 -0.881873 0.471489
21.5057 -0.884466 0.466607
21.5112 -0.887032 0.46171
21.5168 -0.889571 0.4568
21.5223 -0.892082 0.451875
21.5278 -0.894567 0.446937
21.5333 -0.897024 0.441985
21.5389 -0.899453 0.437019
21.5444 -0.901855 0.43204
21.5499 -0.90423 0.427048
21.5555 -0.906577 0.422043
21.561 -0.908896 0.417025
21.5665 -0.911188 0.411994
21.572 -0.913451 0.406951
21.5776 -0.915687 0.401895
21.5831 -0.917895 0.396827
21.5886 -0.920074 0.391746
21.5941 -0.922226 0.386654
21.5997 -0.924349 0.38155
21.6052 -0.926444 0.376434
21.6107 -0.928511 0.371307
21.6163 -0.930549 0.366169
21.6218 -0.932559 0.361019
21.6273 -0.934541 0.355858
21.6328 -0.936494 0.350687
21.6384 -0.938418 0.345504
21.6439 -0.940314 0.340311
21.6494 -0.942181 0.335108
21.655 -0.944019 0.329894
21.6605 -0.945828 0.324671
21.666 -0.947608 0.319437
21.6715 -0.94936 0.314194
21.6771 -0.951082 0.308941
21.6826 -0.952776 0.303679
21.6881 -0.95444 0.298407
21.6937 -0.956075 0.293126
21.6992 -0.957681 0.287836
21.7047 -0.959257 0.282538
21.7102 -0.960804 0.277231
21.7158 -0.962322 0.271915
21.7213 -0.963811 0.266591
21.7268 -0.96527 0.261259
21.7324 -0.966699 0.255919
21.7379 -0.968099 0.250571
21.7434 -0.96947 0.245216
21.7489 -0.97081 0.239852
21.7545 -0.972121 0.234482
21.76 -0.973403 0.229105
21.7655 -0.974654 0.22372
21.771 -0.975876 0.218329
21.7766 -0.977068 0.212931
21.7821 -0.97823 0.207526
21.7876 -0.979363 0.202115
21.7932 -0.980465 0.196698
21.7987 -0.981537 0.191275
21.8042 -0.98258 0.185846
21.8097 -0.983592 0.180411
21.8153 -0.984575 0.174971
21.8208 -0.985527 0.169526
21.8263 -0.986449 0.164075
21.8319 -0.987341 0.158619
21.8374 -0.988203 0.153159
21.8429 -0.989034 0.147694
21.8484 -0.989835 0.142224
21.854 -0.990607 0.13675
21.8595 -0.991347 0.131272
21.865 -0.992058 0.12579
21.8706 -0.992738 0.120303
21.8761 -0.993388 0.114814
21.8816 -0.994008 0.10932
21.8871 -0.994597 0.103824
21.8927 -0.995155 0.098324
21.8982 -0.995684 0.0928212
21.9037 -0.996182 0.0873156
21.9092 -0.996649 0.0818073
21.9148 -0.997086 0.0762965
21.9203 -0.997493 0.0707833
21.9258 -0.997869 0.065268
21.9314 -0.998214 0.0597507
21.9369 -0.998529 0.0542316
21.9424 -0.998814 0.0487108
21.9479 -0.999068 0.0431886
21.9535 -0.999291 0.037665
21.959 -0.999484 0.0321403
21.9645 -0.999647 0.0266146
21.9701 -0.999779 0.021088
21.9756 -0.99988 0.0155609
21.9811 -0.999951 0.0100332
21.9866 -0.999991 0.00450526
21.9922 -1 -0.00102283
21.9977 -0.99998 -0.00655089
22.0032 -0.999928 -0.0120788
22.0088 -0.999846 -0.0176062
22.0143 -0.999733 -0.0231332
22.0198 -0.99959 -0.0286594
22.0253 -0.999417 -0.0341848
22.0309 -0.999212 -0.0397091
22.0364 -0.998977 -0.0452323
22.0419 -0.998712 -0.050754
22.0475 -0.998416 -0.0562742
22.053 -0.99809 -0.0617926
22.0585 -0.997733 -0.0673092
22.064 -0.997346 -0.0728237
22.0696 -0.996928 -0.078336
22.0751 -0.99648 -0.0838459
22.0806 -0.996001 -0.0893532
22.0861 -0.995492 -0.0948578
22.0917 -0.994952 -0.10036
22.0972 -0.994382 -0.105858
22.1027 -0.993782 -0.111354
22.1083 -0.993151 -0.116846
22.1138 -0.99249 -0.122334
22.1193 -0.991799 -0.127819
22.1248 -0.991077 -0.133299
22.1304 -0.990325 -0.138776
22.1359 -0.989542 -0.144249
22.1414 -0.98873 -0.149717
22.147 -0.987887 -0.15518
22.1525 -0.987014 -0.160639
22.158 -0.986111 -0.166093
22.1635 -0.985178 -0.171542
22.1691 -0.984215 -0.176985
22.1746 -0.983221 -0.182423
22.1801 -0.982198 -0.187856
22.1857 -0.981144 -0.193282
22.1912 -0.980061 -0.198703
22.1967 -0.978947 -0.204118
22.2022 -0.977804 -0.209527
22.2078 -0.976631 -0.214929
22.2133 -0.975428 -0.220324
22.2188 -0.974195 -0.225713
22.2244 -0.972932 -0.231095
22.2299 -0.97164 -0.23647
22.2354 -0.970318 -0.241838
22.2409 -0.968966 -0.247198
22.2465 -0.967585 -0.252551
22.252 -0.966174 -0.257896
22.2575 -0.964733 -0.263233
22.263 -0.963263 -0.268562
22.2686 -0.961764 -0.273883
22.2741 -0.960235 -0.279196
22.2796 -0.958677 -0.2845
22.2852 -0.95709 -0.289795
22.2907 -0.955473 -0.295081
22.2962 -0.953827 -0.300359
22.3017 -0.952152 -0.305627
22.3073 -0.950448 -0.310886
22.3128 -0.948715 -0.316135
22.3183 -0.946953 -0.321375
22.3239 -0.945162 -0.326605
22.3294 -0.943342 -0.331825
22.3349 -0.941493 -0.337035
22.3404 -0.939616 -0.342234
22.346 -0.937709 -0.347423
22.3515 -0.935775 -0.352602
22.357 -0.933811 -0.357769
22.3626 -0.931819 -0.362926
22.3681 -0.929798 -0.368072
22.3736 -0.92775 -0.373206
22.3791 -0.925672 -0.378329
22.3847 -0.923567 -0.38344
22.3902 -0.921433 -0.38854
22.3957 -0.919271 -0.393628
22.4013 -0.917081 -0.398704
22.4068 -0.914863 -0.403767
22.4123 -0.912617 -0.408818
22.4178 -0.910343 -0.413857
22.4234 -0.908041 -0.418883
22.4289 -0.905712 -0.423897
22.4344 -0.903354 -0.428897
22.4399 -0.90097 -0.433884
22.4455 -0.898557 -0.438858
22.451 -0.896118 -0.443819
22.4565 -0.89365 -0.448766
22.4621 -0.891156 -0.453699
22.4676 -0.888634 -0.458619
22.4731 -0.886085 -0.463524
22.4786 -0.883509 -0.468415
22.4842 -0.880906 -0.473292
22.4897 -0.878277 -0.478155
22.4952 -0.87562 -0.483003
22.5008 -0.872936 -0.487836
22.5063 -0.870226 -0.492654
22.5118 -0.86749 -0.497457
22.5173 -0.864726 -0.502245
22.5229 -0.861937 -0.507018
22.5284 -0.859121 -0.511775
22.5339 -0.856278 -0.516516
22.5395 -0.85341 -0.521242
22.545 -0.850516 -0.525952
22.5505 -0.847595 -0.530645
22.556 -0.844649 -0.535323
22.5616 -0.841676 -0.539984
22.5671 -0.838678 -0.544628
22.5726 -0.835655 -0.549256
22.5782 -0.832606 -0.553868
22.5837 -0.829531 -0.558462
22.5892 -0.826431 -0.563039
22.5947 -0.823306 -0.567599
22.6003 -0.820156 -0.572142
22.6058 -0.816981 -0.576667
22.6113 -0.81378 -0.581174
22.6168 -0.810555 -0.585664
22.6224 -0.807305 -0.590136
22.6279 -0.80403 -0.59459
22.6334 -0.800731 -0.599025
22.639 -0.797407 -0.603443
22.6445 -0.794059 -0.607842
22.65 -0.790687 -0.612222
22.6555 -0.787291 -0.616583
22.6611 -0.78387 -0.620926
22.6666 -0.780425 -0.62525
22.6721 -0.776957 -0.629555
22.6777 -0.773465 -0.63384
22.6832 -0.769949 -0.638106
22.6887 -0.76641 -0.642353
22.6942 -0.762847 -0.64658
22.6998 -0.759261 -0.650787
22.7053 -0.755652 -0.654974
22.7108 -0.75202 -0.659142
22.7164 -0.748365 -0.663289
22.7219 -0.744686 -0.667416
22.7274 -0.740986 -0.671522
22.7329 -0.737262 -0.675608
22.7385 -0.733516 -0.679673
22.744 -0.729747 -0.683718
22.7495 -0.725957 -0.687742
22.755 -0.722144 -0.691744
22.7606 -0.718309 -0.695726
22.7661 -0.714452 -0.699686
22.7716 -0.710573 -0.703625
22.7772 -0.706672 -0.707542
22.7827 -0.70275 -0.711438
22.7882 -0.698806 -0.715312
22.7937 -0.694841 -0.719164
22.7993 -0.690855 -0.722994
22.8048 -0.686848 -0.726802
22.8103 -0.68282 -0.730588
22.8159 -0.67877 -0.734351
22.8214 -0.6747 -0.738093
22.8269 -0.67061 -0.741811
22.8324 -0.666499 -0.745507
22.838 -0.662367 -0.74918
22.8435 -0.658216 -0.75283
22.849 -0.654044 -0.756457
22.8546 -0.649852 -0.760061
22.8601 -0.645641 -0.763642
22.8656 -0.641409 -0.7672
22.8711 -0.637158 -0.770734
22.8767 -0.632888 -0.774244
22.8822 -0.628598 -0.777731
22.8877 -0.624289 -0.781194
22.8933 -0.619961 -0.784633
22.8988 -0.615614 -0.788048
22.9043 -0.611248 -0.79144
22.9098 -0.606864 -0.794806
22.9154 -0.602461 -0.798149
22.9209 -0.59804 -0.801467
22.9264 -0.5936 -0.804761
22.9319 -0.589142 -0.80803
22.9375 -0.584666 -0.811275
22.943 -0.580172 -0.814494
22.9485 -0.575661 -0.817689
22.9541 -0.571132 -0.820859
22.9596 -0.566585 -0.824004
22.9651 -0.562022 -0.827123
22.9706 -0.557441 -0.830217
22.9762 -0.552843 -0.833286
22.9817 -0.548228 -0.83633
22.9872 -0.543596 -0.839348
22.9928 -0.538948 -0.84234
22.9983 -0.534283 -0.845306
23.0038 -0.529602 -0.848247
23.0093 -0.524905 -0.851162
23.0149 -0.520191 -0.85405
23.0204 -0.515462 -0.856913
23.0259 -0.510717 -0.859749
23.0315 -0.505957 -0.86256
23.037 -0.501181 -0.865343
23.0425 -0.496389 -0.868101
23.048 -0.491583 -0.870831
23.0536 -0.486761 -0.873536
23.0591 -0.481925 -0.876213
23.0646 -0.477074 -0.878864
23.0702 -0.472208 -0.881488
23.0757 -0.467328 -0.884085
23.0812 -0.462433 -0.886655
23.0867 -0.457525 -0.889197
23.0923 -0.452602 -0.891713
23.0978 -0.447666 -0.894201
23.1033 -0.442716 -0.896662
23.1088 -0.437752 -0.899096
23.1144 -0.432775 -0.901502
23.1199 -0.427785 -0.903881
23.1254 -0.422782 -0.906232
23.131 -0.417766 -0.908555
23.1365 -0.412737 -0.910851
23.142 -0.407695 -0.913119
23.1475 -0.402641 -0.915358
23.1531 -0.397575 -0.91757
23.1586 -0.392496 -0.919754
23.1641 -0.387406 -0.92191
23.1697 -0.382303 -0.924037
23.1752 -0.37719 -0.926137
23.1807 -0.372064 -0.928207
23.1862 -0.366927 -0.93025
23.1918 -0.361779 -0.932264
23.1973 -0.35662 -0.93425
23.2028 -0.35145 -0.936207
23.2084 -0.346269 -0.938136
23.2139 -0.341078 -0.940035
23.2194 -0.335876 -0.941907
23.2249 -0.330664 -0.943749
23.2305 -0.325442 -0.945562
23.236 -0.320209 -0.947347
23.2415 -0.314968 -0.949103
23.2471 -0.309716 -0.950829
23.2526 -0.304455 -0.952527
23.2581 -0.299185 -0.954196
23.2636 -0.293905 -0.955835
23.2692 -0.288617 -0.957445
23.2747 -0.28332 -0.959026
23.2802 -0.278014 -0.960577
23.2857 -0.272699 -0.9621
23.2913 -0.267377 -0.963592
23.2968 -0.262046 -0.965056
23.3023 -0.256707 -0.96649
23.3079 -0.25136 -0.967894
23.3134 -0.246006 -0.969269
23.3189 -0.240644 -0.970614
23.3244 -0.235274 -0.971929
23.33 -0.229898 -0.973215
23.3355 -0.224514 -0.974471
23.341 -0.219124 -0.975697
23.3466 -0.213727 -0.976894
23.3521 -0.208323 -0.97806
23.3576 -0.202913 -0.979197
23.3631 -0.197497 -0.980304
23.3687 -0.192075 -0.98138
23.3742 -0.186647 -0.982427
23.3797 -0.181213 -0.983444
23.3853 -0.175774 -0.984431
23.3908 -0.170329 -0.985387
23.3963 -0.164879 -0.986314
23.4018 -0.159424 -0.98721
23.4074 -0.153964 -0.988077
23.4129 -0.1485 -0.988913
23.4184 -0.143031 -0.989718
23.4239 -0.137557 -0.990494
23.4295 -0.13208 -0.991239
23.435 -0.126598 -0.991954
23.4405 -0.121113 -0.992639
23.4461 -0.115623 -0.993293
23.4516 -0.110131 -0.993917
23.4571 -0.104634 -0.994511
23.4626 -0.0991352 -0.995074
23.4682 -0.0936328 -0.995607
23.4737 -0.0881276 -0.996109
23.4792 -0.0826197 -0.996581
23.4848 -0.0771092 -0.997023
23.4903 -0.0715964 -0.997434
23.4958 -0.0660814 -0.997814
23.5013 -0.0605644 -0.998164
23.5069 -0.0550456 -0.998484
23.5124 -0.0495251 -0.998773
23.5179 -0.044003 -0.999031
23.5235 -0.0384796 -0.999259
23.529 -0.032955 -0.999457
23.5345 -0.0274295 -0.999624
23.54 -0.0219031 -0.99976
23.5456 -0.016376 -0.999866
23.5511 -0.0108484 -0.999941
23.5566 -0.00532047 -0.999986
23.5622 0.000207613 -1
23.5677 0.00573568 -0.999984
23.5732 0.0112636 -0.999937
23.5787 0.0167911 -0.999859
23.5843 0.0223182 -0.999751
23.5898 0.0278445 -0.999612
23.5953 0.03337 -0.999443
23.6008 0.0388945 -0.999243
23.6064 0.0444178 -0.999013
23.6119 0.0499398 -0.998752
23.6174 0.0554602 -0.998461
23.623 0.0609789 -0.998139
23.6285 0.0664958 -0.997787
23.634 0.0720106 -0.997404
23.6395 0.0775232 -0.99699
23.6451 0.0830335 -0.996547
23.6506 0.0885412 -0.996072
23.6561 0.0940462 -0.995568
23.6617 0.0995483 -0.995033
23.6672 0.105047 -0.994467
23.6727 0.110543 -0.993871
23.6782 0.116036 -0.993245
23.6838 0.121525 -0.992588
23.6893 0.12701 -0.991901
23.6948 0.132491 -0.991184
23.7004 0.137969 -0.990436
23.7059 0.143442 -0.989659
23.7114 0.14891 -0.988851
23.7169 0.154375 -0.988012
23.7225 0.159834 -0.987144
23.728 0.165289 -0.986245
23.7335 0.170738 -0.985316
23.7391 0.176182 -0.984357
23.7446 0.181621 -0.983368
23.7501 0.187055 -0.982349
23.7556 0.192482 -0.9813
23.7612 0.197904 -0.980221
23.7667 0.20332 -0.979112
23.7722 0.208729 -0.977973
23.7777 0.214132 -0.976804
23.7833 0.219529 -0.975606
23.7888 0.224919 -0.974377
23.7943 0.230302 -0.973119
23.7999 0.235678 -0.971831
23.8054 0.241047 -0.970513
23.8109 0.246408 -0.969166
23.8164 0.251762 -0.967789
23.822 0.257108 -0.966382
23.8275 0.262446 -0.964946
23.833 0.267777 -0.963481
23.8386 0.273099 -0.961986
23.8441 0.278412 -0.960461
23.8496 0.283718 -0.958908
23.8551 0.289014 -0.957324
23.8607 0.294302 -0.955712
23.8662 0.299581 -0.954071
23.8717 0.30485 -0.9524
23.8773 0.310111 -0.9507
23.8828 0.315361 -0.948971
23.8883 0.320603 -0.947213
23.8938 0.325834 -0.945427
23.8994 0.331055 -0.943611
23.9049 0.336267 -0.941766
23.9104 0.341468 -0.939893
23.916 0.346658 -0.937991
23.9215 0.351838 -0.93606
23.927 0.357008 -0.934101
23.9325 0.362166 -0.932113
23.9381 0.367313 -0.930097
23.9436 0.372449 -0.928052
23.9491 0.377574 -0.925979
23.9546 0.382687 -0.923878
23.9602 0.387788 -0.921748
23.9657 0.392878 -0.91959
23.9712 0.397955 -0.917404
23.9768 0.403021 -0.91519
23.9823 0.408074 -0.912948
23.9878 0.413115 -0.910679
23.9933 0.418143 -0.908381
23.9989 0.423158 -0.906056
24.0044 0.42816 -0.903702
24.0099 0.433149 -0.901322
24.0155 0.438125 -0.898913
24.021 0.443088 -0.896478
24.0265 0.448037 -0.894015
24.032 0.452972 -0.891524
24.0376 0.457894 -0.889007
24.0431 0.462801 -0.886462
24.0486 0.467694 -0.88389
24.0542 0.472573 -0.881291
24.0597 0.477438 -0.878665
24.0652 0.482288 -0.876012
24.0707 0.487123 -0.873333
24.0763 0.491944 -0.870626
24.0818 0.496749 -0.867894
24.0873 0.501539 -0.865134
24.0929 0.506314 -0.862348
24.0984 0.511074 -0.859536
24.1039 0.515817 -0.856698
24.1094 0.520545 -0.853833
24.115 0.525258 -0.850943
24.1205 0.529954 -0.848026
24.126 0.534633 -0.845083
24.1315 0.539297 -0.842115
24.1371 0.543944 -0.839121
24.1426 0.548574 -0.836101
24.1481 0.553188 -0.833056
24.1537 0.557785 -0.829985
24.1592 0.562364 -0.826889
24.1647 0.566927 -0.823767
24.1702 0.571472 -0.820621
24.1758 0.576 -0.817449
24.1813 0.58051 -0.814252
24.1868 0.585002 -0.811031
24.1924 0.589477 -0.807785
24.1979 0.593933 -0.804514
24.2034 0.598372 -0.801218
24.2089 0.602792 -0.797898
24.2145 0.607193 -0.794553
24.22 0.611576 -0.791185
24.2255 0.615941 -0.787792
24.2311 0.620286 -0.784375
24.2366 0.624613 -0.780934
24.2421 0.62892 -0.777469
24.2476 0.633209 -0.77398
24.2532 0.637478 -0.770468
24.2587 0.641727 -0.766932
24.2642 0.645957 -0.763373
24.2697 0.650167 -0.75979
24.2753 0.654357 -0.756185
24.2808 0.658528 -0.752556
24.2863 0.662678 -0.748904
24.2919 0.666808 -0.745229
24.2974 0.670917 -0.741531
24.3029 0.675006 -0.737811
24.3084 0.679074 -0.734068
24.314 0.683122 -0.730303
24.3195 0.687149 -0.726516
24.325 0.691155 -0.722706
24.3306 0.695139 -0.718874
24.3361 0.699103 -0.71502
24.3416 0.703045 -0.711145
24.3471 0.706965 -0.707248
24.3527 0.710864 -0.703329
24.3582 0.714741 -0.699388
24.3637 0.718596 -0.695426
24.3693 0.72243 -0.691443
24.3748 0.726241 -0.687439
24.3803 0.73003 -0.683414
24.3858 0.733797 -0.679368
24.3914 0.737541 -0.675301
24.3969 0.741263 -0.671213
24.4024 0.744963 -0.667105
24.408 0.748639 -0.662977
24.4135 0.752292 -0.658828
24.419 0.755923 -0.654659
24.4245 0.75953 -0.650471
24.4301 0.763115 -0.646262
24.4356 0.766676 -0.642033
24.4411 0.770213 -0.637785
24.4466 0.773727 -0.633518
24.4522 0.777217 -0.629231
24.4577 0.780684 -0.624925
24.4632 0.784127 -0.6206
24.4688 0.787545 -0.616255
24.4743 0.79094 -0.611892
24.4798 0.794311 -0.607511
24.4853 0.797657 -0.60311
24.4909 0.800979 -0.598692
24.4964 0.804276 -0.594255
24.5019 0.807549 -0.589799
24.5075 0.810797 -0.585326
24.513 0.81402 -0.580835
24.5185 0.817219 -0.576326
24.524 0.820392 -0.5718
24.5296 0.823541 -0.567256
24.5351 0.826664 -0.562695
24.5406 0.829762 -0.558116
24.5462 0.832834 -0.553521
24.5517 0.835882 -0.548908
24.5572 0.838903 -0.544279
24.5627 0.841899 -0.539633
24.5683 0.84487 -0.534971
24.5738 0.847814 -0.530292
24.5793 0.850733 -0.525597
24.5849 0.853625 -0.520886
24.5904 0.856492 -0.516159
24.5959 0.859332 -0.511417
24.6014 0.862146 -0.506659
24.607 0.864934 -0.501885
24.6125 0.867695 -0.497096
24.618 0.870429 -0.492291
24.6235 0.873138 -0.487472
24.6291 0.875819 -0.482638
24.6346 0.878474 -0.477789
24.6401 0.881102 -0.472925
24.6457 0.883702 -0.468047
24.6512 0.886276 -0.463155
24.6567 0.888823 -0.458248
24.6622 0.891343 -0.453328
24.6678 0.893835 -0.448394
24.6733 0.8963 -0.443446
24.6788 0.898738 -0.438484
24.6844 0.901148 -0.433509
24.6899 0.903531 -0.428521
24.6954 0.905886 -0.423519
24.7009 0.908213 -0.418505
24.7065 0.910513 -0.413478
24.712 0.912785 -0.408438
24.7175 0.915029 -0.403386
24.7231 0.917245 -0.398322
24.7286 0.919433 -0.393245
24.7341 0.921593 -0.388156
24.7396 0.923724 -0.383056
24.7452 0.925828 -0.377943
24.7507 0.927903 -0.37282
24.7562 0.92995 -0.367684
24.7618 0.931968 -0.362538
24.7673 0.933958 -0.35738
24.7728 0.935919 -0.352212
24.7783 0.937852 -0.347033
24.7839 0.939756 -0.341843
24.7894 0.941631 -0.336643
24.7949 0.943478 -0.331432
24.8004 0.945296 -0.326211
24.806 0.947085 -0.320981
24.8115 0.948845 -0.31574
24.817 0.950576 -0.31049
24.8226 0.952277 -0.305231
24.8281 0.95395 -0.299962
24.8336 0.955594 -0.294684
24.8391 0.957208 -0.289396
24.8447 0.958793 -0.284101
24.8502 0.960349 -0.278796
24.8557 0.961876 -0.273483
24.8613 0.963373 -0.268161
24.8668 0.964841 -0.262832
24.8723 0.966279 -0.257494
24.8778 0.967688 -0.252148
24.8834 0.969067 -0.246795
24.8889 0.970416 -0.241434
24.8944 0.971736 -0.236066
24.9 0.973026 -0.23069
24.9055 0.974287 -0.225308
24.911 0.975517 -0.219919
24.9165 0.976718 -0.214522
24.9221 0.977889 -0.20912
24.9276 0.97903 -0.203711
24.9331 0.980141 -0.198295
24.9387 0.981223 -0.192874
24.9442 0.982274 -0.187447
24.9497 0.983295 -0.182014
24.9552 0.984286 -0.176575
24.9608 0.985247 -0.171132
24.9663 0.986178 -0.165682
24.9718 0.987079 -0.160228
24.9773 0.98795 -0.154769
24.9829 0.98879 -0.149305
24.9884 0.9896 -0.143837
24.9939 0.99038 -0.138364
24.9995 0.99113 -0.132887
25.005 0.99185 -0.127406
25.0105 0.992539 -0.121921
25.016 0.993198 -0.116432
25.0216 0.993826 -0.11094
25.0271 0.994424 -0.105444
25.0326 0.994992 -0.0999456
25.0382 0.995529 -0.0944437
25.0437 0.996036 -0.0889389
25.0492 0.996513 -0.0834314
25.0547 0.996959 -0.0779213
25.0603 0.997374 -0.0724088
25.0658 0.997759 -0.0668942
25.0713 0.998114 -0.0613775
25.0769 0.998438 -0.0558589
25.0824 0.998731 -0.0503386
25.0879 0.998994 -0.0448168
25.0934 0.999227 -0.0392936
25.099 0.999429 -0.0337692
25.1045 0.9996 -0.0282437
25.11 0.999741 -0.0227174
25.1155 0.999851 -0.0171904
25.1211 0.999931 -0.0116629
25.1266 0.99998 -0.00613503
25.1321 0.999999 -0.000606973
25.1377 0.999987 0.00492111
25.1432 0.999944 0.010449
25.1487 0.999871 0.0159766
25.1542 0.999768 0.0215038
25.1598 0.999634 0.0270302
25.1653 0.999469 0.0325559
25.1708 0.999274 0.0380805
25.1764 0.999048 0.043604
25.1819 0.998792 0.0491261
25.1874 0.998505 0.0546468
25.1929 0.998187 0.0601658
25.1985 0.99784 0.0656829
25.204 0.997461 0.071198
25.2095 0.997052 0.076711
25.2151 0.996613 0.0822216
25.2206 0.996143 0.0877297
25.2261 0.995643 0.0932351
25.2316 0.995112 0.0987377
25.2372 0.994551 0.104237
25.2427 0.99396 0.109734
25.2482 0.993338 0.115227
25.2538 0.992686 0.120716
25.2593 0.992004 0.126202
25.2648 0.991291 0.131684
25.2703 0.990548 0.137162
25.2759 0.989774 0.142635
25.2814 0.988971 0.148105
25.2869 0.988137 0.15357
25.2924 0.987273 0.15903
25.298 0.986379 0.164485
25.3035 0.985454 0.169935
25.309 0.9845 0.17538
25.3146 0.983515 0.18082
25.3201 0.982501 0.186254
25.3256 0.981456 0.191683
25.3311 0.980381 0.197106
25.3367 0.979277 0.202522
25.3422 0.978142 0.207933
25.3477 0.976978 0.213337
25.3533 0.975783 0.218734
25.3588 0.974559 0.224125
25.3643 0.973306 0.229509
25.3698 0.972022 0.234886
25.3754 0.970709 0.240256
25.3809 0.969366 0.245618
25.3864 0.967993 0.250973
25.392 0.966591 0.256321
25.3975 0.965159 0.26166
25.403 0.963698 0.266992
25.4085 0.962207 0.272315
25.4141 0.960687 0.27763
25.4196 0.959138 0.282936
25.4251 0.957559 0.288234
25.4307 0.955951 0.293523
25.4362 0.954314 0.298803
25.4417 0.952647 0.304074
25.4472 0.950952 0.309336
25.4528 0.949227 0.314588
25.4583 0.947474 0.319831
25.4638 0.945691 0.325064
25.4693 0.94388 0.330287
25.4749 0.942039 0.335499
25.4804 0.94017 0.340702
25.4859 0.938273 0.345894
25.4915 0.936346 0.351076
25.497 0.934391 0.356246
25.5025 0.932407 0.361406
25.508 0.930395 0.366555
25.5136 0.928355 0.371693
25.5191 0.926286 0.376819
25.5246 0.924189 0.381934
25.5302 0.922063 0.387037
25.5357 0.919909 0.392129
25.5412 0.917728 0.397208
25.5467 0.915518 0.402275
25.5523 0.91328 0.40733
25.5578 0.911014 0.412372
25.5633 0.908721 0.417402
25.5689 0.906399 0.422419
25.5744 0.90405 0.427424
25.5799 0.901674 0.432415
25.5854 0.89927 0.437393
25.591 0.896838 0.442357
25.5965 0.894379 0.447308
25.602 0.891892 0.452246
25.6076 0.889379 0.457169
25.6131 0.886838 0.462079
25.6186 0.88427 0.466974
25.6241 0.881675 0.471855
25.6297 0.879053 0.476722
25.6352 0.876404 0.481574
25.6407 0.873729 0.486412
25.6462 0.871026 0.491234
25.6518 0.868298 0.496042
25.6573 0.865542 0.500834
25.6628 0.86276 0.505612
25.6684 0.859952 0.510373
25.6739 0.857117 0.515119
25.6794 0.854257 0.51985
25.6849 0.85137 0.524564
25.6905 0.848457 0.529263
25.696 0.845518 0.533945
25.7015 0.842554 0.538611
25.7071 0.839563 0.54326
25.7126 0.836547 0.547893
25.7181 0.833506 0.552509
25.7236 0.830439 0.557108
25.7292 0.827346 0.561691
25.7347 0.824229 0.566256
25.7402 0.821086 0.570803
25.7458 0.817918 0.575334
25.7513 0.814725 0.579846
25.7568 0.811507 0.584341
25.7623 0.808264 0.588819
25.7679 0.804997 0.593278
25.7734 0.801705 0.597719
25.7789 0.798388 0.602142
25.7845 0.795047 0.606546
25.79 0.791682 0.610932
25.7955 0.788293 0.615299
25.801 0.784879 0.619647
25.8066 0.781442 0.623977
25.8121 0.777981 0.628287
25.8176 0.774496 0.632578
25.8231 0.770987 0.63685
25.8287 0.767454 0.641102
25.8342 0.763899 0.645335
25.8397 0.76032 0.649548
25.8453 0.756717 0.653741
25.8508 0.753092 0.657914
25.8563 0.749443 0.662068
25.8618 0.745772 0.6662
25.8674 0.742078 0.670313
25.8729 0.738361 0.674405
25.8784 0.734621 0.678476
25.884 0.730859 0.682527
25.8895 0.727075 0.686557
25.895 0.723269 0.690566
25.9005 0.71944 0.694553
25.9061 0.71559 0.69852
25.9116 0.711717 0.702465
25.9171 0.707823 0.706389
25.9227 0.703907 0.710291
25.9282 0.69997 0.714171
25.9337 0.696011 0.71803
25.9392 0.692031 0.721866
25.9448 0.68803 0.725681
25.9503 0.684008 0.729473
25.9558 0.679965 0.733244
25.9614 0.675901 0.736991
25.9669 0.671817 0.740716
25.9724 0.667712 0.744419
25.9779 0.663586 0.748099
25.9835 0.659441 0.751756
25.989 0.655275 0.75539
25.9945 0.651089 0.759001
26 0.646883 0.762588
26.0056 0.642658 0.766153
26.0111 0.638413 0.769694
26.0166 0.634148 0.773211
26.0222 0.629864 0.776705
26.0277 0.625561 0.780175
26.0332 0.621238 0.783621
26.0387 0.616897 0.787043
26.0443 0.612536 0.790442
26.0498 0.608157 0.793816
26.0553 0.60376 0.797165
26.0609 0.599344 0.800491
26.0664 0.59491 0.803792
26.0719 0.590457 0.807068
26.0774 0.585986 0.81032
26.083 0.581498 0.813547
26.0885 0.576992 0.816749
26.094 0.572468 0.819926
26.0996 0.567927 0.823079
26.1051 0.563368 0.826206
26.1106 0.558792 0.829307
26.1161 0.554199 0.832384
26.1217 0.549589 0.835435
26.1272 0.544962 0.83846
26.1327 0.540319 0.84146
26.1382 0.535659 0.844434
26.1438 0.530983 0.847382
26.1493 0.52629 0.850304
26.1548 0.521582 0.853201
26.1604 0.516857 0.856071
26.1659 0.512117 0.858915
26.1714 0.507361 0.861733
26.1769 0.502589 0.864525
26.1825 0.497802 0.86729
26.188 0.493 0.870029
26.1935 0.488183 0.872741
26.1991 0.483351 0.875426
26.2046 0.478504 0.878085
26.2101 0.473643 0.880716
26.2156 0.468767 0.883321
26.2212 0.463877 0.885899
26.2267 0.458972 0.88845
26.2322 0.454054 0.890974
26.2378 0.449122 0.89347
26.2433 0.444176 0.895939
26.2488 0.439216 0.898381
26.2543 0.434243 0.900795
26.2599 0.429257 0.903182
26.2654 0.424257 0.905541
26.2709 0.419245 0.907873
26.2765 0.41422 0.910176
26.282 0.409182 0.912452
26.2875 0.404132 0.9147
26.293 0.399069 0.916921
26.2986 0.393994 0.919113
26.3041 0.388907 0.921277
26.3096 0.383808 0.923412
26.3151 0.378698 0.92552
26.3207 0.373575 0.927599
26.3262 0.368442 0.92965
26.3317 0.363297 0.931673
26.3373 0.358141 0.933667
26.3428 0.352974 0.935633
26.3483 0.347797 0.93757
26.3538 0.342608 0.939478
26.3594 0.33741 0.941358
26.3649 0.332201 0.943208
26.3704 0.326981 0.94503
26.376 0.321752 0.946824
26.3815 0.316513 0.948588
26.387 0.311265 0.950323
26.3925 0.306006 0.952029
26.3981 0.300739 0.953706
26.4036 0.295462 0.955354
26.4091 0.290176 0.956973
26.4147 0.284882 0.958562
26.4202 0.279578 0.960123
26.4257 0.274266 0.961653
26.4312 0.268946 0.963155
26.4368 0.263618 0.964627
26.4423 0.258281 0.96607
26.4478 0.252937 0.967483
26.4534 0.247584 0.968866
26.4589 0.242225 0.97022
26.4644 0.236857 0.971544
26.4699 0.231483 0.972839
26.4755 0.226102 0.974103
26.481 0.220713 0.975339
26.4865 0.215318 0.976544
26.492 0.209916 0.977719
26.4976 0.204508 0.978865
26.5031 0.199094 0.97998
26.5086 0.193674 0.981066
26.5142 0.188247 0.982121
26.5197 0.182815 0.983147
26.5252 0.177377 0.984143
26.5307 0.171934 0.985108
26.5363 0.166486 0.986044
26.5418 0.161032 0.986949
26.5473 0.155574 0.987824
26.5529 0.150111 0.988669
26.5584 0.144643 0.989484
26.5639 0.139171 0.990268
26.5694 0.133695 0.991022
26.575 0.128214 0.991746
26.5805 0.12273 0.99244
26.586 0.117241 0.993103
26.5916 0.11175 0.993736
26.5971 0.106255 0.994339
26.6026 0.100756 0.994911
26.6081 0.0952547 0.995453
26.6137 0.0897503 0.995964
26.6192 0.0842432 0.996445
26.6247 0.0787335 0.996896
26.6303 0.0732213 0.997316
26.6358 0.067707 0.997705
26.6413 0.0621906 0.998064
26.6468 0.0566722 0.998393
26.6524 0.0511522 0.998691
26.6579 0.0456306 0.998958
26.6634 0.0401076 0.999195
26.6689 0.0345833 0.999402
26.6745 0.029058 0.999578
26.68 0.0235318 0.999723
26.6855 0.0180049 0.999838
26.6911 0.0124775 0.999922
26.6966 0.00694964 0.999976
26.7021 0.00142159 0.999999
26.7076 -0.0041065 0.999992
26.7132 -0.00963447 0.999954
26.7187 -0.0151621 0.999885
26.7242 -0.0206893 0.999786
26.7298 -0.0262159 0.999656
26.7353 -0.0317417 0.999496
26.7408 -0.0372665 0.999305
26.7463 -0.0427902 0.999084
26.7519 -0.0483125 0.998832
26.7574 -0.0538334 0.99855
26.7629 -0.0593526 0.998237
26.7685 -0.0648701 0.997894
26.774 -0.0703855 0.99752
26.7795 -0.0758988 0.997116
26.785 -0.0814098 0.996681
26.7906 -0.0869183 0.996216
26.7961 -0.0924241 0.99572
26.8016 -0.0979271 0.995194
26.8071 -0.103427 0.994637
26.8127 -0.108924 0.99405
26.8182 -0.114417 0.993433
26.8237 -0.119907 0.992785
26.8293 -0.125394 0.992107
26.8348 -0.130876 0.991399
26.8403 -0.136355 0.99066
26.8458 -0.141829 0.989891
26.8514 -0.147299 0.989092
26.8569 -0.152765 0.988263
26.8624 -0.158226 0.987403
26.868 -0.163682 0.986513
26.8735 -0.169133 0.985593
26.879 -0.174579 0.984643
26.8845 -0.180019 0.983663
26.8901 -0.185454 0.982653
26.8956 -0.190883 0.981613
26.9011 -0.196307 0.980543
26.9067 -0.201724 0.979443
26.9122 -0.207136 0.978312
26.9177 -0.212541 0.977152
26.9232 -0.217939 0.975963
26.9288 -0.223331 0.974743
26.9343 -0.228716 0.973493
26.9398 -0.234094 0.972214
26.9454 -0.239465 0.970905
26.9509 -0.244829 0.969567
26.9564 -0.250185 0.968198
26.9619 -0.255533 0.966801
26.9675 -0.260874 0.965373
26.973 -0.266207 0.963916
26.9785 -0.271531 0.96243
26.984 -0.276847 0.960914
26.9896 -0.282155 0.959369
26.9951 -0.287454 0.957795
27.0006 -0.292745 0.956191
27.0062 -0.298026 0.954558
27.0117 -0.303298 0.952896
27.0172 -0.308562 0.951205
27.0227 -0.313815 0.949484
27.0283 -0.319059 0.947735
27.0338 -0.324293 0.945957
27.0393 -0.329518 0.94415
27.0449 -0.334732 0.942314
27.0504 -0.339936 0.940449
27.0559 -0.34513 0.938555
27.0614 -0.350313 0.936633
27.067 -0.355485 0.934682
27.0725 -0.360647 0.932703
27.078 -0.365798 0.930695
27.0836 -0.370937 0.928658
27.0891 -0.376065 0.926594
27.0946 -0.381181 0.924501
27.1001 -0.386286 0.922379
27.1057 -0.391379 0.92023
27.1112 -0.396461 0.918052
27.1167 -0.40153 0.915847
27.1223 -0.406586 0.913613
27.1278 -0.411631 0.911351
27.1333 -0.416662 0.909062
27.1388 -0.421681 0.906745
27.1444 -0.426687 0.9044
27.1499 -0.43168 0.902027
27.1554 -0.43666 0.899627
27.1609 -0.441627 0.897199
27.1665 -0.44658 0.894744
27.172 -0.451519 0.892262
27.1775 -0.456445 0.889752
27.1831 -0.461357 0.887215
27.1886 -0.466254 0.884651
27.1941 -0.471137 0.88206
27.1996 -0.476006 0.879442
27.2052 -0.480861 0.876798
27.2107 -0.4857 0.874126
27.2162 -0.490525 0.871428
27.2218 -0.495335 0.868703
27.2273 -0.50013 0.865951
27.2328 -0.504909 0.863173
27.2383 -0.509673 0.860369
27.2439 -0.514421 0.857538
27.2494 -0.519154 0.854681
27.2549 -0.523871 0.851798
27.2605 -0.528572 0.848889
27.266 -0.533256 0.845954
27.2715 -0.537925 0.842994
27.277 -0.542577 0.840007
27.2826 -0.547212 0.836995
27.2881 -0.551831 0.833957
27.2936 -0.556432 0.830894
27.2992 -0.561017 0.827805
27.3047 -0.565585 0.824691
27.3102 -0.570135 0.821552
27.3157 -0.574668 0.818387
27.3213 -0.579183 0.815198
27.3268 -0.583681 0.811984
27.3323 -0.588161 0.808745
27.3378 -0.592622 0.805481
27.3434 -0.597066 0.802193
27.3489 -0.601492 0.79888
27.3544 -0.605899 0.795543
27.36 -0.610287 0.792181
27.3655 -0.614657 0.788795
27.371 -0.619008 0.785385
27.3765 -0.62334 0.781951
27.3821 -0.627654 0.778494
27.3876 -0.631948 0.775012
27.3931 -0.636222 0.771507
27.3987 -0.640478 0.767978
27.4042 -0.644713 0.764425
27.4097 -0.648929 0.76085
27.4152 -0.653125 0.757251
27.4208 -0.657301 0.753629
27.4263 -0.661457 0.749984
27.4318 -0.665593 0.746316
27.4374 -0.669709 0.742625
27.4429 -0.673804 0.738911
27.4484 -0.677878 0.735175
27.4539 -0.681932 0.731416
27.4595 -0.685965 0.727635
27.465 -0.689977 0.723832
27.4705 -0.693968 0.720007
27.4761 -0.697937 0.71616
27.4816 -0.701886 0.71229
27.4871 -0.705813 0.7084
27.4926 -0.709718 0.704487
27.4982 -0.713602 0.700553
27.5037 -0.717463 0.696597
27.5092 -0.721303 0.69262
27.5147 -0.725121 0.688622
27.5203 -0.728917 0.684603
27.5258 -0.73269 0.680563
27.5313 -0.736441 0.676503
27.5369 -0.74017 0.672421
27.5424 -0.743876 0.668319
27.5479 -0.747559 0.664197
27.5534 -0.751219 0.660054
27.559 -0.754856 0.655891
27.5645 -0.758471 0.651708
27.57 -0.762062 0.647505
27.5756 -0.76563 0.643283
27.5811 -0.769174 0.639041
27.5866 -0.772695 0.634779
27.5921 -0.776192 0.630498
27.5977 -0.779666 0.626197
27.6032 -0.783116 0.621877
27.6087 -0.786541 0.617539
27.6143 -0.789943 0.613181
27.6198 -0.793321 0.608805
27.6253 -0.796674 0.60441
27.6308 -0.800003 0.599997
27.6364 -0.803308 0.595565
27.6419 -0.806588 0.591115
27.6474 -0.809843 0.586648
27.6529 -0.813074 0.582162
27.6585 -0.81628 0.577658
27.664 -0.819461 0.573137
27.6695 -0.822617 0.568598
27.6751 -0.825747 0.564042
27.6806 -0.828853 0.559468
27.6861 -0.831933 0.554878
27.6916 -0.834987 0.55027
27.6972 -0.838017 0.545646
27.7027 -0.84102 0.541005
27.7082 -0.843998 0.536348
27.7138 -0.84695 0.531674
27.7193 -0.849876 0.526984
27.7248 -0.852777 0.522278
27.7303 -0.855651 0.517555
27.7359 -0.858499 0.512817
27.7414 -0.861321 0.508064
27.7469 -0.864116 0.503294
27.7525 -0.866885 0.49851
27.758 -0.869628 0.49371
27.7635 -0.872344 0.488895
27.769 -0.875033 0.484065
27.7746 -0.877695 0.479221
27.7801 -0.880331 0.474361
27.7856 -0.88294 0.469488
27.7912 -0.885522 0.464599
27.7967 -0.888077 0.459697
27.8022 -0.890604 0.454781
27.8077 -0.893105 0.44985
27.8133 -0.895578 0.444906
27.8188 -0.898024 0.439949
27.8243 -0.900442 0.434978
27.8298 -0.902833 0.429993
27.8354 -0.905196 0.424996
27.8409 -0.907532 0.419985
27.8464 -0.90984 0.414962
27.852 -0.91212 0.409926
27.8575 -0.914372 0.404878
27.863 -0.916596 0.399817
27.8685 -0.918792 0.394744
27.8741 -0.92096 0.389658
27.8796 -0.9231 0.384561
27.8851 -0.925212 0.379452
27.8907 -0.927296 0.374332
27.8962 -0.929351 0.3692
27.9017 -0.931378 0.364057
27.9072 -0.933376 0.358903
27.9128 -0.935346 0.353737
27.9183 -0.937287 0.348561
27.9238 -0.9392 0.343375
27.9294 -0.941083 0.338177
27.9349 -0.942938 0.33297
27.9404 -0.944765 0.327752
27.9459 -0.946562 0.322524
27.9515 -0.948331 0.317287
27.957 -0.95007 0.31204
27.9625 -0.951781 0.306783
27.9681 -0.953462 0.301517
27.9736 -0.955114 0.296241
27.9791 -0.956737 0.290957
27.9846 -0.958331 0.285663
27.9902 -0.959896 0.280361
27.9957 -0.961431 0.275051
28.0012 -0.962937 0.269731
28.0067 -0.964413 0.264404
28.0123 -0.96586 0.259069
28.0178 -0.967277 0.253725
28.0233 -0.968665 0.248374
28.0289 -0.970023 0.243016
28.0344 -0.971352 0.23765
28.0399 -0.972651 0.232276
28.0454 -0.97392 0.226896
28.051 -0.975159 0.221509
28.0565 -0.976369 0.216114
28.062 -0.977549 0.210714
28.0676 -0.978699 0.205306
28.0731 -0.979819 0.199893
28.0786 -0.980909 0.194473
28.0841 -0.981969 0.189048
28.0897 -0.982999 0.183617
28.0952 -0.983999 0.17818
28.1007 -0.984969 0.172737
28.1063 -0.985909 0.16729
28.1118 -0.986818 0.161837
28.1173 -0.987698 0.156379
28.1228 -0.988547 0.150917
28.1284 -0.989367 0.14545
28.1339 -0.990156 0.139978
28.1394 -0.990914 0.134503
28.145 -0.991643 0.129023
28.1505 -0.992341 0.123539
28.156 -0.993009 0.118051
28.1615 -0.993646 0.11256
28.1671 -0.994253 0.107065
28.1726 -0.99483 0.101567
28.1781 -0.995376 0.0960663
28.1836 -0.995892 0.0905624
28.1892 -0.996377 0.0850556
28.1947 -0.996832 0.0795463
28.2002 -0.997257 0.0740345
28.2058 -0.997651 0.0685205
28.2113 -0.998014 0.0630043
28.2168 -0.998347 0.0574863
28.2223 -0.99865 0.0519665
28.2279 -0.998922 0.046445
28.2334 -0.999163 0.0409222
28.2389 -0.999374 0.0353982
28.2445 -0.999555 0.029873
28.25 -0.999705 0.0243469
28.2555 -0.999824 0.0188201
28.261 -0.999913 0.0132927
28.2666 -0.999971 0.00776494
28.2721 -0.999998 0.0022369
28.2776 -0.999996 -0.00329119
28.2832 -0.999962 -0.00881919
28.2887 -0.999898 -0.0143469
28.2942 -0.999803 -0.0198742
28.2997 -0.999678 -0.0254009
28.3053 -0.999523 -0.0309268
28.3108 -0.999336 -0.0364518
28.3163 -0.99912 -0.0419756
28.3218 -0.998872 -0.0474982
28.3274 -0.998594 -0.0530193
28.3329 -0.998286 -0.0585388
28.3384 -0.997947 -0.0640565
28.344 -0.997578 -0.0695722
28.3495 -0.997178 -0.0750859
28.355 -0.996748 -0.0805972
28.3605 -0.996287 -0.086106
28.3661 -0.995796 -0.0916123
28.3716 -0.995274 -0.0971157
28.3771 -0.994722 -0.102616
28.3827 -0.99414 -0.108114
28.3882 -0.993527 -0.113608
28.3937 -0.992883 -0.119098
28.3992 -0.99221 -0.124585
28.4048 -0.991506 -0.130068
28.4103 -0.990772 -0.135547
28.4158 -0.990007 -0.141022
28.4214 -0.989213 -0.146493
28.4269 -0.988388 -0.151959
28.4324 -0.987533 -0.157421
28.4379 -0.986647 -0.162877
28.4435 -0.985732 -0.168329
28.449 -0.984786 -0.173776
28.4545 -0.983811 -0.179217
28.4601 -0.982805 -0.184653
28.4656 -0.981769 -0.190083
28.4711 -0.980703 -0.195508
28.4766 -0.979607 -0.200926
28.4822 -0.978482 -0.206338
28.4877 -0.977326 -0.211744
28.4932 -0.976141 -0.217144
28.4987 -0.974925 -0.222537
28.5043 -0.97368 -0.227923
28.5098 -0.972405 -0.233302
28.5153 -0.971101 -0.238674
28.5209 -0.969767 -0.244038
28.5264 -0.968403 -0.249396
28.5319 -0.967009 -0.254745
28.5374 -0.965586 -0.260087
28.543 -0.964134 -0.265421
28.5485 -0.962652 -0.270747
28.554 -0.96114 -0.276064
28.5596 -0.959599 -0.281373
28.5651 -0.958029 -0.286673
28.5706 -0.95643 -0.291965
28.5761 -0.954801 -0.297248
28.5817 -0.953144 -0.302522
28.5872 -0.951457 -0.307786
28.5927 -0.949741 -0.313041
28.5983 -0.947996 -0.318286
28.6038 -0.946222 -0.323522
28.6093 -0.944419 -0.328748
28.6148 -0.942587 -0.333964
28.6204 -0.940726 -0.339169
28.6259 -0.938837 -0.344365
28.6314 -0.936919 -0.349549
28.637 -0.934972 -0.354723
28.6425 -0.932997 -0.359887
28.648 -0.930993 -0.365039
28.6535 -0.928961 -0.37018
28.6591 -0.926901 -0.375309
28.6646 -0.924812 -0.380428
28.6701 -0.922695 -0.385534
28.6756 -0.920549 -0.390629
28.6812 -0.918376 -0.395712
28.6867 -0.916174 -0.400783
28.6922 -0.913945 -0.405841
28.6978 -0.911687 -0.410887
28.7033 -0.909402 -0.415921
28.7088 -0.907089 -0.420942
28.7143 -0.904748 -0.42595
28.7199 -0.902379 -0.430945
28.7254 -0.899983 -0.435927
28.7309 -0.89756 -0.440895
28.7365 -0.895109 -0.44585
28.742 -0.89263 -0.450792
28.7475 -0.890124 -0.455719
28.753 -0.887592 -0.460633
28.7586 -0.885032 -0.465533
28.7641 -0.882445 -0.470418
28.7696 -0.879831 -0.475289
28.7752 -0.87719 -0.480146
28.7807 -0.874522 -0.484988
28.7862 -0.871828 -0.489815
28.7917 -0.869107 -0.494627
28.7973 -0.866359 -0.499424
28.8028 -0.863585 -0.504205
28.8083 -0.860784 -0.508971
28.8139 -0.857958 -0.513722
28.8194 -0.855105 -0.518457
28.8249 -0.852225 -0.523176
28.8304 -0.84932 -0.527879
28.836 -0.846389 -0.532566
28.8415 -0.843432 -0.537237
28.847 -0.840449 -0.541892
28.8525 -0.837441 -0.546529
28.8581 -0.834407 -0.55115
28.8636 -0.831347 -0.555755
28.8691 -0.828262 -0.560342
28.8747 -0.825152 -0.564912
28.8802 -0.822017 -0.569465
28.8857 -0.818856 -0.574
28.8912 -0.81567 -0.578518
28.8968 -0.81246 -0.583019
28.9023 -0.809224 -0.587501
28.9078 -0.805964 -0.591966
28.9134 -0.80268 -0.596412
28.9189 -0.79937 -0.60084
28.9244 -0.796037 -0.60525
28.9299 -0.792679 -0.609641
28.9355 -0.789296 -0.614014
28.941 -0.78589 -0.618368
28.9465 -0.78246 -0.622703
28.9521 -0.779005 -0.627019
28.9576 -0.775527 -0.631316
28.9631 -0.772025 -0.635593
28.9686 -0.7685 -0.639851
28.9742 -0.764951 -0.64409
28.9797 -0.761379 -0.648309
28.9852 -0.757783 -0.652508
28.9908 -0.754165 -0.656687
28.9963 -0.750523 -0.660846
29.0018 -0.746858 -0.664985
29.0073 -0.743171 -0.669103
29.0129 -0.73946 -0.673201
29.0184 -0.735728 -0.677279
29.0239 -0.731972 -0.681335
29.0294 -0.728195 -0.685371
29.035 -0.724395 -0.689387
29.0405 -0.720573 -0.69338
29.046 -0.716729 -0.697353
29.0516 -0.712863 -0.701305
29.0571 -0.708975 -0.705235
29.0626 -0.705065 -0.709143
29.0681 -0.701134 -0.71303
29.0737 -0.697182 -0.716895
29.0792 -0.693208 -0.720738
29.0847 -0.689213 -0.724559
29.0903 -0.685198 -0.728358
29.0958 -0.681161 -0.732135
29.1013 -0.677103 -0.735889
29.1068 -0.673025 -0.739621
29.1124 -0.668926 -0.74333
29.1179 -0.664806 -0.747017
29.1234 -0.660666 -0.75068
29.129 -0.656507 -0.754321
29.1345 -0.652327 -0.757939
29.14 -0.648127 -0.761533
29.1455 -0.643907 -0.765105
29.1511 -0.639667 -0.768653
29.1566 -0.635409 -0.772177
29.1621 -0.63113 -0.775678
29.1676 -0.626833 -0.779155
29.1732 -0.622516 -0.782608
29.1787 -0.61818 -0.786037
29.1842 -0.613825 -0.789443
29.1898 -0.609452 -0.792824
29.1953 -0.60506 -0.796181
29.2008 -0.600649 -0.799514
29.2063 -0.59622 -0.802822
29.2119 -0.591773 -0.806105
29.2174 -0.587308 -0.809365
29.2229 -0.582824 -0.812599
29.2285 -0.578323 -0.815808
29.234 -0.573805 -0.818993
29.2395 -0.569268 -0.822152
29.245 -0.564715 -0.825287
29.2506 -0.560144 -0.828396
29.2561 -0.555556 -0.83148
29.2616 -0.550951 -0.834538
29.2672 -0.546329 -0.837571
29.2727 -0.541691 -0.840579
29.2782 -0.537036 -0.84356
29.2837 -0.532364 -0.846516
29.2893 -0.527676 -0.849446
29.2948 -0.522973 -0.85235
29.3003 -0.518253 -0.855228
29.3059 -0.513517 -0.85808
29.3114 -0.508766 -0.860906
29.3169 -0.503999 -0.863705
29.3224 -0.499216 -0.866478
29.328 -0.494419 -0.869224
29.3335 -0.489606 -0.871944
29.339 -0.484778 -0.874638
29.3445 -0.479936 -0.877304
29.3501 -0.475079 -0.879944
29.3556 -0.470207 -0.882557
29.3611 -0.465321 -0.885142
29.3667 -0.460421 -0.887701
29.3722 -0.455507 -0.890233
29.3777 -0.450578 -0.892737
29.3832 -0.445636 -0.895215
29.3888 -0.440681 -0.897664
29.3943 -0.435712 -0.900087
29.3998 -0.430729 -0.902482
29.4054 -0.425734 -0.904849
29.4109 -0.420725 -0.907189
29.4164 -0.415704 -0.909501
29.4219 -0.41067 -0.911785
29.4275 -0.405623 -0.914041
29.433 -0.400564 -0.916269
29.4385 -0.395492 -0.91847
29.4441 -0.390409 -0.920642
29.4496 -0.385314 -0.922786
29.4551 -0.380207 -0.924902
29.4606 -0.375088 -0.92699
29.4662 -0.369958 -0.929049
29.4717 -0.364816 -0.93108
29.4772 -0.359663 -0.933082
29.4828 -0.3545 -0.935056
29.4883 -0.349325 -0.937002
29.4938 -0.34414 -0.938919
29.4993 -0.338944 -0.940807
29.5049 -0.333738 -0.942666
29.5104 -0.328522 -0.944497
29.5159 -0.323296 -0.946298
29.5214 -0.31806 -0.948071
29.527 -0.312814 -0.949815
29.5325 -0.307559 -0.951529
29.538 -0.302294 -0.953215
29.5436 -0.29702 -0.954872
29.5491 -0.291736 -0.956499
29.5546 -0.286444 -0.958097
29.5601 -0.281144 -0.959666
29.5657 -0.275834 -0.961206
29.5712 -0.270516 -0.962716
29.5767 -0.26519 -0.964196
29.5823 -0.259856 -0.965648
29.5878 -0.254514 -0.967069
29.5933 -0.249164 -0.968462
29.5988 -0.243806 -0.969824
29.6044 -0.238441 -0.971157
29.6099 -0.233069 -0.97246
29.6154 -0.22769 -0.973734
29.621 -0.222303 -0.974978
29.6265 -0.21691 -0.976192
29.632 -0.211511 -0.977376
29.6375 -0.206104 -0.97853
29.6431 -0.200692 -0.979655
29.6486 -0.195273 -0.980749
29.6541 -0.189848 -0.981814
29.6597 -0.184418 -0.982848
29.6652 -0.178982 -0.983853
29.6707 -0.17354 -0.984827
29.6762 -0.168094 -0.985771
29.6818 -0.162642 -0.986685
29.6873 -0.157185 -0.987569
29.6928 -0.151723 -0.988423
29.6983 -0.146256 -0.989247
29.7039 -0.140786 -0.99004
29.7094 -0.13531 -0.990803
29.7149 -0.129831 -0.991536
29.7205 -0.124348 -0.992239
29.726 -0.118861 -0.992911
29.7315 -0.11337 -0.993553
29.737 -0.107876 -0.994164
29.7426 -0.102378 -0.994746
29.7481 -0.0968778 -0.995296
29.7536 -0.0913743 -0.995817
29.7592 -0.0858679 -0.996307
29.7647 -0.080359 -0.996766
29.7702 -0.0748475 -0.997195
29.7757 -0.0693338 -0.997594
29.7813 -0.063818 -0.997962
29.7868 -0.0583002 -0.998299
29.7923 -0.0527807 -0.998606
29.7979 -0.0472595 -0.998883
29.8034 -0.0417369 -0.999129
29.8089 -0.036213 -0.999344
29.8144 -0.030688 -0.999529
29.82 -0.025162 -0.999683
29.8255 -0.0196353 -0.999807
29.831 -0.014108 -0.9999
29.8365 -0.00858026 -0.999963
29.8421 -0.00305226 -0.999995
29.8476 0.00247584 -0.999997
29.8531 0.00800386 -0.999968
29.8587 0.0135316 -0.999908
29.8642 0.019059 -0.999818
29.8697 0.0245858 -0.999698
29.8752 0.0301118 -0.999547
29.8808 0.0356369 -0.999365
29.8863 0.0411609 -0.999152
29.8918 0.0466837 -0.99891
29.8974 0.052205 -0.998636
29.9029 0.0577248 -0.998332
29.9084 0.0632427 -0.997998
29.9139 0.0687588 -0.997633
29.9195 0.0742727 -0.997238
29.925 0.0797844 -0.996812
29.9305 0.0852936 -0.996356
29.9361 0.0908002 -0.995869
29.9416 0.0963041 -0.995352
29.9471 0.101805 -0.994804
29.9526 0.107303 -0.994226
29.9582 0.112797 -0.993618
29.9637 0.118288 -0.992979
29.9692 0.123776 -0.99231
29.9748 0.12926 -0.991611
29.9803 0.134739 -0.990881
29.9858 0.140215 -0.990121
29.9913 0.145686 -0.989331
29.9969 0.151153 -0.98851
30.0024 0.156615 -0.98766
30.0079 0.162073 -0.986779
30.0134 0.167525 -0.985868
30.019 0.172973 -0.984926
30.0245 0.178415 -0.983955
30.03 0.183851 -0.982954
30.0356 0.189282 -0.981922
30.0411 0.194708 -0.980861
30.0466 0.200127 -0.97977
30.0521 0.20554 -0.978648
30.0577 0.210947 -0.977497
30.0632 0.216348 -0.976316
30.0687 0.221741 -0.975105
30.0743 0.227128 -0.973865
30.0798 0.232509 -0.972594
30.0853 0.237882 -0.971294
30.0908 0.243247 -0.969964
30.0964 0.248606 -0.968605
30.1019 0.253956 -0.967215
30.1074 0.259299 -0.965797
30.113 0.264634 -0.964349
30.1185 0.269961 -0.962871
30.124 0.27528 -0.961364
30.1295 0.28059 -0.959827
30.1351 0.285892 -0.958262
30.1406 0.291185 -0.956666
30.1461 0.296469 -0.955042
30.1517 0.301744 -0.953389
30.1572 0.30701 -0.951706
30.1627 0.312266 -0.949994
30.1682 0.317513 -0.948254
30.1738 0.32275 -0.946484
30.1793 0.327978 -0.944685
30.1848 0.333195 -0.942858
30.1903 0.338402 -0.941001
30.1959 0.343599 -0.939116
30.2014 0.348785 -0.937202
30.2069 0.353961 -0.93526
30.2125 0.359125 -0.933289
30.218 0.364279 -0.931289
30.2235 0.369422 -0.929261
30.229 0.374553 -0.927205
30.2346 0.379673 -0.92512
30.2401 0.384781 -0.923007
30.2456 0.389878 -0.920866
30.2512 0.394963 -0.918697
30.2567 0.400035 -0.916499
30.2622 0.405096 -0.914274
30.2677 0.410144 -0.912021
30.2733 0.415179 -0.909739
30.2788 0.420202 -0.90743
30.2843 0.425212 -0.905093
30.2899 0.430209 -0.902729
30.2954 0.435192 -0.900337
30.3009 0.440163 -0.897917
30.3064 0.44512 -0.89547
30.312 0.450063 -0.892996
30.3175 0.454993 -0.890494
30.323 0.459909 -0.887966
30.3286 0.464811 -0.88541
30.3341 0.469698 -0.882827
30.3396 0.474571 -0.880217
30.3451 0.47943 -0.87758
30.3507 0.484274 -0.874916
30.3562 0.489103 -0.872225
30.3617 0.493917 -0.869508
30.3672 0.498716 -0.866765
30.3728 0.5035 -0.863994
30.3783 0.508269 -0.861198
30.3838 0.513022 -0.858375
30.3894 0.517759 -0.855526
30.3949 0.522481 -0.85265
30.4004 0.527186 -0.849749
30.4059 0.531876 -0.846822
30.4115 0.536549 -0.843869
30.417 0.541206 -0.84089
30.4225 0.545846 -0.837885
30.4281 0.550469 -0.834855
30.4336 0.555076 -0.831799
30.4391 0.559666 -0.828718
30.4446 0.564239 -0.825611
30.4502 0.568794 -0.822479
30.4557 0.573332 -0.819322
30.4612 0.577852 -0.816141
30.4668 0.582355 -0.812934
30.4723 0.58684 -0.809702
30.4778 0.591308 -0.806445
30.4833 0.595757 -0.803164
30.4889 0.600187 -0.799859
30.4944 0.6046 -0.796529
30.4999 0.608994 -0.793174
30.5055 0.613369 -0.789795
30.511 0.617726 -0.786393
30.5165 0.622064 -0.782966
30.522 0.626383 -0.779515
30.5276 0.630682 -0.77604
30.5331 0.634963 -0.772542
30.5386 0.639224 -0.76902
30.5441 0.643465 -0.765475
30.5497 0.647687 -0.761906
30.5552 0.651889 -0.758314
30.5607 0.656071 -0.754698
30.5663 0.660233 -0.75106
30.5718 0.664375 -0.747399
30.5773 0.668496 -0.743715
30.5828 0.672597 -0.740008
30.5884 0.676678 -0.736278
30.5939 0.680738 -0.732526
30.5994 0.684777 -0.728752
30.605 0.688795 -0.724955
30.6105 0.692792 -0.721137
30.616 0.696768 -0.717296
30.6215 0.700722 -0.713433
30.6271 0.704656 -0.709548
30.6326 0.708567 -0.705642
30.6381 0.712457 -0.701714
30.6437 0.716326 -0.697765
30.6492 0.720172 -0.693795
30.6547 0.723996 -0.689803
30.6602 0.727799 -0.68579
30.6658 0.731578 -0.681756
30.6713 0.735336 -0.677702
30.6768 0.739071 -0.673626
30.6823 0.742784 -0.66953
30.6879 0.746474 -0.665414
30.6934 0.750141 -0.661277
30.6989 0.753785 -0.65712
30.7045 0.757406 -0.652943
30.71 0.761004 -0.648746
30.7155 0.764579 -0.644529
30.721 0.76813 -0.640293
30.7266 0.771658 -0.636037
30.7321 0.775162 -0.631761
30.7376 0.778643 -0.627466
30.7432 0.782099 -0.623152
30.7487 0.785532 -0.618819
30.7542 0.788941 -0.614468
30.7597 0.792326 -0.610097
30.7653 0.795686 -0.605707
30.7708 0.799023 -0.6013
30.7763 0.802335 -0.596873
30.7819 0.805622 -0.592429
30.7874 0.808884 -0.587966
30.7929 0.812122 -0.583486
30.7984 0.815336 -0.578987
30.804 0.818524 -0.574471
30.8095 0.821687 -0.569938
30.815 0.824825 -0.565386
30.8206 0.827938 -0.560818
30.8261 0.831026 -0.556233
30.8316 0.834088 -0.55163
30.8371 0.837125 -0.547011
30.8427 0.840136 -0.542375
30.8482 0.843121 -0.537722
30.8537 0.846081 -0.533053
30.8592 0.849015 -0.528368
30.8648 0.851922 -0.523666
30.8703 0.854804 -0.518949
30.8758 0.85766 -0.514215
30.8814 0.86049 -0.509466
30.8869 0.863293 -0.504702
30.8924 0.86607 -0.499922
30.8979 0.86882 -0.495126
30.9035 0.871544 -0.490316
30.909 0.874241 -0.48549
30.9145 0.876911 -0.48065
30.9201 0.879555 -0.475795
30.9256 0.882172 -0.470926
30.9311 0.884762 -0.466042
30.9366 0.887325 -0.461144
30.9422 0.88986 -0.456231
30.9477 0.892369 -0.451305
30.9532 0.89485 -0.446365
30.9588 0.897304 -0.441412
30.9643 0.89973 -0.436444
30.9698 0.902129 -0.431464
30.9753 0.904501 -0.42647
30.9809 0.906844 -0.421464
30.9864 0.90916 -0.416444
30.9919 0.911449 -0.411412
30.9975 0.913709 -0.406367
31.003 0.915941 -0.40131
31.0085 0.918146 -0.39624
31.014 0.920322 -0.391159
31.0196 0.922471 -0.386065
31.0251 0.924591 -0.38096
31.0306 0.926683 -0.375843
31.0361 0.928746 -0.370714
31.0417 0.930781 -0.365574
31.0472 0.932788 -0.360423
31.0527 0.934766 -0.355261
31.0583 0.936716 -0.350088
31.0638 0.938637 -0.344905
31.0693 0.940529 -0.339711
31.0748 0.942393 -0.334506
31.0804 0.944227 -0.329291
31.0859 0.946033 -0.324067
31.0914 0.94781 -0.318832
31.097 0.949558 -0.313587
31.1025 0.951277 -0.308333
31.108 0.952967 -0.30307
31.1135 0.954628 -0.297797
31.1191 0.95626 -0.292515
31.1246 0.957862 -0.287225
31.1301 0.959435 -0.281925
31.1357 0.960979 -0.276617
31.1412 0.962494 -0.2713
31.1467 0.963979 -0.265976
31.1522 0.965434 -0.260643
31.1578 0.96686 -0.255302
31.1633 0.968257 -0.249953
31.1688 0.969624 -0.244596
31.1744 0.970961 -0.239232
31.1799 0.972269 -0.233861
31.1854 0.973547 -0.228483
31.1909 0.974795 -0.223098
31.1965 0.976014 -0.217705
31.202 0.977202 -0.212307
31.2075 0.978361 -0.206901
31.213 0.97949 -0.20149
31.2186 0.980589 -0.196072
31.2241 0.981657 -0.190648
31.2296 0.982696 -0.185219
31.2352 0.983705 -0.179783
31.2407 0.984684 -0.174343
31.2462 0.985633 -0.168896
31.2517 0.986551 -0.163445
31.2573 0.98744 -0.157989
31.2628 0.988298 -0.152528
31.2683 0.989126 -0.147062
31.2739 0.989924 -0.141592
31.2794 0.990692 -0.136117
31.2849 0.991429 -0.130639
31.2904 0.992136 -0.125156
31.296 0.992813 -0.11967
31.3015 0.993459 -0.114179
31.307 0.994075 -0.108686
31.3126 0.994661 -0.103189
31.3181 0.995216 -0.0976886
31.3236 0.995741 -0.0921855
31.3291 0.996235 -0.0866796
31.3347 0.996699 -0.081171
31.3402 0.997133 -0.0756599
31.3457 0.997536 -0.0701465
31.3513 0.997908 -0.064631
31.3568 0.99825 -0.0591135
31.3623 0.998562 -0.0535942
31.3678 0.998843 -0.0480732
31.3734 0.999093 -0.0425508
31.3789 0.999313 -0.0370271
31.3844 0.999503 -0.0315023
31.3899 0.999662 -0.0259765
31.3955 0.99979 -0.0204499
31.401 0.999888 -0.0149226
31.4065 0.999955 -0.00939495
31.4121 0.999992 -0.00386698
31.4176 0.999998 0.00166111
31.4231 0.999973 0.00718915
31.4286 0.999918 0.012717
31.4342 0.999833 0.0182444
31.4397 0.999716 0.0237713
31.4452 0.99957 0.0292974
31.4508 0.999393 0.0348227
31.4563 0.999185 0.0403469
31.4618 0.998946 0.0458698
31.4673 0.998678 0.0513914
31.4729 0.998378 0.0569113
31.4784 0.998048 0.0624296
31.4839 0.997688 0.0679459
31.4895 0.997297 0.0734602
31.495 0.996876 0.0789722
31.5005 0.996424 0.0844818
31.506 0.995942 0.0899888
31.5116 0.995429 0.0954931
31.5171 0.994886 0.100994
31.5226 0.994312 0.106493
31.5281 0.993709 0.111988
31.5337 0.993074 0.117479
31.5392 0.99241 0.122967
31.5447 0.991715 0.128452
31.5503 0.99099 0.133932
31.5558 0.990234 0.139408
31.5613 0.989448 0.14488
31.5668 0.988632 0.150348
31.5724 0.987786 0.15581
31.5779 0.98691 0.161269
31.5834 0.986003 0.166722
31.589 0.985066 0.17217
31.5945 0.984099 0.177613
31.6 0.983103 0.18305
31.6055 0.982076 0.188482
31.6111 0.981019 0.193908
31.6166 0.979932 0.199329
31.6221 0.978815 0.204743
31.6277 0.977668 0.21015
31.6332 0.976491 0.215552
31.6387 0.975285 0.220947
31.6442 0.974049 0.226335
31.6498 0.972782 0.231716
31.6553 0.971487 0.23709
31.6608 0.970161 0.242457
31.6664 0.968806 0.247816
31.6719 0.967421 0.253168
31.6774 0.966007 0.258512
31.6829 0.964563 0.263848
31.6885 0.96309 0.269177
31.694 0.961587 0.274497
31.6995 0.960055 0.279808
31.705 0.958493 0.285111
31.7106 0.956903 0.290405
31.7161 0.955283 0.295691
31.7216 0.953634 0.300967
31.7272 0.951955 0.306234
31.7327 0.950248 0.311492
31.7382 0.948511 0.31674
31.7437 0.946746 0.321979
31.7493 0.944951 0.327208
31.7548 0.943128 0.332426
31.7603 0.941276 0.337635
31.7659 0.939395 0.342833
31.7714 0.937486 0.348021
31.7769 0.935547 0.353198
31.7824 0.933581 0.358365
31.788 0.931585 0.36352
31.7935 0.929562 0.368664
31.799 0.927509 0.373798
31.8046 0.925429 0.378919
31.8101 0.92332 0.384029
31.8156 0.921183 0.389128
31.8211 0.919018 0.394214
31.8267 0.916824 0.399288
31.8322 0.914603 0.40435
31.8377 0.912354 0.4094
31.8433 0.910077 0.414438
31.8488 0.907772 0.419462
31.8543 0.905439 0.424474
31.8598 0.903079 0.429473
31.8654 0.900691 0.434459
31.8709 0.898275 0.439431
31.8764 0.895832 0.44439
31.8819 0.893362 0.449336
31.8875 0.890864 0.454267
31.893 0.88834 0.459185
31.8985 0.885788 0.464089
31.9041 0.883209 0.468979
31.9096 0.880603 0.473854
31.9151 0.87797 0.478715
31.9206 0.87531 0.483561
31.9262 0.872623 0.488392
31.9317 0.86991 0.493209
31.9372 0.86717 0.49801
31.9428 0.864404 0.502796
31.9483 0.861611 0.507567
31.9538 0.858792 0.512322
31.9593 0.855947 0.517062
31.9649 0.853076 0.521786
31.9704 0.850178 0.526494
31.9759 0.847255 0.531185
31.9815 0.844305 0.535861
31.987 0.84133 0.54052
31.9925 0.838329 0.545163
31.998 0.835303 0.549789
32.0036 0.832251 0.554398
32.0091 0.829173 0.55899
32.0146 0.82607 0.563566
32.0202 0.822942 0.568124
32.0257 0.819789 0.572664
32.0312 0.816611 0.577187
32.0367 0.813408 0.581693
32.0423 0.810179 0.58618
32.0478 0.806927 0.59065
32.0533 0.803649 0.595102
32.0588 0.800347 0.599536
32.0644 0.797021 0.603951
32.0699 0.79367 0.608348
32.0754 0.790295 0.612726
32.081 0.786895 0.617085
32.0865 0.783472 0.621426
32.092 0.780025 0.625747
32.0975 0.776554 0.63005
32.1031 0.773059 0.634333
32.1086 0.76954 0.638597
32.1141 0.765998 0.642841
32.1197 0.762433 0.647066
32.1252 0.758844 0.651271
32.1307 0.755233 0.655456
32.1362 0.751598 0.659621
32.1418 0.74794 0.663766
32.1473 0.744259 0.66789
32.1528 0.740555 0.671994
32.1584 0.736829 0.676078
32.1639 0.733081 0.680141
32.1694 0.72931 0.684183
32.1749 0.725516 0.688204
32.1805 0.721701 0.692204
32.186 0.717863 0.696183
32.1915 0.714004 0.700141
32.1971 0.710122 0.704077
32.2026 0.706219 0.707992
32.2081 0.702295 0.711886
32.2136 0.698348 0.715757
32.2192 0.694381 0.719607
32.2247 0.690392 0.723434
32.2302 0.686383 0.72724
32.2357 0.682352 0.731023
32.2413 0.6783 0.734784
32.2468 0.674228 0.738522
32.2523 0.670135 0.742238
32.2579 0.666022 0.745931
32.2634 0.661888 0.749602
32.2689 0.657734 0.753249
32.2744 0.65356 0.756874
32.28 0.649366 0.760475
32.2855 0.645152 0.764053
32.291 0.640918 0.767608
32.2966 0.636665 0.771139
32.3021 0.632393 0.774647
32.3076 0.628101 0.778131
32.3131 0.623789 0.781592
32.3187 0.619459 0.785028
32.3242 0.61511 0.78844
32.3297 0.610742 0.791829
32.3353 0.606356 0.795193
32.3408 0.60195 0.798533
32.3463 0.597527 0.801848
32.3518 0.593085 0.805139
32.3574 0.588625 0.808405
32.3629 0.584147 0.811647
32.3684 0.579651 0.814864
32.3739 0.575138 0.818056
32.3795 0.570607 0.821223
32.385 0.566058 0.824364
32.3905 0.561493 0.827481
32.3961 0.55691 0.830572
32.4016 0.55231 0.833638
32.4071 0.547693 0.836679
32.4126 0.543059 0.839694
32.4182 0.538409 0.842683
32.4237 0.533742 0.845647
32.4292 0.529059 0.848584
32.4348 0.52436 0.851496
32.4403 0.519645 0.854382
32.4458 0.514914 0.857241
32.4513 0.510167 0.860075
32.4569 0.505405 0.862882
32.4624 0.500627 0.865662
32.4679 0.495834 0.868417
32.4735 0.491026 0.871144
32.479 0.486203 0.873846
32.4845 0.481365 0.87652
32.49 0.476512 0.879168
32.4956 0.471644 0.881788
32.5011 0.466763 0.884382
32.5066 0.461866 0.886949
32.5122 0.456956 0.889489
32.5177 0.452032 0.892001
32.5232 0.447094 0.894486
32.5287 0.442143 0.896944
32.5343 0.437177 0.899375
32.5398 0.432199 0.901778
32.5453 0.427207 0.904153
32.5508 0.422202 0.906501
32.5564 0.417185 0.908821
32.5619 0.412154 0.911114
32.5674 0.407111 0.913378
32.573 0.402056 0.915615
32.5785 0.396988 0.917823
32.584 0.391908 0.920004
32.5895 0.386817 0.922156
32.5951 0.381713 0.924281
32.6006 0.376598 0.926377
32.6061 0.371471 0.928444
32.6117 0.366333 0.930484
32.6172 0.361183 0.932494
32.6227 0.356023 0.934477
32.6282 0.350851 0.936431
32.6338 0.345669 0.938356
32.6393 0.340477 0.940253
32.6448 0.335274 0.94212
32.6504 0.330061 0.943959
32.6559 0.324837 0.94577
32.6614 0.319604 0.947551
32.6669 0.314361 0.949303
32.6725 0.309108 0.951026
32.678 0.303846 0.952721
32.6835 0.298575 0.954386
32.6891 0.293295 0.956022
32.6946 0.288005 0.957629
32.7001 0.282707 0.959206
32.7056 0.2774 0.960754
32.7112 0.272085 0.962273
32.7167 0.266761 0.963762
32.7222 0.261429 0.965222
32.7277 0.256089 0.966653
32.7333 0.250742 0.968054
32.7388 0.245386 0.969425
32.7443 0.240024 0.970767
32.7499 0.234653 0.972079
32.7554 0.229276 0.973361
32.7609 0.223892 0.974614
32.7664 0.218501 0.975837
32.772 0.213103 0.97703
32.7775 0.207698 0.978193
32.783 0.202288 0.979326
32.7886 0.196871 0.980429
32.7941 0.191448 0.981503
32.7996 0.186019 0.982546
32.8051 0.180585 0.983559
32.8107 0.175145 0.984542
32.8162 0.1697 0.985496
32.8217 0.164249 0.986419
32.8273 0.158794 0.987312
32.8328 0.153333 0.988174
32.8383 0.147868 0.989007
32.8438 0.142399 0.989809
32.8494 0.136925 0.990581
32.8549 0.131447 0.991323
32.8604 0.125964 0.992035
32.866 0.120479 0.992716
32.8715 0.114989 0.993367
32.877 0.109496 0.993987
32.8825 0.103999 0.994577
32.8881 0.0984995 0.995137
32.8936 0.0929968 0.995666
32.8991 0.0874913 0.996165
32.9046 0.0819831 0.996634
32.9102 0.0764723 0.997072
32.9157 0.0709593 0.997479
32.9212 0.0654441 0.997856
32.9268 0.0599268 0.998203
32.9323 0.0544078 0.998519
32.9378 0.0488871 0.998804
32.9433 0.0433649 0.999059
32.9489 0.0378413 0.999284
32.9544 0.0323166 0.999478
32.9599 0.0267909 0.999641
32.9655 0.0212644 0.999774
32.971 0.0157373 0.999876
32.9765 0.0102097 0.999948
32.982 0.00468173 0.999989
32.9876 -0.000846359 1
32.9931 -0.00637442 0.99998
32.9986 -0.0119023 0.999929
33.0042 -0.0174298 0.999848
33.0097 -0.0229568 0.999736
33.0152 -0.028483 0.999594
33.0207 -0.0340084 0.999422
33.0263 -0.0395328 0.999218
33.0318 -0.0450559 0.998985
33.0373 -0.0505777 0.99872
33.0429 -0.0560979 0.998425
33.0484 -0.0616164 0.9981
33.0539 -0.0671331 0.997744
33.0594 -0.0726476 0.997358
33.065 -0.07816 0.996941
33.0705 -0.08367 0.996494
33.076 -0.0891774 0.996016
33.0815 -0.0946821 0.995508
33.0871 -0.100184 0.994969
33.0926 -0.105683 0.9944
33.0981 -0.111178 0.993801
33.1037 -0.11667 0.993171
33.1092 -0.122159 0.992511
33.1147 -0.127644 0.99182
33.1202 -0.133124 0.991099
33.1258 -0.138601 0.990348
33.1313 -0.144074 0.989567
33.1368 -0.149542 0.988756
33.1424 -0.155006 0.987914
33.1479 -0.160465 0.987042
33.1534 -0.165919 0.98614
33.1589 -0.171368 0.985207
33.1645 -0.176811 0.984245
33.17 -0.182249 0.983253
33.1755 -0.187682 0.98223
33.1811 -0.193109 0.981177
33.1866 -0.19853 0.980095
33.1921 -0.203945 0.978983
33.1976 -0.209354 0.97784
33.2032 -0.214756 0.976668
33.2087 -0.220152 0.975466
33.2142 -0.225541 0.974234
33.2197 -0.230923 0.972972
33.2253 -0.236299 0.971681
33.2308 -0.241667 0.97036
33.2363 -0.247027 0.969009
33.2419 -0.25238 0.967628
33.2474 -0.257725 0.966218
33.2529 -0.263063 0.964779
33.2584 -0.268392 0.96331
33.264 -0.273713 0.961812
33.2695 -0.279026 0.960284
33.275 -0.28433 0.958727
33.2806 -0.289626 0.95714
33.2861 -0.294913 0.955525
33.2916 -0.30019 0.95388
33.2971 -0.305459 0.952206
33.3027 -0.310718 0.950502
33.3082 -0.315968 0.94877
33.3137 -0.321208 0.947009
33.3193 -0.326438 0.945219
33.3248 -0.331658 0.9434
33.3303 -0.336868 0.941552
33.3358 -0.342068 0.939676
33.3414 -0.347258 0.93777
33.3469 -0.352436 0.935836
33.3524 -0.357604 0.933874
33.358 -0.362761 0.931882
33.3635 -0.367907 0.929863
33.369 -0.373042 0.927815
33.3745 -0.378165 0.925738
33.3801 -0.383277 0.923634
33.3856 -0.388377 0.921501
33.3911 -0.393465 0.91934
33.3966 -0.398542 0.917151
33.4022 -0.403606 0.914934
33.4077 -0.408657 0.912688
33.4132 -0.413696 0.910415
33.4188 -0.418723 0.908115
33.4243 -0.423737 0.905786
33.4298 -0.428737 0.90343
33.4353 -0.433725 0.901046
33.4409 -0.4387 0.898634
33.4464 -0.443661 0.896195
33.4519 -0.448608 0.893729
33.4575 -0.453542 0.891236
33.463 -0.458462 0.888715
33.4685 -0.463367 0.886167
33.474 -0.468259 0.883592
33.4796 -0.473137 0.88099
33.4851 -0.478 0.878361
33.4906 -0.482848 0.875705
33.4962 -0.487681 0.873022
33.5017 -0.4925 0.870313
33.5072 -0.497304 0.867577
33.5127 -0.502092 0.864815
33.5183 -0.506865 0.862026
33.5238 -0.511623 0.859211
33.5293 -0.516365 0.856369
33.5349 -0.521091 0.853502
33.5404 -0.525801 0.850608
33.5459 -0.530496 0.847688
33.5514 -0.535174 0.844743
33.557 -0.539835 0.841771
33.5625 -0.54448 0.838774
33.568 -0.549109 0.835752
33.5735 -0.55372 0.832703
33.5791 -0.558315 0.82963
33.5846 -0.562893 0.82653
33.5901 -0.567454 0.823406
33.5957 -0.571997 0.820257
33.6012 -0.576522 0.817082
33.6067 -0.58103 0.813883
33.6122 -0.585521 0.810658
33.6178 -0.589993 0.807409
33.6233 -0.594448 0.804135
33.6288 -0.598884 0.800837
33.6344 -0.603302 0.797514
33.6399 -0.607701 0.794166
33.6454 -0.612082 0.790795
33.6509 -0.616444 0.787399
33.6565 -0.620788 0.783979
33.662 -0.625112 0.780536
33.6675 -0.629418 0.777068
33.6731 -0.633704 0.773577
33.6786 -0.63797 0.770062
33.6841 -0.642218 0.766523
33.6896 -0.646445 0.762961
33.6952 -0.650653 0.759376
33.7007 -0.654841 0.755768
33.7062 -0.659009 0.752136
33.7118 -0.663157 0.748482
33.7173 -0.667284 0.744804
33.7228 -0.671391 0.741104
33.7283 -0.675478 0.737381
33.7339 -0.679544 0.733636
33.7394 -0.683589 0.729868
33.7449 -0.687613 0.726078
33.7504 -0.691617 0.722266
33.756 -0.695599 0.718431
33.7615 -0.69956 0.714575
33.767 -0.703499 0.710697
33.7726 -0.707417 0.706797
33.7781 -0.711314 0.702876
33.7836 -0.715189 0.698933
33.7891 -0.719041 0.694968
33.7947 -0.722872 0.690983
33.8002 -0.726681 0.686976
33.8057 -0.730468 0.682949
33.8113 -0.734232 0.6789
33.8168 -0.737974 0.674831
33.8223 -0.741693 0.670741
33.8278 -0.745389 0.66663
33.8334 -0.749063 0.6625
33.8389 -0.752714 0.658349
33.8444 -0.756342 0.654178
33.85 -0.759947 0.649987
33.8555 -0.763528 0.645776
33.861 -0.767087 0.641545
33.8665 -0.770621 0.637295
33.8721 -0.774133 0.633025
33.8776 -0.77762 0.628736
33.8831 -0.781084 0.624427
33.8886 -0.784524 0.6201
33.8942 -0.78794 0.615753
33.8997 -0.791332 0.611388
33.9052 -0.794699 0.607004
33.9108 -0.798043 0.602602
33.9163 -0.801362 0.598181
33.9218 -0.804656 0.593742
33.9273 -0.807926 0.589285
33.9329 -0.811172 0.584809
33.9384 -0.814392 0.580316
33.9439 -0.817588 0.575805
33.9495 -0.820758 0.571277
33.955 -0.823904 0.566731
33.9605 -0.827024 0.562168
33.966 -0.830119 0.557587
33.9716 -0.833189 0.55299
33.9771 -0.836233 0.548375
33.9826 -0.839252 0.543744
33.9882 -0.842245 0.539097
33.9937 -0.845212 0.534432
33.9992 -0.848154 0.529752
34.0047 -0.851069 0.525055
34.0103 -0.853959 0.520342
34.0158 -0.856822 0.515613
34.0213 -0.85966 0.510869
34.0269 -0.862471 0.506109
34.0324 -0.865255 0.501333
34.0379 -0.868013 0.496543
34.0434 -0.870745 0.491737
34.049 -0.87345 0.486916
34.0545 -0.876128 0.48208
34.06 -0.87878 0.477229
34.0655 -0.881405 0.472364
34.0711 -0.884003 0.467484
34.0766 -0.886573 0.46259
34.0821 -0.889117 0.457682
34.0877 -0.891634 0.45276
34.0932 -0.894123 0.447824
34.0987 -0.896585 0.442874
34.1042 -0.899019 0.437911
34.1098 -0.901426 0.432935
34.1153 -0.903806 0.427945
34.1208 -0.906158 0.422942
34.1264 -0.908482 0.417926
34.1319 -0.910778 0.412898
34.1374 -0.913047 0.407856
34.1429 -0.915288 0.402803
34.1485 -0.9175 0.397737
34.154 -0.919685 0.392659
34.1595 -0.921842 0.387569
34.1651 -0.92397 0.382467
34.1706 -0.92607 0.377353
34.1761 -0.928142 0.372228
34.1816 -0.930186 0.367092
34.1872 -0.932201 0.361944
34.1927 -0.934188 0.356785
34.1982 -0.936146 0.351615
34.2038 -0.938075 0.346435
34.2093 -0.939976 0.341244
34.2148 -0.941848 0.336042
34.2203 -0.943691 0.330831
34.2259 -0.945506 0.325609
34.2314 -0.947291 0.320377
34.2369 -0.949048 0.315135
34.2424 -0.950775 0.309884
34.248 -0.952474 0.304623
34.2535 -0.954143 0.299353
34.259 -0.955784 0.294074
34.2646 -0.957395 0.288786
34.2701 -0.958976 0.283489
34.2756 -0.960529 0.278184
34.2811 -0.962052 0.272869
34.2867 -0.963546 0.267547
34.2922 -0.96501 0.262216
34.2977 -0.966445 0.256878
34.3033 -0.96785 0.251531
34.3088 -0.969226 0.246177
34.3143 -0.970572 0.240815
34.3198 -0.971888 0.235446
34.3254 -0.973175 0.23007
34.3309 -0.974432 0.224687
34.3364 -0.975659 0.219296
34.342 -0.976857 0.2139
34.3475 -0.978024 0.208496
34.353 -0.979162 0.203086
34.3585 -0.98027 0.19767
34.3641 -0.981347 0.192248
34.3696 -0.982395 0.186821
34.3751 -0.983413 0.181387
34.3807 -0.9844 0.175948
34.3862 -0.985358 0.170503
34.3917 -0.986286 0.165054
34.3972 -0.987183 0.159599
34.4028 -0.98805 0.154139
34.4083 -0.988887 0.148675
34.4138 -0.989694 0.143206
34.4193 -0.99047 0.137733
34.4249 -0.991217 0.132255
34.4304 -0.991933 0.126773
34.4359 -0.992618 0.121288
34.4415 -0.993274 0.115799
34.447 -0.993899 0.110306
34.4525 -0.994493 0.10481
34.458 -0.995057 0.099311
34.4636 -0.995591 0.0938088
34.4691 -0.996095 0.0883036
34.4746 -0.996568 0.0827958
34.4802 -0.99701 0.0772854
34.4857 -0.997422 0.0717727
34.4912 -0.997804 0.0662578
34.4967 -0.998155 0.0607409
34.5023 -0.998475 0.0552221
34.5078 -0.998765 0.0497016
34.5133 -0.999025 0.0441796
34.5189 -0.999254 0.0386562
34.5244 -0.999452 0.0331317
34.5299 -0.99962 0.0276061
34.5354 -0.999757 0.0220797
34.541 -0.999864 0.0165527
34.5465 -0.99994 0.0110251
34.552 -0.999986 0.00549717
34.5576 -1 -3.09052e-05
34.5631 -0.999986 -0.00555898
34.5686 -0.99994 -0.0110869
34.5741 -0.999863 -0.0166145
34.5797 -0.999756 -0.0221415
34.5852 -0.999618 -0.0276679
34.5907 -0.99945 -0.0331934
34.5962 -0.999251 -0.038718
34.6018 -0.999022 -0.0442413
34.6073 -0.998762 -0.0497633
34.6128 -0.998472 -0.0552838
34.6184 -0.998151 -0.0608025
34.6239 -0.997799 -0.0663195
34.6294 -0.997418 -0.0718344
34.6349 -0.997005 -0.0773471
34.6405 -0.996562 -0.0828574
34.646 -0.996089 -0.0883652
34.6515 -0.995585 -0.0938703
34.6571 -0.995051 -0.0993725
34.6626 -0.994487 -0.104872
34.6681 -0.993892 -0.110368
34.6736 -0.993267 -0.11586
34.6792 -0.992611 -0.121349
34.6847 -0.991925 -0.126835
34.6902 -0.991209 -0.132316
34.6958 -0.990462 -0.137794
34.7013 -0.989685 -0.143267
34.7068 -0.988878 -0.148736
34.7123 -0.988041 -0.1542
34.7179 -0.987173 -0.15966
34.7234 -0.986275 -0.165114
34.7289 -0.985348 -0.170564
34.7344 -0.98439 -0.176009
34.74 -0.983402 -0.181448
34.7455 -0.982384 -0.186881
34.751 -0.981335 -0.192309
34.7566 -0.980257 -0.197731
34.7621 -0.979149 -0.203147
34.7676 -0.978011 -0.208557
34.7731 -0.976843 -0.21396
34.7787 -0.975646 -0.219357
34.7842 -0.974418 -0.224747
34.7897 -0.973161 -0.23013
34.7953 -0.971874 -0.235506
34.8008 -0.970557 -0.240875
34.8063 -0.969211 -0.246237
34.8118 -0.967835 -0.251591
34.8174 -0.966429 -0.256937
34.8229 -0.964994 -0.262276
34.8284 -0.963529 -0.267607
34.834 -0.962035 -0.272929
34.8395 -0.960512 -0.278243
34.845 -0.958959 -0.283548
34.8505 -0.957377 -0.288845
34.8561 -0.955765 -0.294133
34.8616 -0.954125 -0.299412
34.8671 -0.952455 -0.304682
34.8727 -0.950756 -0.309943
34.8782 -0.949028 -0.315194
34.8837 -0.947271 -0.320435
34.8892 -0.945485 -0.325667
34.8948 -0.943671 -0.330889
34.9003 -0.941827 -0.336101
34.9058 -0.939955 -0.341302
34.9113 -0.938054 -0.346493
34.9169 -0.936124 -0.351673
34.9224 -0.934165 -0.356843
34.9279 -0.932179 -0.362001
34.9335 -0.930163 -0.367149
34.939 -0.928119 -0.372285
34.9445 -0.926047 -0.37741
34.95 -0.923947 -0.382524
34.9556 -0.921818 -0.387626
34.9611 -0.919661 -0.392716
34.9666 -0.917476 -0.397794
34.9722 -0.915263 -0.402859
34.9777 -0.913022 -0.407913
34.9832 -0.910753 -0.412954
34.9887 -0.908456 -0.417982
34.9943 -0.906132 -0.422998
34.9998 -0.903779 -0.428001
35.0053 -0.9014 -0.43299
35.0109 -0.898992 -0.437967
35.0164 -0.896557 -0.44293
35.0219 -0.894095 -0.447879
35.0274 -0.891606 -0.452815
35.033 -0.889089 -0.457737
35.0385 -0.886545 -0.462645
35.044 -0.883974 -0.467539
35.0496 -0.881376 -0.472418
35.0551 -0.878751 -0.477283
35.0606 -0.876099 -0.482134
35.0661 -0.87342 -0.486969
35.0717 -0.870715 -0.49179
35.0772 -0.867983 -0.496596
35.0827 -0.865224 -0.501387
35.0882 -0.862439 -0.506162
35.0938 -0.859628 -0.510922
35.0993 -0.85679 -0.515666
35.1048 -0.853927 -0.520395
35.1104 -0.851037 -0.525108
35.1159 -0.848121 -0.529804
35.1214 -0.845179 -0.534485
35.1269 -0.842212 -0.539149
35.1325 -0.839218 -0.543796
35.138 -0.836199 -0.548427
35.1435 -0.833155 -0.553041
35.1491 -0.830085 -0.557639
35.1546 -0.82699 -0.562219
35.1601 -0.823869 -0.566782
35.1656 -0.820723 -0.571328
35.1712 -0.817552 -0.575856
35.1767 -0.814356 -0.580367
35.1822 -0.811136 -0.58486
35.1878 -0.80789 -0.589335
35.1933 -0.80462 -0.593792
35.1988 -0.801325 -0.598231
35.2043 -0.798006 -0.602651
35.2099 -0.794662 -0.607053
35.2154 -0.791294 -0.611437
35.2209 -0.787902 -0.615802
35.2265 -0.784486 -0.620148
35.232 -0.781045 -0.624476
35.2375 -0.777581 -0.628784
35.243 -0.774093 -0.633073
35.2486 -0.770582 -0.637342
35.2541 -0.767047 -0.641592
35.2596 -0.763488 -0.645823
35.2651 -0.759907 -0.650033
35.2707 -0.756302 -0.654224
35.2762 -0.752673 -0.658395
35.2817 -0.749022 -0.662546
35.2873 -0.745348 -0.666677
35.2928 -0.741651 -0.670787
35.2983 -0.737932 -0.674876
35.3038 -0.73419 -0.678945
35.3094 -0.730425 -0.682994
35.3149 -0.726639 -0.687021
35.3204 -0.722829 -0.691027
35.326 -0.718998 -0.695013
35.3315 -0.715145 -0.698977
35.337 -0.71127 -0.70292
35.3425 -0.707374 -0.706841
35.3481 -0.703455 -0.71074
35.3536 -0.699516 -0.714618
35.3591 -0.695555 -0.718474
35.3647 -0.691572 -0.722308
35.3702 -0.687569 -0.72612
35.3757 -0.683544 -0.72991
35.3812 -0.679499 -0.733678
35.3868 -0.675432 -0.737423
35.3923 -0.671346 -0.741145
35.3978 -0.667238 -0.744845
35.4033 -0.66311 -0.748522
35.4089 -0.658962 -0.752177
35.4144 -0.654794 -0.755808
35.4199 -0.650606 -0.759416
35.4255 -0.646398 -0.763001
35.431 -0.64217 -0.766563
35.4365 -0.637923 -0.770101
35.442 -0.633656 -0.773616
35.4476 -0.62937 -0.777107
35.4531 -0.625064 -0.780574
35.4586 -0.620739 -0.784018
35.4642 -0.616396 -0.787437
35.4697 -0.612033 -0.790833
35.4752 -0.607652 -0.794204
35.4807 -0.603253 -0.797551
35.4863 -0.598834 -0.800874
35.4918 -0.594398 -0.804172
35.4973 -0.589943 -0.807445
35.5029 -0.585471 -0.810694
35.5084 -0.58098 -0.813918
35.5139 -0.576472 -0.817118
35.5194 -0.571946 -0.820292
35.525 -0.567403 -0.823441
35.5305 -0.562842 -0.826565
35.536 -0.558264 -0.829664
35.5416 -0.553669 -0.832737
35.5471 -0.549057 -0.835785
35.5526 -0.544428 -0.838808
35.5581 -0.539783 -0.841805
35.5637 -0.535121 -0.844776
35.5692 -0.530443 -0.847721
35.5747 -0.525749 -0.850641
35.5802 -0.521038 -0.853534
35.5858 -0.516312 -0.856401
35.5913 -0.51157 -0.859242
35.5968 -0.506812 -0.862057
35.6024 -0.502039 -0.864846
35.6079 -0.49725 -0.867608
35.6134 -0.492446 -0.870343
35.6189 -0.487628 -0.873052
35.6245 -0.482794 -0.875735
35.63 -0.477945 -0.87839
35.6355 -0.473082 -0.881019
35.6411 -0.468205 -0.883621
35.6466 -0.463313 -0.886195
35.6521 -0.458407 -0.888743
35.6576 -0.453487 -0.891264
35.6632 -0.448553 -0.893757
35.6687 -0.443605 -0.896223
35.6742 -0.438644 -0.898661
35.6798 -0.433669 -0.901073
35.6853 -0.428682 -0.903456
35.6908 -0.423681 -0.905812
35.6963 -0.418667 -0.90814
35.7019 -0.41364 -0.910441
35.7074 -0.408601 -0.912714
35.7129 -0.403549 -0.914958
35.7185 -0.398485 -0.917175
35.724 -0.393409 -0.919364
35.7295 -0.38832 -0.921525
35.735 -0.38322 -0.923657
35.7406 -0.378108 -0.925762
35.7461 -0.372985 -0.927838
35.7516 -0.36785 -0.929886
35.7571 -0.362704 -0.931905
35.7627 -0.357547 -0.933896
35.7682 -0.352378 -0.935858
35.7737 -0.3472 -0.937792
35.7793 -0.34201 -0.939697
35.7848 -0.33681 -0.941573
35.7903 -0.3316 -0.94342
35.7958 -0.32638 -0.945239
35.8014 -0.321149 -0.947029
35.8069 -0.315909 -0.94879
35.8124 -0.310659 -0.950522
35.818 -0.3054 -0.952224
35.8235 -0.300131 -0.953898
35.829 -0.294854 -0.955543
35.8345 -0.289567 -0.957158
35.8401 -0.284271 -0.958744
35.8456 -0.278967 -0.960301
35.8511 -0.273654 -0.961829
35.8567 -0.268333 -0.963327
35.8622 -0.263003 -0.964795
35.8677 -0.257666 -0.966234
35.8732 -0.25232 -0.967644
35.8788 -0.246967 -0.969024
35.8843 -0.241607 -0.970375
35.8898 -0.236239 -0.971695
35.8954 -0.230863 -0.972986
35.9009 -0.225481 -0.974248
35.9064 -0.220092 -0.975479
35.9119 -0.214696 -0.976681
35.9175 -0.209294 -0.977853
35.923 -0.203885 -0.978995
35.9285 -0.19847 -0.980107
35.934 -0.193049 -0.981189
35.9396 -0.187622 -0.982242
35.9451 -0.182189 -0.983264
35.9506 -0.17675 -0.984256
35.9562 -0.171307 -0.985218
35.9617 -0.165858 -0.98615
35.9672 -0.160404 -0.987052
35.9727 -0.154945 -0.987923
35.9783 -0.149481 -0.988765
35.9838 -0.144013 -0.989576
35.9893 -0.13854 -0.990357
35.9949 -0.133063 -0.991108
36.0004 -0.127582 -0.991828
36.0059 -0.122097 -0.992518
36.0114 -0.116609 -0.993178
36.017 -0.111117 -0.993807
36.0225 -0.105621 -0.994407
36.028 -0.100122 -0.994975
36.0336 -0.0946206 -0.995514
36.0391 -0.0891159 -0.996021
36.0446 -0.0836084 -0.996499
36.0501 -0.0780984 -0.996946
36.0557 -0.072586 -0.997362
36.0612 -0.0670714 -0.997748
36.0667 -0.0615548 -0.998104
36.0722 -0.0560363 -0.998429
36.0778 -0.050516 -0.998723
36.0833 -0.0449942 -0.998987
36.0888 -0.0394711 -0.999221
36.0944 -0.0339467 -0.999424
36.0999 -0.0284213 -0.999596
36.1054 -0.022895 -0.999738
36.1109 -0.017368 -0.999849
36.1165 -0.0118405 -0.99993
36.122 -0.00631265 -0.99998
36.1275 -0.000784591 -1
36.1331 0.00474349 -0.999989
36.1386 0.0102714 -0.999947
36.1441 0.0157991 -0.999875
36.1496 0.0213262 -0.999773
36.1552 0.0268527 -0.999639
36.1607 0.0323784 -0.999476
36.1662 0.037903 -0.999281
36.1718 0.0434266 -0.999057
36.1773 0.0489488 -0.998801
36.1828 0.0544695 -0.998515
36.1883 0.0599885 -0.998199
36.1939 0.0655057 -0.997852
36.1994 0.0710209 -0.997475
36.2049 0.0765339 -0.997067
36.2105 0.0820446 -0.996629
36.216 0.0875528 -0.99616
36.2215 0.0930583 -0.995661
36.227 0.098561 -0.995131
36.2326 0.104061 -0.994571
36.2381 0.109557 -0.99398
36.2436 0.11505 -0.99336
36.2491 0.12054 -0.992708
36.2547 0.126026 -0.992027
36.2602 0.131508 -0.991315
36.2657 0.136986 -0.990573
36.2713 0.14246 -0.9898
36.2768 0.147929 -0.988998
36.2823 0.153394 -0.988165
36.2878 0.158855 -0.987302
36.2934 0.16431 -0.986409
36.2989 0.16976 -0.985485
36.3044 0.175206 -0.984532
36.31 0.180646 -0.983548
36.3155 0.18608 -0.982534
36.321 0.191509 -0.981491
36.3265 0.196931 -0.980417
36.3321 0.202348 -0.979313
36.3376 0.207759 -0.97818
36.3431 0.213163 -0.977016
36.3487 0.218561 -0.975823
36.3542 0.223952 -0.9746
36.3597 0.229336 -0.973347
36.3652 0.234713 -0.972064
36.3708 0.240084 -0.970752
36.3763 0.245446 -0.96941
36.3818 0.250801 -0.968038
36.3874 0.256149 -0.966637
36.3929 0.261489 -0.965206
36.3984 0.26682 -0.963746
36.4039 0.272144 -0.962256
36.4095 0.277459 -0.960737
36.415 0.282766 -0.959189
36.4205 0.288064 -0.957611
36.426 0.293354 -0.956004
36.4316 0.298634 -0.954367
36.4371 0.303905 -0.952702
36.4426 0.309167 -0.951007
36.4482 0.31442 -0.949284
36.4537 0.319663 -0.947531
36.4592 0.324896 -0.94575
36.4647 0.330119 -0.943939
36.4703 0.335332 -0.9421
36.4758 0.340535 -0.940232
36.4813 0.345727 -0.938335
36.4869 0.350909 -0.936409
36.4924 0.35608 -0.934455
36.4979 0.361241 -0.932472
36.5034 0.36639 -0.930461
36.509 0.371528 -0.928421
36.5145 0.376655 -0.926353
36.52 0.38177 -0.924257
36.5256 0.386873 -0.922132
36.5311 0.391965 -0.91998
36.5366 0.397045 -0.917799
36.5421 0.402113 -0.91559
36.5477 0.407168 -0.913353
36.5532 0.412211 -0.911088
36.5587 0.417241 -0.908795
36.5643 0.422258 -0.906475
36.5698 0.427263 -0.904127
36.5753 0.432255 -0.901751
36.5808 0.437233 -0.899348
36.5864 0.442198 -0.896917
36.5919 0.447149 -0.894459
36.5974 0.452087 -0.891973
36.6029 0.457011 -0.88946
36.6085 0.461921 -0.88692
36.614 0.466817 -0.884353
36.6195 0.471699 -0.881759
36.6251 0.476566 -0.879138
36.6306 0.481419 -0.87649
36.6361 0.486257 -0.873816
36.6416 0.49108 -0.871114
36.6472 0.495888 -0.868386
36.6527 0.500681 -0.865631
36.6582 0.505458 -0.86285
36.6638 0.51022 -0.860043
36.6693 0.514967 -0.857209
36.6748 0.519698 -0.854349
36.6803 0.524413 -0.851464
36.6859 0.529112 -0.848552
36.6914 0.533795 -0.845614
36.6969 0.538461 -0.84265
36.7025 0.543111 -0.83966
36.708 0.547744 -0.836645
36.7135 0.552361 -0.833604
36.719 0.556961 -0.830538
36.7246 0.561544 -0.827446
36.7301 0.566109 -0.82433
36.7356 0.570658 -0.821187
36.7412 0.575188 -0.81802
36.7467 0.579702 -0.814828
36.7522 0.584197 -0.811611
36.7577 0.588675 -0.808369
36.7633 0.593135 -0.805102
36.7688 0.597576 -0.801811
36.7743 0.602 -0.798496
36.7798 0.606405 -0.795155
36.7854 0.610791 -0.791791
36.7909 0.615159 -0.788402
36.7964 0.619508 -0.78499
36.802 0.623838 -0.781553
36.8075 0.628149 -0.778093
36.813 0.63244 -0.774608
36.8185 0.636713 -0.7711
36.8241 0.640966 -0.767569
36.8296 0.645199 -0.764014
36.8351 0.649413 -0.760435
36.8407 0.653607 -0.756834
36.8462 0.657781 -0.753209
36.8517 0.661934 -0.749561
36.8572 0.666068 -0.74589
36.8628 0.670181 -0.742197
36.8683 0.674274 -0.738481
36.8738 0.678346 -0.734742
36.8794 0.682397 -0.730981
36.8849 0.686428 -0.727197
36.8904 0.690437 -0.723392
36.8959 0.694425 -0.719564
36.9015 0.698393 -0.715714
36.907 0.702338 -0.711842
36.9125 0.706263 -0.707949
36.918 0.710166 -0.704034
36.9236 0.714047 -0.700097
36.9291 0.717906 -0.696139
36.9346 0.721743 -0.69216
36.9402 0.725559 -0.688159
36.9457 0.729352 -0.684138
36.9512 0.733123 -0.680095
36.9567 0.736871 -0.676032
36.9623 0.740597 -0.671949
36.9678 0.7443 -0.667844
36.9733 0.747981 -0.663719
36.9789 0.751638 -0.659574
36.9844 0.755273 -0.655409
36.9899 0.758885 -0.651224
36.9954 0.762473 -0.647019
37.001 0.766038 -0.642794
37.0065 0.76958 -0.638549
37.012 0.773098 -0.634285
37.0176 0.776593 -0.630002
37.0231 0.780063 -0.625699
37.0286 0.78351 -0.621377
37.0341 0.786933 -0.617037
37.0397 0.790332 -0.612677
37.0452 0.793707 -0.608299
37.0507 0.797058 -0.603902
37.0563 0.800384 -0.599486
37.0618 0.803686 -0.595052
37.0673 0.806963 -0.5906
37.0728 0.810216 -0.58613
37.0784 0.813443 -0.581643
37.0839 0.816646 -0.577137
37.0894 0.819824 -0.572614
37.0949 0.822977 -0.568073
37.1005 0.826105 -0.563515
37.106 0.829208 -0.558939
37.1115 0.832285 -0.554347
37.1171 0.835337 -0.549737
37.1226 0.838363 -0.545111
37.1281 0.841363 -0.540468
37.1336 0.844338 -0.535809
37.1392 0.847287 -0.531133
37.1447 0.850211 -0.526441
37.1502 0.853108 -0.521733
37.1558 0.855979 -0.517009
37.1613 0.858824 -0.512269
37.1668 0.861643 -0.507514
37.1723 0.864435 -0.502743
37.1779 0.867201 -0.497957
37.1834 0.86994 -0.493155
37.1889 0.872653 -0.488338
37.1945 0.87534 -0.483507
37.2 0.877999 -0.47866
37.2055 0.880632 -0.473799
37.211 0.883238 -0.468924
37.2166 0.885816 -0.464034
37.2221 0.888368 -0.45913
37.2276 0.890892 -0.454212
37.2332 0.89339 -0.44928
37.2387 0.89586 -0.444335
37.2442 0.898302 -0.439376
37.2497 0.900718 -0.434403
37.2553 0.903105 -0.429417
37.2608 0.905465 -0.424418
37.2663 0.907798 -0.419406
37.2718 0.910102 -0.414381
37.2774 0.912379 -0.409344
37.2829 0.914628 -0.404294
37.2884 0.916849 -0.399232
37.294 0.919042 -0.394157
37.2995 0.921207 -0.389071
37.305 0.923344 -0.383972
37.3105 0.925452 -0.378862
37.3161 0.927532 -0.37374
37.3216 0.929584 -0.368607
37.3271 0.931608 -0.363463
37.3327 0.933603 -0.358307
37.3382 0.935569 -0.353141
37.3437 0.937507 -0.347963
37.3492 0.939416 -0.342775
37.3548 0.941297 -0.337577
37.3603 0.943149 -0.332368
37.3658 0.944972 -0.327149
37.3714 0.946766 -0.321921
37.3769 0.948531 -0.316682
37.3824 0.950267 -0.311433
37.3879 0.951974 -0.306176
37.3935 0.953652 -0.300908
37.399 0.955301 -0.295632
37.4045 0.956921 -0.290346
37.4101 0.958511 -0.285052
37.4156 0.960072 -0.279749
37.4211 0.961604 -0.274437
37.4266 0.963106 -0.269117
37.4322 0.964579 -0.263789
37.4377 0.966023 -0.258453
37.4432 0.967437 -0.253108
37.4487 0.968821 -0.247757
37.4543 0.970176 -0.242397
37.4598 0.971501 -0.23703
37.4653 0.972797 -0.231656
37.4709 0.974063 -0.226275
37.4764 0.975299 -0.220887
37.4819 0.976505 -0.215492
37.4874 0.977681 -0.21009
37.493 0.978827 -0.204682
37.4985 0.979944 -0.199268
37.504 0.981031 -0.193848
37.5096 0.982087 -0.188422
37.5151 0.983114 -0.18299
37.5206 0.98411 -0.177552
37.5261 0.985077 -0.172109
37.5317 0.986013 -0.166661
37.5372 0.986919 -0.161208
37.5427 0.987796 -0.15575
37.5483 0.988641 -0.150287
37.5538 0.989457 -0.144819
37.5593 0.990243 -0.139347
37.5648 0.990998 -0.133871
37.5704 0.991723 -0.12839
37.5759 0.992417 -0.122906
37.5814 0.993082 -0.117418
37.587 0.993715 -0.111926
37.5925 0.994319 -0.106431
37.598 0.994892 -0.100933
37.6035 0.995435 -0.0954317
37.6091 0.995947 -0.0899274
37.6146 0.996429 -0.0844203
37.6201 0.996881 -0.0789107
37.6256 0.997302 -0.0733987
37.6312 0.997692 -0.0678844
37.6367 0.998052 -0.062368
37.6422 0.998382 -0.0568498
37.6478 0.998681 -0.0513298
37.6533 0.998949 -0.0458082
37.6588 0.999187 -0.0402852
37.6643 0.999395 -0.034761
37.6699 0.999572 -0.0292358
37.6754 0.999718 -0.0237096
37.6809 0.999834 -0.0181828
37.6865 0.999919 -0.0126553
37.692 0.999974 -0.00712749
37.6975 0.999998 -0.00159946
37.703 0.999991 0.00392863
37.7086 0.999954 0.0094566
37.7141 0.999887 0.0149843
37.7196 0.999789 0.0205115
37.7252 0.99966 0.0260381
37.7307 0.999501 0.0315639
37.7362 0.999311 0.0370887
37.7417 0.999091 0.0426124
37.7473 0.99884 0.0481348
37.7528 0.998558 0.0536558
37.7583 0.998247 0.059175
37.7638 0.997904 0.0646925
37.7694 0.997531 0.070208
37.7749 0.997128 0.0757214
37.7804 0.996694 0.0812324
37.786 0.99623 0.086741
37.7915 0.995735 0.0922469
37.797 0.99521 0.09775
37.8025 0.994654 0.10325
37.8081 0.994068 0.108747
37.8136 0.993452 0.114241
37.8191 0.992805 0.119731
37.8247 0.992128 0.125217
37.8302 0.991421 0.1307
37.8357 0.990683 0.136179
37.8412 0.989915 0.141653
37.8468 0.989117 0.147123
37.8523 0.988289 0.152589
37.8578 0.98743 0.15805
37.8634 0.986541 0.163506
37.8689 0.985622 0.168957
37.8744 0.984673 0.174403
37.8799 0.983694 0.179844
37.8855 0.982685 0.185279
37.891 0.981646 0.190709
37.8965 0.980576 0.196132
37.9021 0.979477 0.20155
37.9076 0.978348 0.206962
37.9131 0.977189 0.212367
37.9186 0.976 0.217766
37.9242 0.974781 0.223158
37.9297 0.973533 0.228543
37.9352 0.972255 0.233921
37.9407 0.970947 0.239292
37.9463 0.969609 0.244656
37.9518 0.968242 0.250012
37.9573 0.966845 0.255361
37.9629 0.965418 0.260702
37.9684 0.963962 0.266035
37.9739 0.962477 0.27136
37.9794 0.960962 0.276676
37.985 0.959418 0.281984
37.9905 0.957845 0.287284
37.996 0.956242 0.292574
38.0016 0.95461 0.297856
38.0071 0.952949 0.303129
38.0126 0.951258 0.308392
38.0181 0.949539 0.313646
38.0237 0.947791 0.31889
38.0292 0.946013 0.324125
38.0347 0.944207 0.32935
38.0403 0.942372 0.334564
38.0458 0.940508 0.339769
38.0513 0.938615 0.344963
38.0568 0.936694 0.350146
38.0624 0.934744 0.355319
38.0679 0.932766 0.360481
38.0734 0.930759 0.365632
38.079 0.928723 0.370771
38.0845 0.926659 0.3759
38.09 0.924567 0.381017
38.0955 0.922447 0.386122
38.1011 0.920298 0.391215
38.1066 0.918121 0.396297
38.1121 0.915917 0.401366
38.1176 0.913684 0.406423
38.1232 0.911423 0.411468
38.1287 0.909135 0.4165
38.1342 0.906818 0.42152
38.1398 0.904474 0.426526
38.1453 0.902103 0.43152
38.1508 0.899703 0.4365
38.1563 0.897277 0.441467
38.1619 0.894822 0.44642
38.1674 0.892341 0.45136
38.1729 0.889832 0.456286
38.1785 0.887296 0.461198
38.184 0.884733 0.466096
38.1895 0.882143 0.47098
38.195 0.879526 0.475849
38.2006 0.876882 0.480704
38.2061 0.874211 0.485544
38.2116 0.871514 0.49037
38.2172 0.868789 0.49518
38.2227 0.866039 0.499975
38.2282 0.863262 0.504755
38.2337 0.860458 0.509519
38.2393 0.857628 0.514268
38.2448 0.854772 0.519001
38.2503 0.85189 0.523719
38.2559 0.848982 0.52842
38.2614 0.846048 0.533105
38.2669 0.843088 0.537774
38.2724 0.840102 0.542427
38.278 0.837091 0.547062
38.2835 0.834054 0.551682
38.289 0.830991 0.556284
38.2945 0.827903 0.560869
38.3001 0.82479 0.565437
38.3056 0.821652 0.569988
38.3111 0.818488 0.574522
38.3167 0.8153 0.579037
38.3222 0.812086 0.583536
38.3277 0.808848 0.588016
38.3332 0.805585 0.592478
38.3388 0.802298 0.596923
38.3443 0.798986 0.601349
38.3498 0.795649 0.605756
38.3554 0.792288 0.610146
38.3609 0.788903 0.614516
38.3664 0.785494 0.618868
38.3719 0.782061 0.623201
38.3775 0.778604 0.627514
38.383 0.775123 0.631809
38.3885 0.771619 0.636084
38.3941 0.76809 0.64034
38.3996 0.764539 0.644576
38.4051 0.760964 0.648793
38.4106 0.757366 0.65299
38.4162 0.753744 0.657167
38.4217 0.7501 0.661323
38.4272 0.746433 0.66546
38.4328 0.742743 0.669576
38.4383 0.73903 0.673672
38.4438 0.735294 0.677747
38.4493 0.731537 0.681801
38.4549 0.727756 0.685835
38.4604 0.723954 0.689847
38.4659 0.720129 0.693839
38.4714 0.716283 0.697809
38.477 0.712414 0.701758
38.4825 0.708524 0.705686
38.488 0.704612 0.709592
38.4936 0.700679 0.713476
38.4991 0.696724 0.717339
38.5046 0.692748 0.721179
38.5101 0.68875 0.724998
38.5157 0.684732 0.728794
38.5212 0.680693 0.732568
38.5267 0.676632 0.73632
38.5323 0.672552 0.740049
38.5378 0.66845 0.743756
38.5433 0.664329 0.74744
38.5488 0.660187 0.751101
38.5544 0.656024 0.754739
38.5599 0.651842 0.758354
38.5654 0.64764 0.761946
38.571 0.643418 0.765514
38.5765 0.639176 0.769059
38.582 0.634915 0.772581
38.5875 0.630634 0.776079
38.5931 0.626335 0.779554
38.5986 0.622016 0.783004
38.6041 0.617678 0.786431
38.6096 0.613321 0.789833
38.6152 0.608945 0.793212
38.6207 0.604551 0.796566
38.6262 0.600138 0.799896
38.6318 0.595707 0.803201
38.6373 0.591258 0.806482
38.6428 0.586791 0.809738
38.6483 0.582305 0.812969
38.6539 0.577802 0.816176
38.6594 0.573282 0.819358
38.6649 0.568743 0.822514
38.6705 0.564188 0.825646
38.676 0.559615 0.828752
38.6815 0.555025 0.831833
38.687 0.550418 0.834889
38.6926 0.545794 0.837919
38.6981 0.541154 0.840923
38.7036 0.536497 0.843902
38.7092 0.531824 0.846855
38.7147 0.527134 0.849782
38.7202 0.522428 0.852683
38.7257 0.517707 0.855558
38.7313 0.512969 0.858407
38.7368 0.508216 0.861229
38.7423 0.503447 0.864025
38.7479 0.498663 0.866795
38.7534 0.493864 0.869539
38.7589 0.489049 0.872256
38.7644 0.48422 0.874946
38.77 0.479376 0.877609
38.7755 0.474517 0.880246
38.781 0.469644 0.882856
38.7865 0.464756 0.885438
38.7921 0.459854 0.887994
38.7976 0.454938 0.890522
38.8031 0.450008 0.893024
38.8087 0.445065 0.895498
38.8142 0.440108 0.897945
38.8197 0.435137 0.900364
38.8252 0.430153 0.902755
38.8308 0.425156 0.90512
38.8363 0.420146 0.907456
38.8418 0.415123 0.909765
38.8474 0.410087 0.912046
38.8529 0.405039 0.914299
38.8584 0.399979 0.916524
38.8639 0.394906 0.918721
38.8695 0.389821 0.92089
38.875 0.384725 0.923031
38.8805 0.379616 0.925144
38.8861 0.374496 0.927228
38.8916 0.369365 0.929284
38.8971 0.364222 0.931312
38.9026 0.359068 0.933311
38.9082 0.353903 0.935282
38.9137 0.348727 0.937224
38.9192 0.343541 0.939137
38.9248 0.338344 0.941022
38.9303 0.333137 0.942878
38.9358 0.327919 0.944705
38.9413 0.322692 0.946504
38.9469 0.317455 0.948273
38.9524 0.312208 0.950014
38.9579 0.306951 0.951725
38.9634 0.301685 0.953407
38.969 0.29641 0.95506
38.9745 0.291126 0.956684
38.98 0.285833 0.958279
38.9856 0.280531 0.959845
38.9911 0.275221 0.961381
38.9966 0.269902 0.962888
39.0021 0.264575 0.964365
39.0077 0.25924 0.965813
39.0132 0.253897 0.967231
39.0187 0.248546 0.96862
39.0243 0.243188 0.969979
39.0298 0.237822 0.971309
39.0353 0.232449 0.972608
39.0408 0.227069 0.973879
39.0464 0.221681 0.975119
39.0519 0.216287 0.97633
39.0574 0.210887 0.97751
39.063 0.20548 0.978661
39.0685 0.200067 0.979782
39.074 0.194647 0.980873
39.0795 0.189222 0.981934
39.0851 0.183791 0.982965
39.0906 0.178354 0.983966
39.0961 0.172912 0.984937
39.1017 0.167465 0.985878
39.1072 0.162012 0.986789
39.1127 0.156555 0.987669
39.1182 0.151092 0.98852
39.1238 0.145625 0.98934
39.1293 0.140154 0.99013
39.1348 0.134678 0.990889
39.1403 0.129199 0.991619
39.1459 0.123715 0.992318
39.1514 0.118227 0.992986
39.1569 0.112736 0.993625
39.1625 0.107242 0.994233
39.168 0.101744 0.994811
39.1735 0.0962429 0.995358
39.179 0.090739 0.995875
39.1846 0.0852323 0.996361
39.1901 0.0797231 0.996817
39.1956 0.0742114 0.997242
39.2012 0.0686974 0.997637
39.2067 0.0631814 0.998002
39.2122 0.0576634 0.998336
39.2177 0.0521436 0.99864
39.2233 0.0466223 0.998913
39.2288 0.0410995 0.999155
39.2343 0.0355755 0.999367
39.2399 0.0300503 0.999548
39.2454 0.0245243 0.999699
39.2509 0.0189975 0.99982
39.2564 0.0134701 0.999909
39.262 0.00794236 0.999968
39.2675 0.00241434 0.999997
39.273 -0.00311375 0.999995
39.2786 -0.00864175 0.999963
39.2841 -0.0141695 0.9999
39.2896 -0.0196968 0.999806
39.2951 -0.0252235 0.999682
39.3007 -0.0307494 0.999527
39.3062 -0.0362744 0.999342
39.3117 -0.0417983 0.999126
39.3172 -0.0473209 0.99888
39.3228 -0.0528421 0.998603
39.3283 -0.0583616 0.998296
39.3338 -0.0638794 0.997958
39.3394 -0.0693952 0.997589
39.3449 -0.0749089 0.99719
39.3504 -0.0804203 0.996761
39.3559 -0.0859292 0.996301
39.3615 -0.0914355 0.995811
39.367 -0.096939 0.99529
39.3725 -0.10244 0.994739
39.3781 -0.107937 0.994158
39.3836 -0.113431 0.993546
39.3891 -0.118922 0.992904
39.3946 -0.124409 0.992231
39.4002 -0.129892 0.991528
39.4057 -0.135371 0.990795
39.4112 -0.140846 0.990032
39.4168 -0.146317 0.989238
39.4223 -0.151784 0.988414
39.4278 -0.157245 0.98756
39.4333 -0.162702 0.986675
39.4389 -0.168154 0.985761
39.4444 -0.173601 0.984816
39.4499 -0.179042 0.983842
39.4554 -0.184478 0.982837
39.461 -0.189909 0.981802
39.4665 -0.195333 0.980737
39.472 -0.200752 0.979642
39.4776 -0.206164 0.978518
39.4831 -0.211571 0.977363
39.4886 -0.21697 0.976178
39.4941 -0.222363 0.974964
39.4997 -0.22775 0.97372
39.5052 -0.233129 0.972446
39.5107 -0.238501 0.971142
39.5163 -0.243866 0.969809
39.5218 -0.249224 0.968446
39.5273 -0.254573 0.967054
39.5328 -0.259915 0.965632
39.5384 -0.26525 0.96418
39.5439 -0.270576 0.962699
39.5494 -0.275893 0.961189
39.555 -0.281203 0.959649
39.5605 -0.286503 0.95808
39.566 -0.291795 0.956481
39.5715 -0.297078 0.954853
39.5771 -0.302352 0.953197
39.5826 -0.307617 0.951511
39.5881 -0.312872 0.949796
39.5937 -0.318118 0.948051
39.5992 -0.323354 0.946278
39.6047 -0.32858 0.944476
39.6102 -0.333796 0.942646
39.6158 -0.339002 0.940786
39.6213 -0.344198 0.938898
39.6268 -0.349383 0.93698
39.6323 -0.354557 0.935035
39.6379 -0.359721 0.93306
39.6434 -0.364873 0.931058
39.6489 -0.370015 0.929026
39.6545 -0.375145 0.926967
39.66 -0.380263 0.924879
39.6655 -0.38537 0.922762
39.671 -0.390466 0.920618
39.6766 -0.395549 0.918445
39.6821 -0.40062 0.916245
39.6876 -0.405679 0.914016
39.6932 -0.410726 0.911759
39.6987 -0.41576 0.909475
39.7042 -0.420781 0.907163
39.7097 -0.425789 0.904823
39.7153 -0.430785 0.902455
39.7208 -0.435767 0.90006
39.7263 -0.440736 0.897637
39.7319 -0.445691 0.895187
39.7374 -0.450633 0.89271
39.7429 -0.455561 0.890205
39.7484 -0.460475 0.887673
39.754 -0.465376 0.885114
39.7595 -0.470261 0.882528
39.765 -0.475133 0.879915
39.7706 -0.47999 0.877275
39.7761 -0.484832 0.874608
39.7816 -0.48966 0.871914
39.7871 -0.494472 0.869194
39.7927 -0.49927 0.866447
39.7982 -0.504052 0.863674
39.8037 -0.508819 0.860874
39.8092 -0.51357 0.858048
39.8148 -0.518305 0.855196
39.8203 -0.523025 0.852318
39.8258 -0.527729 0.849414
39.8314 -0.532416 0.846483
39.8369 -0.537087 0.843527
39.8424 -0.541742 0.840545
39.8479 -0.546381 0.837538
39.8535 -0.551002 0.834504
39.859 -0.555607 0.831446
39.8645 -0.560195 0.828362
39.8701 -0.564766 0.825252
39.8756 -0.569319 0.822117
39.8811 -0.573855 0.818958
39.8866 -0.578374 0.815773
39.8922 -0.582874 0.812563
39.8977 -0.587357 0.809328
39.9032 -0.591822 0.806069
39.9088 -0.596269 0.802785
39.9143 -0.600698 0.799477
39.9198 -0.605108 0.796144
39.9253 -0.6095 0.792787
39.9309 -0.613874 0.789405
39.9364 -0.618228 0.785999
39.9419 -0.622564 0.78257
39.9475 -0.62688 0.779116
39.953 -0.631178 0.775639
39.9585 -0.635456 0.772138
39.964 -0.639715 0.768613
39.9696 -0.643954 0.765065
39.9751 -0.648173 0.761494
39.9806 -0.652373 0.757899
39.9861 -0.656553 0.754281
39.9917 -0.660713 0.75064
39.9972 -0.664852 0.746976
40.0027 -0.668971 0.743289
40.0083 -0.67307 0.73958
40.0138 -0.677148 0.735848
40.0193 -0.681206 0.732093
40.0248 -0.685242 0.728316
40.0304 -0.689258 0.724517
40.0359 -0.693253 0.720696
40.0414 -0.697226 0.716852
40.047 -0.701178 0.712987
40.0525 -0.705109 0.7091
40.058 -0.709018 0.705191
40.0635 -0.712906 0.701261
40.0691 -0.716771 0.697309
40.0746 -0.720615 0.693336
40.0801 -0.724437 0.689342
40.0857 -0.728237 0.685327
40.0912 -0.732014 0.681291
40.0967 -0.735769 0.677234
40.1022 -0.739502 0.673156
40.1078 -0.743212 0.669057
40.1133 -0.746899 0.664939
40.1188 -0.750563 0.6608
40.1243 -0.754205 0.65664
40.1299 -0.757823 0.652461
40.1354 -0.761419 0.648262
40.1409 -0.764991 0.644043
40.1465 -0.768539 0.639804
40.152 -0.772064 0.635546
40.1575 -0.775566 0.631268
40.163 -0.779044 0.626971
40.1686 -0.782498 0.622655
40.1741 -0.785928 0.618319
40.1796 -0.789334 0.613965
40.1852 -0.792716 0.609592
40.1907 -0.796074 0.605201
40.1962 -0.799407 0.600791
40.2017 -0.802716 0.596363
40.2073 -0.806001 0.591916
40.2128 -0.80926 0.587451
40.2183 -0.812496 0.582969
40.2239 -0.815706 0.578468
40.2294 -0.818891 0.57395
40.2349 -0.822052 0.569415
40.2404 -0.825187 0.564861
40.246 -0.828297 0.560291
40.2515 -0.831381 0.555704
40.257 -0.834441 0.551099
40.2626 -0.837474 0.546478
40.2681 -0.840483 0.54184
40.2736 -0.843465 0.537186
40.2791 -0.846422 0.532515
40.2847 -0.849353 0.527827
40.2902 -0.852258 0.523124
40.2957 -0.855136 0.518405
40.3012 -0.857989 0.513669
40.3068 -0.860816 0.508919
40.3123 -0.863616 0.504152
40.3178 -0.86639 0.49937
40.3234 -0.869137 0.494573
40.3289 -0.871858 0.489761
40.3344 -0.874552 0.484934
40.3399 -0.877219 0.480092
40.3455 -0.87986 0.475235
40.351 -0.882473 0.470364
40.3565 -0.88506 0.465478
40.3621 -0.88762 0.460579
40.3676 -0.890152 0.455665
40.3731 -0.892658 0.450737
40.3786 -0.895136 0.445795
40.3842 -0.897587 0.44084
40.3897 -0.90001 0.435872
40.3952 -0.902406 0.43089
40.4008 -0.904774 0.425895
40.4063 -0.907114 0.420886
40.4118 -0.909427 0.415865
40.4173 -0.911712 0.410832
40.4229 -0.913969 0.405785
40.4284 -0.916199 0.400727
40.4339 -0.9184 0.395656
40.4395 -0.920573 0.390573
40.445 -0.922718 0.385478
40.4505 -0.924835 0.380371
40.456 -0.926924 0.375253
40.4616 -0.928984 0.370123
40.4671 -0.931016 0.364982
40.4726 -0.933019 0.359829
40.4781 -0.934994 0.354666
40.4837 -0.93694 0.349492
40.4892 -0.938858 0.344307
40.4947 -0.940747 0.339112
40.5003 -0.942607 0.333906
40.5058 -0.944439 0.32869
40.5113 -0.946241 0.323464
40.5168 -0.948015 0.318228
40.5224 -0.94976 0.312983
40.5279 -0.951475 0.307728
40.5334 -0.953162 0.302463
40.539 -0.95482 0.297189
40.5445 -0.956448 0.291907
40.55 -0.958047 0.286615
40.5555 -0.959617 0.281314
40.5611 -0.961157 0.276005
40.5666 -0.962668 0.270688
40.5721 -0.96415 0.265362
40.5777 -0.965602 0.260028
40.5832 -0.967025 0.254686
40.5887 -0.968418 0.249336
40.5942 -0.969782 0.243979
40.5998 -0.971115 0.238614
40.6053 -0.97242 0.233242
40.6108 -0.973694 0.227863
40.6164 -0.974939 0.222477
40.6219 -0.976154 0.217084
40.6274 -0.977339 0.211684
40.6329 -0.978494 0.206278
40.6385 -0.97962 0.200866
40.644 -0.980715 0.195447
40.6495 -0.981781 0.190023
40.655 -0.982816 0.184593
40.6606 -0.983822 0.179157
40.6661 -0.984797 0.173715
40.6716 -0.985742 0.168269
40.6772 -0.986657 0.162817
40.6827 -0.987542 0.15736
40.6882 -0.988397 0.151899
40.6937 -0.989222 0.146432
40.6993 -0.990016 0.140962
40.7048 -0.99078 0.135487
40.7103 -0.991514 0.130007
40.7159 -0.992218 0.124524
40.7214 -0.992891 0.119037
40.7269 -0.993534 0.113547
40.7324 -0.994146 0.108053
40.738 -0.994728 0.102555
40.7435 -0.99528 0.0970547
40.749 -0.995801 0.0915513
40.7546 -0.996292 0.086045
40.7601 -0.996753 0.0805361
40.7656 -0.997183 0.0750248
40.7711 -0.997582 0.0695111
40.7767 -0.997951 0.0639953
40.7822 -0.99829 0.0584776
40.7877 -0.998598 0.0529581
40.7932 -0.998875 0.047437
40.7988 -0.999122 0.0419144
40.8043 -0.999339 0.0363905
40.8098 -0.999525 0.0308656
40.8154 -0.99968 0.0253397
40.8209 -0.999805 0.019813
40.8264 -0.999899 0.0142857
40.8319 -0.999963 0.00875793
40.8375 -0.999996 0.00322993
40.843 -0.999998 -0.00229817
40.8485 -0.99997 -0.00782619
40.8541 -0.999912 -0.013354
40.8596 -0.999823 -0.0188814
40.8651 -0.999703 -0.0244082
40.8706 -0.999553 -0.0299342
40.8762 -0.999372 -0.0354594
40.8817 -0.999161 -0.0409834
40.8872 -0.998919 -0.0465062
40.8928 -0.998647 -0.0520276
40.8983 -0.998344 -0.0575474
40.9038 -0.99801 -0.0630655
40.9093 -0.997647 -0.0685816
40.9149 -0.997252 -0.0740956
40.9204 -0.996827 -0.0796073
40.9259 -0.996372 -0.0851166
40.9315 -0.995886 -0.0906234
40.937 -0.99537 -0.0961273
40.9425 -0.994823 -0.101628
40.948 -0.994246 -0.107126
40.9536 -0.993639 -0.112621
40.9591 -0.993001 -0.118112
40.9646 -0.992333 -0.1236
40.9701 -0.991635 -0.129083
40.9757 -0.990906 -0.134563
40.9812 -0.990147 -0.140039
40.9867 -0.989358 -0.14551
40.9923 -0.988538 -0.150977
40.9978 -0.987688 -0.15644
41.0033 -0.986809 -0.161898
41.0088 -0.985899 -0.16735
41.0144 -0.984958 -0.172798
41.0199 -0.983988 -0.17824
41.0254 -0.982988 -0.183677
41.031 -0.981957 -0.189108
41.0365 -0.980897 -0.194534
41.042 -0.979806 -0.199953
41.0475 -0.978686 -0.205366
41.0531 -0.977536 -0.210774
41.0586 -0.976356 -0.216174
41.0641 -0.975146 -0.221568
41.0697 -0.973906 -0.226956
41.0752 -0.972637 -0.232336
41.0807 -0.971337 -0.237709
41.0862 -0.970008 -0.243075
41.0918 -0.96865 -0.248434
41.0973 -0.967262 -0.253785
41.1028 -0.965844 -0.259128
41.1084 -0.964397 -0.264463
41.1139 -0.96292 -0.26979
41.1194 -0.961414 -0.275109
41.1249 -0.959878 -0.28042
41.1305 -0.958314 -0.285722
41.136 -0.956719 -0.291015
41.1415 -0.955096 -0.2963
41.147 -0.953443 -0.301575
41.1526 -0.951762 -0.306841
41.1581 -0.950051 -0.312098
41.1636 -0.948311 -0.317345
41.1692 -0.946542 -0.322582
41.1747 -0.944745 -0.32781
41.1802 -0.942918 -0.333028
41.1857 -0.941063 -0.338235
41.1913 -0.939179 -0.343432
41.1968 -0.937266 -0.348619
41.2023 -0.935324 -0.353795
41.2079 -0.933354 -0.35896
41.2134 -0.931355 -0.364114
41.2189 -0.929328 -0.369257
41.2244 -0.927273 -0.374389
41.23 -0.925189 -0.379509
41.2355 -0.923077 -0.384618
41.241 -0.920937 -0.389715
41.2466 -0.918768 -0.3948
41.2521 -0.916572 -0.399873
41.2576 -0.914347 -0.404934
41.2631 -0.912095 -0.409982
41.2687 -0.909814 -0.415018
41.2742 -0.907506 -0.420041
41.2797 -0.90517 -0.425051
41.2853 -0.902807 -0.430049
41.2908 -0.900416 -0.435033
41.2963 -0.897997 -0.440004
41.3018 -0.895551 -0.444961
41.3074 -0.893077 -0.449905
41.3129 -0.890577 -0.454835
41.3184 -0.888049 -0.459751
41.3239 -0.885494 -0.464654
41.3295 -0.882911 -0.469542
41.335 -0.880302 -0.474415
41.3405 -0.877666 -0.479274
41.3461 -0.875003 -0.484119
41.3516 -0.872314 -0.488948
41.3571 -0.869597 -0.493763
41.3626 -0.866855 -0.498563
41.3682 -0.864085 -0.503347
41.3737 -0.861289 -0.508116
41.3792 -0.858467 -0.51287
41.3848 -0.855619 -0.517608
41.3903 -0.852745 -0.52233
41.3958 -0.849844 -0.527036
41.4013 -0.846918 -0.531726
41.4069 -0.843965 -0.536399
41.4124 -0.840987 -0.541057
41.4179 -0.837983 -0.545697
41.4235 -0.834954 -0.550322
41.429 -0.831899 -0.554929
41.4345 -0.828818 -0.559519
41.44 -0.825713 -0.564092
41.4456 -0.822582 -0.568648
41.4511 -0.819426 -0.573187
41.4566 -0.816245 -0.577708
41.4621 -0.813038 -0.582211
41.4677 -0.809807 -0.586697
41.4732 -0.806552 -0.591165
41.4787 -0.803271 -0.595614
41.4843 -0.799967 -0.600046
41.4898 -0.796637 -0.604459
41.4953 -0.793284 -0.608854
41.5008 -0.789906 -0.61323
41.5064 -0.786504 -0.617587
41.5119 -0.783078 -0.621925
41.5174 -0.779628 -0.626245
41.523 -0.776154 -0.630545
41.5285 -0.772656 -0.634826
41.534 -0.769135 -0.639088
41.5395 -0.76559 -0.64333
41.5451 -0.762022 -0.647552
41.5506 -0.758431 -0.651755
41.5561 -0.754816 -0.655937
41.5617 -0.751179 -0.6601
41.5672 -0.747518 -0.664242
41.5727 -0.743835 -0.668365
41.5782 -0.740129 -0.672466
41.5838 -0.7364 -0.676548
41.5893 -0.732649 -0.680608
41.5948 -0.728875 -0.684648
41.6004 -0.725079 -0.688667
41.6059 -0.721261 -0.692664
41.6114 -0.717421 -0.696641
41.6169 -0.713559 -0.700596
41.6225 -0.709675 -0.70453
41.628 -0.705769 -0.708443
41.6335 -0.701842 -0.712333
41.639 -0.697894 -0.716202
41.6446 -0.693924 -0.720049
41.6501 -0.689933 -0.723874
41.6556 -0.685921 -0.727677
41.6612 -0.681887 -0.731458
41.6667 -0.677833 -0.735216
41.6722 -0.673759 -0.738952
41.6777 -0.669663 -0.742666
41.6833 -0.665548 -0.746356
41.6888 -0.661412 -0.750024
41.6943 -0.657255 -0.753669
41.6999 -0.653079 -0.757291
41.7054 -0.648883 -0.760889
41.7109 -0.644666 -0.764465
41.7164 -0.640431 -0.768017
41.722 -0.636175 -0.771545
41.7275 -0.6319 -0.775051
41.733 -0.627606 -0.778532
41.7386 -0.623293 -0.781989
41.7441 -0.61896 -0.785423
41.7496 -0.614609 -0.788833
41.7551 -0.610239 -0.792218
41.7607 -0.60585 -0.79558
41.7662 -0.601443 -0.798917
41.7717 -0.597017 -0.802229
41.7773 -0.592573 -0.805517
41.7828 -0.588111 -0.808781
41.7883 -0.583631 -0.81202
41.7938 -0.579133 -0.815234
41.7994 -0.574618 -0.818423
41.8049 -0.570085 -0.821587
41.8104 -0.565534 -0.824725
41.8159 -0.560966 -0.827839
41.8215 -0.556382 -0.830928
41.827 -0.55178 -0.833991
41.8325 -0.547161 -0.837028
41.8381 -0.542525 -0.84004
41.8436 -0.537873 -0.843026
41.8491 -0.533205 -0.845987
41.8546 -0.52852 -0.848922
41.8602 -0.523819 -0.85183
41.8657 -0.519102 -0.854713
41.8712 -0.514369 -0.85757
41.8768 -0.50962 -0.8604
41.8823 -0.504856 -0.863204
41.8878 -0.500077 -0.865982
41.8933 -0.495282 -0.868733
41.8989 -0.490472 -0.871458
41.9044 -0.485647 -0.874156
41.9099 -0.480807 -0.876827
41.9155 -0.475953 -0.879471
41.921 -0.471084 -0.882089
41.9265 -0.4662 -0.88468
41.932 -0.461302 -0.887243
41.9376 -0.456391 -0.88978
41.9431 -0.451465 -0.892289
41.9486 -0.446525 -0.894771
41.9542 -0.441572 -0.897226
41.9597 -0.436605 -0.899654
41.9652 -0.431625 -0.902053
41.9707 -0.426632 -0.904426
41.9763 -0.421626 -0.90677
41.9818 -0.416607 -0.909087
41.9873 -0.411575 -0.911376
41.9928 -0.406531 -0.913638
41.9984 -0.401474 -0.915871
42.0039 -0.396404 -0.918076
42.0094 -0.391323 -0.920254
42.015 -0.38623 -0.922403
42.0205 -0.381125 -0.924524
42.026 -0.376008 -0.926617
42.0315 -0.37088 -0.928681
42.0371 -0.365741 -0.930717
42.0426 -0.36059 -0.932725
42.0481 -0.355428 -0.934704
42.0537 -0.350256 -0.936654
42.0592 -0.345073 -0.938576
42.0647 -0.339879 -0.94047
42.0702 -0.334675 -0.942334
42.0758 -0.32946 -0.94417
42.0813 -0.324236 -0.945977
42.0868 -0.319001 -0.947755
42.0924 -0.313757 -0.949504
42.0979 -0.308503 -0.951224
42.1034 -0.30324 -0.952914
42.1089 -0.297968 -0.954576
42.1145 -0.292686 -0.956209
42.12 -0.287396 -0.957812
42.1255 -0.282097 -0.959386
42.1311 -0.276789 -0.960931
42.1366 -0.271472 -0.962446
42.1421 -0.266148 -0.963932
42.1476 -0.260815 -0.965389
42.1532 -0.255474 -0.966816
42.1587 -0.250126 -0.968214
42.1642 -0.24477 -0.969582
42.1697 -0.239406 -0.97092
42.1753 -0.234035 -0.972228
42.1808 -0.228657 -0.973507
42.1863 -0.223272 -0.974756
42.1919 -0.21788 -0.975976
42.1974 -0.212481 -0.977165
42.2029 -0.207076 -0.978325
42.2084 -0.201665 -0.979455
42.214 -0.196247 -0.980555
42.2195 -0.190824 -0.981625
42.225 -0.185394 -0.982664
42.2306 -0.179959 -0.983674
42.2361 -0.174519 -0.984654
42.2416 -0.169073 -0.985604
42.2471 -0.163622 -0.986523
42.2527 -0.158165 -0.987413
42.2582 -0.152705 -0.988272
42.2637 -0.147239 -0.989101
42.2693 -0.141769 -0.9899
42.2748 -0.136294 -0.990669
42.2803 -0.130816 -0.991407
42.2858 -0.125333 -0.992115
42.2914 -0.119847 -0.992792
42.2969 -0.114357 -0.99344
42.3024 -0.108863 -0.994057
42.3079 -0.103366 -0.994643
42.3135 -0.0978664 -0.9952
42.319 -0.0923634 -0.995725
42.3245 -0.0868575 -0.996221
42.3301 -0.081349 -0.996686
42.3356 -0.075838 -0.99712
42.3411 -0.0703247 -0.997524
42.3466 -0.0648092 -0.997898
42.3522 -0.0592918 -0.998241
42.3577 -0.0537725 -0.998553
42.3632 -0.0482516 -0.998835
42.3688 -0.0427293 -0.999087
42.3743 -0.0372056 -0.999308
42.3798 -0.0316808 -0.999498
42.3853 -0.026155 -0.999658
42.3909 -0.0206284 -0.999787
42.3964 -0.0151012 -0.999886
42.4019 -0.00957353 -0.999954
42.4075 -0.00404556 -0.999992
42.413 0.00148253 -0.999999
42.4185 0.00701058 -0.999975
42.424 0.0125384 -0.999921
42.4296 0.0180659 -0.999837
42.4351 0.0235928 -0.999722
42.4406 0.0291189 -0.999576
42.4462 0.0346442 -0.9994
42.4517 0.0401684 -0.999193
42.4572 0.0456914 -0.998956
42.4627 0.051213 -0.998688
42.4683 0.0567331 -0.998389
42.4738 0.0622514 -0.99806
42.4793 0.0677678 -0.997701
42.4848 0.0732821 -0.997311
42.4904 0.0787942 -0.996891
42.4959 0.0843039 -0.99644
42.5014 0.089811 -0.995959
42.507 0.0953153 -0.995447
42.5125 0.100817 -0.994905
42.518 0.106315 -0.994332
42.5235 0.11181 -0.993729
42.5291 0.117302 -0.993096
42.5346 0.12279 -0.992433
42.5401 0.128274 -0.991739
42.5457 0.133755 -0.991014
42.5512 0.139231 -0.99026
42.5567 0.144703 -0.989475
42.5622 0.150171 -0.98866
42.5678 0.155634 -0.987815
42.5733 0.161092 -0.986939
42.5788 0.166546 -0.986034
42.5844 0.171994 -0.985098
42.5899 0.177437 -0.984132
42.5954 0.182875 -0.983136
42.6009 0.188307 -0.98211
42.6065 0.193733 -0.981054
42.612 0.199154 -0.979968
42.6175 0.204568 -0.978852
42.6231 0.209976 -0.977706
42.6286 0.215378 -0.976531
42.6341 0.220773 -0.975325
42.6396 0.226161 -0.97409
42.6452 0.231542 -0.972825
42.6507 0.236917 -0.97153
42.6562 0.242284 -0.970205
42.6617 0.247643 -0.968851
42.6673 0.252995 -0.967467
42.6728 0.25834 -0.966054
42.6783 0.263676 -0.964611
42.6839 0.269005 -0.963139
42.6894 0.274325 -0.961637
42.6949 0.279637 -0.960106
42.7004 0.28494 -0.958545
42.706 0.290234 -0.956955
42.7115 0.29552 -0.955336
42.717 0.300797 -0.953688
42.7226 0.306064 -0.952011
42.7281 0.311322 -0.950304
42.7336 0.316571 -0.948568
42.7391 0.32181 -0.946804
42.7447 0.327039 -0.94501
42.7502 0.332258 -0.943188
42.7557 0.337467 -0.941337
42.7613 0.342666 -0.939457
42.7668 0.347854 -0.937548
42.7723 0.353031 -0.935611
42.7778 0.358198 -0.933645
42.7834 0.363354 -0.931651
42.7889 0.368499 -0.929628
42.7944 0.373632 -0.927577
42.8 0.378754 -0.925497
42.8055 0.383864 -0.923389
42.811 0.388963 -0.921253
42.8165 0.39405 -0.919089
42.8221 0.399125 -0.916896
42.8276 0.404187 -0.914676
42.8331 0.409237 -0.912427
42.8386 0.414275 -0.910151
42.8442 0.4193 -0.907847
42.8497 0.424312 -0.905515
42.8552 0.429312 -0.903156
42.8608 0.434298 -0.900769
42.8663 0.439271 -0.898354
42.8718 0.44423 -0.895912
42.8773 0.449176 -0.893443
42.8829 0.454108 -0.890946
42.8884 0.459026 -0.888422
42.8939 0.463931 -0.885871
42.8995 0.468821 -0.883293
42.905 0.473697 -0.880688
42.9105 0.478558 -0.878055
42.916 0.483404 -0.875397
42.9216 0.488236 -0.872711
42.9271 0.493053 -0.869999
42.9326 0.497855 -0.86726
42.9382 0.502642 -0.864494
42.9437 0.507413 -0.861702
42.9492 0.512169 -0.858884
42.9547 0.516909 -0.85604
42.9603 0.521633 -0.853169
42.9658 0.526342 -0.850272
42.9713 0.531034 -0.84735
42.9768 0.53571 -0.844401
42.9824 0.54037 -0.841427
42.9879 0.545013 -0.838427
42.9934 0.54964 -0.835401
42.999 0.55425 -0.83235
43.0045 0.558842 -0.829273
43.01 0.563418 -0.826171
43.0155 0.567977 -0.823044
43.0211 0.572518 -0.819892
43.0266 0.577041 -0.816714
43.0321 0.581547 -0.813512
43.0377 0.586036 -0.810284
43.0432 0.590506 -0.807032
43.0487 0.594958 -0.803756
43.0542 0.599393 -0.800454
43.0598 0.603808 -0.797129
43.0653 0.608206 -0.793779
43.0708 0.612584 -0.790404
43.0764 0.616945 -0.787006
43.0819 0.621286 -0.783583
43.0874 0.625608 -0.780137
43.0929 0.629911 -0.776666
43.0985 0.634195 -0.773172
43.104 0.638459 -0.769655
43.1095 0.642704 -0.766114
43.1151 0.64693 -0.762549
43.1206 0.651135 -0.758961
43.1261 0.655321 -0.75535
43.1316 0.659486 -0.751716
43.1372 0.663632 -0.748058
43.1427 0.667757 -0.744378
43.1482 0.671862 -0.740676
43.1537 0.675946 -0.73695
43.1593 0.68001 -0.733202
43.1648 0.684052 -0.729432
43.1703 0.688074 -0.725639
43.1759 0.692075 -0.721824
43.1814 0.696055 -0.717988
43.1869 0.700013 -0.714129
43.1924 0.70395 -0.710248
43.198 0.707866 -0.706346
43.2035 0.71176 -0.702422
43.209 0.715632 -0.698476
43.2146 0.719482 -0.69451
43.2201 0.723311 -0.690522
43.2256 0.727117 -0.686513
43.2311 0.730901 -0.682483
43.2367 0.734662 -0.678432
43.2422 0.738402 -0.67436
43.2477 0.742118 -0.670268
43.2533 0.745812 -0.666155
43.2588 0.749483 -0.662022
43.2643 0.753132 -0.657869
43.2698 0.756757 -0.653695
43.2754 0.760359 -0.649502
43.2809 0.763938 -0.645289
43.2864 0.767493 -0.641056
43.292 0.771025 -0.636803
43.2975 0.774534 -0.632531
43.303 0.778019 -0.62824
43.3085 0.78148 -0.623929
43.3141 0.784917 -0.6196
43.3196 0.78833 -0.615251
43.3251 0.791719 -0.610884
43.3306 0.795084 -0.606498
43.3362 0.798425 -0.602093
43.3417 0.801741 -0.59767
43.3472 0.805033 -0.593229
43.3528 0.8083 -0.58877
43.3583 0.811542 -0.584292
43.3638 0.81476 -0.579797
43.3693 0.817953 -0.575284
43.3749 0.82112 -0.570754
43.3804 0.824263 -0.566206
43.3859 0.82738 -0.56164
43.3915 0.830473 -0.557058
43.397 0.833539 -0.552459
43.4025 0.836581 -0.547842
43.408 0.839596 -0.543209
43.4136 0.842586 -0.53856
43.4191 0.845551 -0.533893
43.4246 0.848489 -0.529211
43.4302 0.851402 -0.524512
43.4357 0.854288 -0.519798
43.4412 0.857149 -0.515067
43.4467 0.859983 -0.510321
43.4523 0.862791 -0.505559
43.4578 0.865573 -0.500782
43.4633 0.868328 -0.495989
43.4689 0.871056 -0.491182
43.4744 0.873758 -0.486359
43.4799 0.876434 -0.481521
43.4854 0.879082 -0.476669
43.491 0.881704 -0.471802
43.4965 0.884298 -0.46692
43.502 0.886866 -0.462025
43.5075 0.889407 -0.457115
43.5131 0.89192 -0.452191
43.5186 0.894406 -0.447254
43.5241 0.896865 -0.442303
43.5297 0.899296 -0.437338
43.5352 0.9017 -0.43236
43.5407 0.904076 -0.427369
43.5462 0.906425 -0.422364
43.5518 0.908746 -0.417347
43.5573 0.911039 -0.412317
43.5628 0.913305 -0.407275
43.5684 0.915542 -0.40222
43.5739 0.917752 -0.397152
43.5794 0.919933 -0.392073
43.5849 0.922087 -0.386981
43.5905 0.924212 -0.381878
43.596 0.926309 -0.376763
43.6015 0.928377 -0.371637
43.6071 0.930418 -0.366499
43.6126 0.932429 -0.36135
43.6181 0.934413 -0.35619
43.6236 0.936367 -0.351019
43.6292 0.938294 -0.345837
43.6347 0.940191 -0.340645
43.6402 0.94206 -0.335442
43.6458 0.9439 -0.330229
43.6513 0.945711 -0.325006
43.6568 0.947493 -0.319773
43.6623 0.949246 -0.314531
43.6679 0.950971 -0.309278
43.6734 0.952666 -0.304017
43.6789 0.954332 -0.298746
43.6844 0.955969 -0.293465
43.69 0.957576 -0.288176
43.6955 0.959155 -0.282878
43.701 0.960704 -0.277572
43.7066 0.962224 -0.272257
43.7121 0.963714 -0.266933
43.7176 0.965175 -0.261602
43.7231 0.966606 -0.256262
43.7287 0.968008 -0.250915
43.7342 0.969381 -0.24556
43.7397 0.970723 -0.240197
43.7453 0.972036 -0.234827
43.7508 0.973319 -0.22945
43.7563 0.974573 -0.224066
43.7618 0.975797 -0.218675
43.7674 0.976991 -0.213277
43.7729 0.978155 -0.207873
43.7784 0.979289 -0.202463
43.784 0.980393 -0.197046
43.7895 0.981468 -0.191623
43.795 0.982512 -0.186195
43.8005 0.983526 -0.180761
43.8061 0.98451 -0.175321
43.8116 0.985464 -0.169876
43.8171 0.986389 -0.164425
43.8226 0.987282 -0.15897
43.8282 0.988146 -0.15351
43.8337 0.98898 -0.148045
43.8392 0.989783 -0.142576
43.8448 0.990556 -0.137102
43.8503 0.991299 -0.131624
43.8558 0.992011 -0.126142
43.8613 0.992693 -0.120656
43.8669 0.993345 -0.115166
43.8724 0.993967 -0.109673
43.8779 0.994558 -0.104177
43.8835 0.995118 -0.0986774
43.889 0.995649 -0.0931748
43.8945 0.996149 -0.0876694
43.9 0.996618 -0.0821612
43.9056 0.997057 -0.0766506
43.9111 0.997466 -0.0711376
43.9166 0.997844 -0.0656225
43.9222 0.998191 -0.0601053
43.9277 0.998508 -0.0545863
43.9332 0.998795 -0.0490656
43.9387 0.999051 -0.0435435
43.9443 0.999276 -0.03802
43.9498 0.999471 -0.0324953
43.9553 0.999635 -0.0269697
43.9609 0.999769 -0.0214432
43.9664 0.999872 -0.0159161
43.9719 0.999945 -0.0103885
43.9774 0.999987 -0.00486055
43.983 0.999999 0.000667528
43.9885 0.99998 0.00619559
43.994 0.99993 0.0117235
43.9995 0.99985 0.017251
44.0051 0.99974 0.022778
44.0106 0.999598 0.0283042
44.0161 0.999427 0.0338297
44.0217 0.999224 0.0393541
44.0272 0.998992 0.0448772
44.0327 0.998728 0.0503991
44.0382 0.998434 0.0559193
44.0438 0.99811 0.0614379
44.0493 0.997755 0.0669546
44.0548 0.99737 0.0724692
44.0604 0.996954 0.0779817
44.0659 0.996507 0.0834917
44.0714 0.996031 0.0889992
44.0769 0.995523 0.094504
44.0825 0.994986 0.100006
44.088 0.994418 0.105505
44.0935 0.993819 0.111
44.0991 0.993191 0.116492
44.1046 0.992531 0.121981
44.1101 0.991842 0.127466
44.1156 0.991122 0.132947
44.1212 0.990372 0.138424
44.1267 0.989592 0.143897
44.1322 0.988781 0.149365
44.1378 0.98794 0.154829
44.1433 0.987069 0.160288
44.1488 0.986168 0.165742
44.1543 0.985237 0.171191
44.1599 0.984275 0.176635
44.1654 0.983284 0.182073
44.1709 0.982262 0.187506
44.1764 0.981211 0.192934
44.182 0.980129 0.198355
44.1875 0.979018 0.20377
44.193 0.977876 0.209179
44.1986 0.976705 0.214582
44.2041 0.975504 0.219978
44.2096 0.974273 0.225367
44.2151 0.973012 0.230749
44.2207 0.971722 0.236125
44.2262 0.970402 0.241493
44.2317 0.969052 0.246854
44.2373 0.967672 0.252207
44.2428 0.966263 0.257552
44.2483 0.964825 0.26289
44.2538 0.963357 0.26822
44.2594 0.961859 0.273541
44.2649 0.960333 0.278854
44.2704 0.958776 0.284159
44.276 0.957191 0.289454
44.2815 0.955576 0.294741
44.287 0.953932 0.300019
44.2925 0.952259 0.305288
44.2981 0.950557 0.310548
44.3036 0.948826 0.315798
44.3091 0.947065 0.321038
44.3147 0.945276 0.326269
44.3202 0.943458 0.331489
44.3257 0.941611 0.3367
44.3312 0.939735 0.3419
44.3368 0.937831 0.347089
44.3423 0.935898 0.352269
44.3478 0.933936 0.357437
44.3533 0.931946 0.362594
44.3589 0.929927 0.367741
44.3644 0.92788 0.372876
44.3699 0.925805 0.377999
44.3755 0.923701 0.383112
44.381 0.921569 0.388212
44.3865 0.919409 0.393301
44.392 0.917221 0.398377
44.3976 0.915004 0.403441
44.4031 0.91276 0.408494
44.4086 0.910488 0.413533
44.4142 0.908188 0.41856
44.4197 0.90586 0.423574
44.4252 0.903505 0.428575
44.4307 0.901122 0.433563
44.4363 0.898711 0.438538
44.4418 0.896273 0.4435
44.4473 0.893808 0.448448
44.4529 0.891315 0.453382
44.4584 0.888795 0.458302
44.4639 0.886248 0.463208
44.4694 0.883674 0.468101
44.475 0.881073 0.472979
44.4805 0.878445 0.477842
44.486 0.87579 0.482691
44.4916 0.873108 0.487525
44.4971 0.8704 0.492344
44.5026 0.867665 0.497148
44.5081 0.864903 0.501937
44.5137 0.862115 0.506711
44.5192 0.859301 0.511469
44.5247 0.85646 0.516211
44.5302 0.853594 0.520938
44.5358 0.850701 0.525649
44.5413 0.847782 0.530343
44.5468 0.844837 0.535022
44.5524 0.841867 0.539684
44.5579 0.83887 0.54433
44.5634 0.835849 0.548959
44.5689 0.832801 0.553571
44.5745 0.829728 0.558166
44.58 0.82663 0.562745
44.5855 0.823506 0.567306
44.5911 0.820358 0.571849
44.5966 0.817184 0.576376
44.6021 0.813985 0.580884
44.6076 0.810762 0.585375
44.6132 0.807513 0.589848
44.6187 0.80424 0.594303
44.6242 0.800942 0.59874
44.6298 0.79762 0.603158
44.6353 0.794274 0.607559
44.6408 0.790903 0.61194
44.6463 0.787508 0.616303
44.6519 0.784089 0.620647
44.6574 0.780646 0.624972
44.6629 0.777179 0.629278
44.6684 0.773689 0.633565
44.674 0.770175 0.637832
44.6795 0.766637 0.64208
44.685 0.763076 0.646308
44.6906 0.759491 0.650516
44.6961 0.755884 0.654705
44.7016 0.752253 0.658874
44.7071 0.748599 0.663022
44.7127 0.744922 0.66715
44.7182 0.741223 0.671258
44.7237 0.737501 0.675345
44.7293 0.733756 0.679412
44.7348 0.729989 0.683458
44.7403 0.7262 0.687483
44.7458 0.722388 0.691487
44.7514 0.718555 0.69547
44.7569 0.714699 0.699431
44.7624 0.710821 0.703371
44.768 0.706922 0.70729
44.7735 0.703002 0.711187
44.779 0.699059 0.715063
44.7845 0.695096 0.718916
44.7901 0.691111 0.722748
44.7956 0.687105 0.726557
44.8011 0.683078 0.730344
44.8067 0.67903 0.734109
44.8122 0.674962 0.737852
44.8177 0.670872 0.741572
44.8232 0.666763 0.745269
44.8288 0.662633 0.748944
44.8343 0.658482 0.752595
44.8398 0.654312 0.756224
44.8453 0.650121 0.75983
44.8509 0.645911 0.763412
44.8564 0.641681 0.766971
44.8619 0.637431 0.770506
44.8675 0.633162 0.774018
44.873 0.628874 0.777507
44.8785 0.624566 0.780971
44.884 0.620239 0.784412
44.8896 0.615893 0.787829
44.8951 0.611529 0.791221
44.9006 0.607145 0.79459
44.9062 0.602744 0.797934
44.9117 0.598323 0.801254
44.9172 0.593885 0.804549
44.9227 0.589428 0.80782
44.9283 0.584953 0.811066
44.9338 0.580461 0.814287
44.9393 0.575951 0.817484
44.9449 0.571423 0.820655
44.9504 0.566877 0.823802
44.9559 0.562315 0.826923
44.9614 0.557735 0.830019
44.967 0.553138 0.833089
44.9725 0.548524 0.836134
44.978 0.543893 0.839154
44.9836 0.539246 0.842148
44.9891 0.534582 0.845116
44.9946 0.529902 0.848058
45.0001 0.525206 0.850974
45.0057 0.520494 0.853865
45.0112 0.515766 0.856729
45.0167 0.511022 0.859567
45.0222 0.506262 0.862379
45.0278 0.501487 0.865164
45.0333 0.496697 0.867924
45.0388 0.491891 0.870656
45.0444 0.487071 0.873362
45.0499 0.482235 0.876041
45.0554 0.477385 0.878694
45.0609 0.47252 0.881319
45.0665 0.467641 0.883918
45.072 0.462748 0.88649
45.0775 0.45784 0.889034
45.0831 0.452918 0.891551
45.0886 0.447983 0.894042
45.0941 0.443034 0.896504
45.0996 0.438071 0.89894
45.1052 0.433095 0.901348
45.1107 0.428106 0.903728
45.1162 0.423103 0.906081
45.1218 0.418088 0.908406
45.1273 0.41306 0.910704
45.1328 0.408019 0.912973
45.1383 0.402966 0.915215
45.1439 0.3979 0.917428
45.1494 0.392822 0.919614
45.1549 0.387733 0.921771
45.1605 0.382631 0.923901
45.166 0.377518 0.926002
45.1715 0.372393 0.928075
45.177 0.367257 0.930119
45.1826 0.36211 0.932135
45.1881 0.356951 0.934123
45.1936 0.351782 0.936082
45.1991 0.346602 0.938012
45.2047 0.341411 0.939914
45.2102 0.33621 0.941787
45.2157 0.330999 0.943631
45.2213 0.325777 0.945446
45.2268 0.320546 0.947233
45.2323 0.315304 0.94899
45.2378 0.310053 0.950719
45.2434 0.304793 0.952418
45.2489 0.299523 0.954089
45.2544 0.294245 0.95573
45.26 0.288957 0.957342
45.2655 0.28366 0.958925
45.271 0.278355 0.960478
45.2765 0.273041 0.962002
45.2821 0.267719 0.963497
45.2876 0.262388 0.964962
45.2931 0.25705 0.966398
45.2987 0.251704 0.967804
45.3042 0.24635 0.969181
45.3097 0.240988 0.970528
45.3152 0.235619 0.971845
45.3208 0.230243 0.973133
45.3263 0.22486 0.974391
45.3318 0.21947 0.975619
45.3373 0.214074 0.976817
45.3429 0.20867 0.977986
45.3484 0.203261 0.979124
45.3539 0.197845 0.980233
45.3595 0.192423 0.981312
45.365 0.186996 0.982361
45.3705 0.181562 0.983379
45.376 0.176123 0.984368
45.3816 0.170679 0.985327
45.3871 0.165229 0.986255
45.3926 0.159775 0.987153
45.3982 0.154315 0.988022
45.4037 0.148851 0.988859
45.4092 0.143382 0.989667
45.4147 0.137909 0.990445
45.4203 0.132432 0.991192
45.4258 0.12695 0.991909
45.4313 0.121465 0.992596
45.4369 0.115976 0.993252
45.4424 0.110484 0.993878
45.4479 0.104988 0.994473
45.4534 0.0994885 0.995039
45.459 0.0939863 0.995573
45.4645 0.0884813 0.996078
45.47 0.0829735 0.996552
45.4756 0.0774632 0.996995
45.4811 0.0719506 0.997408
45.4866 0.0664357 0.997791
45.4921 0.0609189 0.998143
45.4977 0.0554001 0.998464
45.5032 0.0498797 0.998755
45.5087 0.0443578 0.999016
45.5142 0.0388344 0.999246
45.5198 0.0333099 0.999445
45.5253 0.0277844 0.999614
45.5308 0.0222581 0.999752
45.5364 0.016731 0.99986
45.5419 0.0112035 0.999937
45.5474 0.00567557 0.999984
45.5529 0.000147498 1
45.5585 -0.00538058 0.999986
45.564 -0.0109085 0.999941
45.5695 -0.0164361 0.999865
45.5751 -0.0219631 0.999759
45.5806 -0.0274895 0.999622
45.5861 -0.0330151 0.999455
45.5916 -0.0385397 0.999257
45.5972 -0.044063 0.999029
45.6027 -0.0495851 0.99877
45.6082 -0.0551056 0.998481
45.6138 -0.0606244 0.998161
45.6193 -0.0661414 0.99781
45.6248 -0.0716564 0.997429
45.6303 -0.0771691 0.997018
45.6359 -0.0826795 0.996576
45.6414 -0.0881874 0.996104
45.6469 -0.0936926 0.995601
45.6525 -0.0991949 0.995068
45.658 -0.104694 0.994505
45.6635 -0.11019 0.993911
45.669 -0.115683 0.993286
45.6746 -0.121172 0.992632
45.6801 -0.126658 0.991947
45.6856 -0.132139 0.991231
45.6911 -0.137617 0.990486
45.6967 -0.14309 0.98971
45.7022 -0.148559 0.988904
45.7077 -0.154024 0.988067
45.7133 -0.159484 0.987201
45.7188 -0.164938 0.986304
45.7243 -0.170388 0.985377
45.7298 -0.175833 0.98442
45.7354 -0.181272 0.983433
45.7409 -0.186706 0.982416
45.7464 -0.192134 0.981369
45.752 -0.197556 0.980292
45.7575 -0.202972 0.979185
45.763 -0.208382 0.978048
45.7685 -0.213786 0.976881
45.7741 -0.219183 0.975684
45.7796 -0.224573 0.974458
45.7851 -0.229956 0.973201
45.7907 -0.235333 0.971915
45.7962 -0.240702 0.970599
45.8017 -0.246064 0.969254
45.8072 -0.251418 0.967879
45.8128 -0.256765 0.966474
45.8183 -0.262104 0.96504
45.8238 -0.267434 0.963576
45.8294 -0.272757 0.962083
45.8349 -0.278071 0.960561
45.8404 -0.283377 0.959009
45.8459 -0.288674 0.957428
45.8515 -0.293963 0.955817
45.857 -0.299242 0.954178
45.8625 -0.304512 0.952509
45.868 -0.309773 0.950811
45.8736 -0.315025 0.949084
45.8791 -0.320266 0.947328
45.8846 -0.325498 0.945543
45.8902 -0.33072 0.943729
45.8957 -0.335932 0.941886
45.9012 -0.341134 0.940015
45.9067 -0.346325 0.938115
45.9123 -0.351506 0.936186
45.9178 -0.356676 0.934229
45.9233 -0.361835 0.932243
45.9289 -0.366983 0.930228
45.9344 -0.37212 0.928185
45.9399 -0.377245 0.926114
45.9454 -0.382359 0.924014
45.951 -0.387461 0.921886
45.9565 -0.392551 0.91973
45.962 -0.39763 0.917546
45.9676 -0.402696 0.915334
45.9731 -0.40775 0.913094
45.9786 -0.412791 0.910826
45.9841 -0.41782 0.90853
45.9897 -0.422836 0.906207
45.9952 -0.427839 0.903855
46.0007 -0.432829 0.901476
46.0063 -0.437806 0.89907
46.0118 -0.44277 0.896636
46.0173 -0.447719 0.894175
46.0228 -0.452656 0.891686
46.0284 -0.457578 0.88917
46.0339 -0.462486 0.886627
46.0394 -0.467381 0.884057
46.0449 -0.472261 0.881459
46.0505 -0.477126 0.878835
46.056 -0.481977 0.876184
46.0615 -0.486814 0.873506
46.0671 -0.491635 0.870802
46.0726 -0.496441 0.868071
46.0781 -0.501232 0.865313
46.0836 -0.506008 0.862529
46.0892 -0.510769 0.859719
46.0947 -0.515513 0.856882
46.1002 -0.520242 0.854019
46.1058 -0.524956 0.85113
46.1113 -0.529653 0.848215
46.1168 -0.534334 0.845274
46.1223 -0.538998 0.842308
46.1279 -0.543646 0.839315
46.1334 -0.548278 0.836297
46.1389 -0.552893 0.833253
46.1445 -0.55749 0.830184
46.15 -0.562071 0.82709
46.1555 -0.566635 0.82397
46.161 -0.571181 0.820825
46.1666 -0.57571 0.817655
46.1721 -0.580221 0.81446
46.1776 -0.584715 0.81124
46.1831 -0.58919 0.807995
46.1887 -0.593648 0.804726
46.1942 -0.598088 0.801432
46.1997 -0.602509 0.798113
46.2053 -0.606912 0.79477
46.2108 -0.611296 0.791403
46.2163 -0.615661 0.788012
46.2218 -0.620008 0.784596
46.2274 -0.624336 0.781157
46.2329 -0.628645 0.777693
46.2384 -0.632934 0.774206
46.244 -0.637205 0.770696
46.2495 -0.641455 0.767161
46.255 -0.645686 0.763603
46.2605 -0.649898 0.760022
46.2661 -0.654089 0.756418
46.2716 -0.658261 0.752791
46.2771 -0.662412 0.74914
46.2827 -0.666544 0.745467
46.2882 -0.670654 0.741771
46.2937 -0.674745 0.738052
46.2992 -0.678814 0.734311
46.3048 -0.682863 0.730547
46.3103 -0.686891 0.726761
46.3158 -0.690898 0.722953
46.3214 -0.694884 0.719122
46.3269 -0.698849 0.71527
46.3324 -0.702793 0.711396
46.3379 -0.706715 0.7075
46.3435 -0.710615 0.703582
46.349 -0.714493 0.699643
46.3545 -0.71835 0.695683
46.36 -0.722185 0.691701
46.3656 -0.725998 0.687698
46.3711 -0.729788 0.683674
46.3766 -0.733557 0.679629
46.3822 -0.737302 0.675564
46.3877 -0.741026 0.671478
46.3932 -0.744726 0.667371
46.3987 -0.748404 0.663244
46.4043 -0.752059 0.659097
46.4098 -0.755691 0.654929
46.4153 -0.7593 0.650742
46.4209 -0.762886 0.646534
46.4264 -0.766448 0.642307
46.4319 -0.769987 0.63806
46.4374 -0.773503 0.633794
46.443 -0.776995 0.629508
46.4485 -0.780463 0.625203
46.454 -0.783907 0.620879
46.4596 -0.787327 0.616536
46.4651 -0.790724 0.612175
46.4706 -0.794096 0.607794
46.4761 -0.797444 0.603395
46.4817 -0.800767 0.598977
46.4872 -0.804066 0.594542
46.4927 -0.80734 0.590088
46.4983 -0.81059 0.585615
46.5038 -0.813815 0.581126
46.5093 -0.817015 0.576618
46.5148 -0.82019 0.572092
46.5204 -0.82334 0.56755
46.5259 -0.826465 0.56299
46.5314 -0.829565 0.558412
46.5369 -0.832639 0.553818
46.5425 -0.835688 0.549206
46.548 -0.838711 0.544578
46.5535 -0.841709 0.539933
46.5591 -0.844681 0.535272
46.5646 -0.847627 0.530595
46.5701 -0.850547 0.525901
46.5756 -0.853441 0.521191
46.5812 -0.856309 0.516465
46.5867 -0.859151 0.511723
46.5922 -0.861967 0.506966
46.5978 -0.864756 0.502193
46.6033 -0.867519 0.497405
46.6088 -0.870256 0.492602
46.6143 -0.872966 0.487784
46.6199 -0.875649 0.48295
46.6254 -0.878305 0.478102
46.6309 -0.880935 0.47324
46.6365 -0.883537 0.468362
46.642 -0.886113 0.463471
46.6475 -0.888662 0.458565
46.653 -0.891183 0.453646
46.6586 -0.893677 0.448712
46.6641 -0.896144 0.443765
46.6696 -0.898584 0.438805
46.6752 -0.900996 0.43383
46.6807 -0.90338 0.428843
46.6862 -0.905737 0.423843
46.6917 -0.908066 0.418829
46.6973 -0.910368 0.413803
46.7028 -0.912641 0.408764
46.7083 -0.914887 0.403713
46.7138 -0.917105 0.398649
46.7194 -0.919294 0.393573
46.7249 -0.921456 0.388485
46.7304 -0.92359 0.383385
46.736 -0.925695 0.378274
46.7415 -0.927772 0.373151
46.747 -0.92982 0.368016
46.7525 -0.931841 0.36287
46.7581 -0.933832 0.357713
46.7636 -0.935796 0.352546
46.7691 -0.93773 0.347367
46.7747 -0.939636 0.342178
46.7802 -0.941513 0.336978
46.7857 -0.943362 0.331769
46.7912 -0.945181 0.326548
46.7968 -0.946972 0.321318
46.8023 -0.948734 0.316079
46.8078 -0.950467 0.310829
46.8134 -0.952171 0.30557
46.8189 -0.953845 0.300302
46.8244 -0.955491 0.295024
46.8299 -0.957107 0.289738
46.8355 -0.958694 0.284442
46.841 -0.960252 0.279138
46.8465 -0.96178 0.273826
46.852 -0.963279 0.268505
46.8576 -0.964749 0.263176
46.8631 -0.966189 0.257838
46.8686 -0.9676 0.252493
46.8742 -0.968981 0.24714
46.8797 -0.970332 0.24178
46.8852 -0.971654 0.236412
46.8907 -0.972946 0.231037
46.8963 -0.974208 0.225655
46.9018 -0.975441 0.220266
46.9073 -0.976644 0.214871
46.9129 -0.977816 0.209468
46.9184 -0.978959 0.20406
46.9239 -0.980073 0.198645
46.9294 -0.981156 0.193224
46.935 -0.982209 0.187797
46.9405 -0.983232 0.182364
46.946 -0.984225 0.176926
46.9516 -0.985188 0.171483
46.9571 -0.986121 0.166034
46.9626 -0.987024 0.16058
46.9681 -0.987896 0.155121
46.9737 -0.988739 0.149658
46.9792 -0.989551 0.14419
46.9847 -0.990333 0.138717
46.9903 -0.991085 0.13324
46.9958 -0.991806 0.12776
47.0013 -0.992497 0.122275
47.0068 -0.993158 0.116786
47.0124 -0.993788 0.111294
47.0179 -0.994389 0.105799
47.0234 -0.994958 0.1003
47.0289 -0.995497 0.0947985
47.0345 -0.996006 0.0892938
47.04 -0.996485 0.0837865
47.0455 -0.996933 0.0782765
47.0511 -0.99735 0.0727642
47.0566 -0.997737 0.0672497
47.0621 -0.998094 0.0617331
47.0676 -0.99842 0.0562146
47.0732 -0.998715 0.0506944
47.0787 -0.99898 0.0451727
47.0842 -0.999215 0.0396496
47.0898 -0.999419 0.0341252
47.0953 -0.999592 0.0285999
47.1008 -0.999735 0.0230736
47.1063 -0.999847 0.0175466
47.1119 -0.999929 0.0120191
47.1174 -0.99998 0.00649129
47.1229 -1 0.000963228
47.1285 -0.999991 -0.00456486
47.134 -0.99995 -0.0100928
47.1395 -0.999879 -0.0156205
47.145 -0.999777 -0.0211476
47.1506 -0.999645 -0.0266741
47.1561 -0.999482 -0.0321998
47.1616 -0.999289 -0.0377246
47.1672 -0.999065 -0.0432481
47.1727 -0.998811 -0.0487704
47.1782 -0.998526 -0.0542911
47.1837 -0.998211 -0.0598102
47.1893 -0.997865 -0.0653275
47.1948 -0.997488 -0.0708428
47.2003 -0.997082 -0.0763559
47.2058 -0.996644 -0.0818666
47.2114 -0.996176 -0.0873749
47.2169 -0.995678 -0.0928805
47.2224 -0.99515 -0.0983833
47.228 -0.994591 -0.103883
47.2335 -0.994001 -0.10938
47.239 -0.993381 -0.114873
47.2445 -0.992731 -0.120363
47.2501 -0.99205 -0.125849
47.2556 -0.99134 -0.131331
47.2611 -0.990598 -0.136809
47.2667 -0.989827 -0.142283
47.2722 -0.989025 -0.147753
47.2777 -0.988193 -0.153218
47.2832 -0.987331 -0.158678
47.2888 -0.986439 -0.164134
47.2943 -0.985517 -0.169584
47.2998 -0.984564 -0.17503
47.3054 -0.983581 -0.18047
47.3109 -0.982569 -0.185905
47.3164 -0.981526 -0.191333
47.3219 -0.980453 -0.196756
47.3275 -0.979351 -0.202173
47.333 -0.978218 -0.207584
47.3385 -0.977056 -0.212989
47.3441 -0.975863 -0.218387
47.3496 -0.974641 -0.223778
47.3551 -0.973389 -0.229163
47.3606 -0.972107 -0.23454
47.3662 -0.970796 -0.23991
47.3717 -0.969455 -0.245273
47.3772 -0.968084 -0.250629
47.3827 -0.966684 -0.255977
47.3883 -0.965254 -0.261316
47.3938 -0.963795 -0.266648
47.3993 -0.962306 -0.271972
47.4049 -0.960788 -0.277288
47.4104 -0.95924 -0.282595
47.4159 -0.957663 -0.287893
47.4214 -0.956057 -0.293183
47.427 -0.954422 -0.298464
47.4325 -0.952757 -0.303735
47.438 -0.951064 -0.308998
47.4436 -0.949341 -0.31425
47.4491 -0.947589 -0.319494
47.4546 -0.945809 -0.324727
47.4601 -0.943999 -0.329951
47.4657 -0.942161 -0.335164
47.4712 -0.940294 -0.340367
47.4767 -0.938398 -0.34556
47.4823 -0.936473 -0.350742
47.4878 -0.93452 -0.355914
47.4933 -0.932538 -0.361074
47.4988 -0.930528 -0.366224
47.5044 -0.928489 -0.371363
47.5099 -0.926422 -0.37649
47.5154 -0.924326 -0.381605
47.5209 -0.922203 -0.386709
47.5265 -0.920051 -0.391801
47.532 -0.917871 -0.396881
47.5375 -0.915663 -0.401949
47.5431 -0.913427 -0.407005
47.5486 -0.911163 -0.412048
47.5541 -0.908871 -0.417079
47.5596 -0.906552 -0.422097
47.5652 -0.904204 -0.427102
47.5707 -0.90183 -0.432094
47.5762 -0.899427 -0.437073
47.5818 -0.896997 -0.442038
47.5873 -0.89454 -0.44699
47.5928 -0.892055 -0.451928
47.5983 -0.889543 -0.456853
47.6039 -0.887004 -0.461763
47.6094 -0.884438 -0.46666
47.6149 -0.881845 -0.471542
47.6205 -0.879225 -0.476409
47.626 -0.876578 -0.481262
47.6315 -0.873904 -0.486101
47.637 -0.871203 -0.490924
47.6426 -0.868476 -0.495733
47.6481 -0.865722 -0.500526
47.6536 -0.862942 -0.505305
47.6592 -0.860136 -0.510067
47.6647 -0.857303 -0.514814
47.6702 -0.854444 -0.519546
47.6757 -0.851559 -0.524261
47.6813 -0.848647 -0.528961
47.6868 -0.84571 -0.533644
47.6923 -0.842747 -0.538311
47.6978 -0.839759 -0.542962
47.7034 -0.836744 -0.547595
47.7089 -0.833704 -0.552213
47.7144 -0.830639 -0.556813
47.72 -0.827548 -0.561396
47.7255 -0.824432 -0.565962
47.731 -0.821291 -0.570511
47.7365 -0.818124 -0.575043
47.7421 -0.814933 -0.579557
47.7476 -0.811717 -0.584053
47.7531 -0.808476 -0.588531
47.7587 -0.80521 -0.592991
47.7642 -0.801919 -0.597434
47.7697 -0.798604 -0.601858
47.7752 -0.795265 -0.606263
47.7808 -0.791902 -0.61065
47.7863 -0.788514 -0.615018
47.7918 -0.785102 -0.619368
47.7974 -0.781666 -0.623699
47.8029 -0.778206 -0.62801
47.8084 -0.774722 -0.632303
47.8139 -0.771215 -0.636576
47.8195 -0.767684 -0.640829
47.825 -0.76413 -0.645063
47.8305 -0.760552 -0.649278
47.8361 -0.756952 -0.653472
47.8416 -0.753328 -0.657647
47.8471 -0.749681 -0.661801
47.8526 -0.746011 -0.665935
47.8582 -0.742318 -0.670049
47.8637 -0.738602 -0.674142
47.8692 -0.734864 -0.678215
47.8747 -0.731104 -0.682267
47.8803 -0.727321 -0.686298
47.8858 -0.723516 -0.690308
47.8913 -0.719689 -0.694298
47.8969 -0.71584 -0.698265
47.9024 -0.711969 -0.702212
47.9079 -0.708076 -0.706137
47.9134 -0.704162 -0.710041
47.919 -0.700226 -0.713922
47.9245 -0.696269 -0.717782
47.93 -0.69229 -0.72162
47.9356 -0.68829 -0.725436
47.9411 -0.684269 -0.72923
47.9466 -0.680228 -0.733002
47.9521 -0.676165 -0.736751
47.9577 -0.672082 -0.740478
47.9632 -0.667978 -0.744182
47.9687 -0.663854 -0.747863
47.9743 -0.65971 -0.751521
47.9798 -0.655545 -0.755157
47.9853 -0.651361 -0.758769
47.9908 -0.647156 -0.762358
47.9964 -0.642932 -0.765924
48.0019 -0.638688 -0.769467
48.0074 -0.634425 -0.772985
48.013 -0.630142 -0.776481
48.0185 -0.62584 -0.779952
48.024 -0.621519 -0.7834
48.0295 -0.617178 -0.786824
48.0351 -0.612819 -0.790224
48.0406 -0.608442 -0.793599
48.0461 -0.604045 -0.796951
48.0516 -0.59963 -0.800278
48.0572 -0.595197 -0.80358
48.0627 -0.590746 -0.806858
48.0682 -0.586276 -0.810112
48.0738 -0.581789 -0.81334
48.0793 -0.577284 -0.816544
48.0848 -0.572761 -0.819723
48.0903 -0.568221 -0.822877
48.0959 -0.563663 -0.826005
48.1014 -0.559089 -0.829109
48.1069 -0.554497 -0.832187
48.1125 -0.549888 -0.835239
48.118 -0.545262 -0.838266
48.1235 -0.54062 -0.841268
48.129 -0.535961 -0.844243
48.1346 -0.531286 -0.847193
48.1401 -0.526594 -0.850117
48.1456 -0.521887 -0.853015
48.1512 -0.517163 -0.855887
48.1567 -0.512424 -0.858733
48.1622 -0.507669 -0.861553
48.1677 -0.502898 -0.864346
48.1733 -0.498113 -0.867113
48.1788 -0.493312 -0.869853
48.1843 -0.488495 -0.872567
48.1898 -0.483664 -0.875254
48.1954 -0.478818 -0.877914
48.2009 -0.473958 -0.880548
48.2064 -0.469083 -0.883155
48.212 -0.464194 -0.885734
48.2175 -0.45929 -0.888287
48.223 -0.454373 -0.890812
48.2285 -0.449441 -0.89331
48.2341 -0.444496 -0.895781
48.2396 -0.439537 -0.898225
48.2451 -0.434565 -0.900641
48.2507 -0.42958 -0.903029
48.2562 -0.424581 -0.90539
48.2617 -0.41957 -0.907724
48.2672 -0.414545 -0.910029
48.2728 -0.409508 -0.912307
48.2783 -0.404459 -0.914557
48.2838 -0.399397 -0.916779
48.2894 -0.394323 -0.918973
48.2949 -0.389236 -0.921138
48.3004 -0.384138 -0.923276
48.3059 -0.379029 -0.925385
48.3115 -0.373907 -0.927467
48.317 -0.368774 -0.929519
48.3225 -0.36363 -0.931544
48.3281 -0.358475 -0.93354
48.3336 -0.353309 -0.935507
48.3391 -0.348132 -0.937446
48.3446 -0.342944 -0.939356
48.3502 -0.337746 -0.941238
48.3557 -0.332538 -0.94309
48.3612 -0.327319 -0.944914
48.3667 -0.322091 -0.946709
48.3723 -0.316852 -0.948475
48.3778 -0.311604 -0.950212
48.3833 -0.306347 -0.95192
48.3889 -0.30108 -0.953599
48.3944 -0.295804 -0.955249
48.3999 -0.290518 -0.95687
48.4054 -0.285224 -0.958461
48.411 -0.279921 -0.960023
48.4165 -0.27461 -0.961556
48.422 -0.26929 -0.963059
48.4276 -0.263962 -0.964533
48.4331 -0.258626 -0.965978
48.4386 -0.253282 -0.967393
48.4441 -0.247931 -0.968778
48.4497 -0.242571 -0.970134
48.4552 -0.237205 -0.97146
48.4607 -0.231831 -0.972756
48.4663 -0.22645 -0.974023
48.4718 -0.221062 -0.97526
48.4773 -0.215667 -0.976467
48.4828 -0.210266 -0.977644
48.4884 -0.204858 -0.978792
48.4939 -0.199444 -0.979909
48.4994 -0.194024 -0.980997
48.505 -0.188598 -0.982055
48.5105 -0.183166 -0.983082
48.516 -0.177729 -0.98408
48.5215 -0.172286 -0.985047
48.5271 -0.166838 -0.985984
48.5326 -0.161385 -0.986892
48.5381 -0.155927 -0.987769
48.5436 -0.150464 -0.988616
48.5492 -0.144997 -0.989432
48.5547 -0.139525 -0.990219
48.5602 -0.134049 -0.990975
48.5658 -0.128568 -0.991701
48.5713 -0.123084 -0.992396
48.5768 -0.117596 -0.993062
48.5823 -0.112105 -0.993696
48.5879 -0.10661 -0.994301
48.5934 -0.101112 -0.994875
48.5989 -0.0956105 -0.995419
48.6045 -0.0901063 -0.995932
48.61 -0.0845993 -0.996415
48.6155 -0.0790897 -0.996868
48.621 -0.0735778 -0.99729
48.6266 -0.0680636 -0.997681
48.6321 -0.0625473 -0.998042
48.6376 -0.0570291 -0.998373
48.6432 -0.0515091 -0.998673
48.6487 -0.0459876 -0.998942
48.6542 -0.0404647 -0.999181
48.6597 -0.0349405 -0.999389
48.6653 -0.0294153 -0.999567
48.6708 -0.0238891 -0.999715
48.6763 -0.0183623 -0.999831
48.6819 -0.0128349 -0.999918
48.6874 -0.00730704 -0.999973
48.6929 -0.001779 -0.999998
48.6984 0.00374909 -0.999993
48.704 0.00927707 -0.999957
48.7095 0.0148048 -0.99989
48.715 0.020332 -0.999793
48.7205 0.0258586 -0.999666
48.7261 0.0313845 -0.999507
48.7316 0.0369093 -0.999319
48.7371 0.0424331 -0.999099
48.7427 0.0479555 -0.998849
48.7482 0.0534765 -0.998569
48.7537 0.0589958 -0.998258
48.7592 0.0645134 -0.997917
48.7648 0.070029 -0.997545
48.7703 0.0755424 -0.997143
48.7758 0.0810535 -0.99671
48.7814 0.0865622 -0.996246
48.7869 0.0920682 -0.995753
48.7924 0.0975713 -0.995228
48.7979 0.103072 -0.994674
48.8035 0.108569 -0.994089
48.809 0.114062 -0.993473
48.8145 0.119553 -0.992828
48.8201 0.125039 -0.992152
48.8256 0.130522 -0.991445
48.8311 0.136001 -0.990709
48.8366 0.141475 -0.989942
48.8422 0.146946 -0.989144
48.8477 0.152412 -0.988317
48.8532 0.157873 -0.987459
48.8588 0.163329 -0.986571
48.8643 0.16878 -0.985654
48.8698 0.174227 -0.984705
48.8753 0.179667 -0.983727
48.8809 0.185103 -0.982719
48.8864 0.190532 -0.981681
48.8919 0.195956 -0.980612
48.8974 0.201374 -0.979514
48.903 0.206786 -0.978386
48.9085 0.212191 -0.977228
48.914 0.21759 -0.97604
48.9196 0.222983 -0.974822
48.9251 0.228368 -0.973575
48.9306 0.233747 -0.972297
48.9361 0.239118 -0.97099
48.9417 0.244482 -0.969654
48.9472 0.249839 -0.968287
48.9527 0.255188 -0.966891
48.9583 0.260529 -0.965466
48.9638 0.265862 -0.964011
48.9693 0.271187 -0.962526
48.9748 0.276504 -0.961013
48.9804 0.281812 -0.959469
48.9859 0.287112 -0.957897
48.9914 0.292403 -0.956295
48.997 0.297685 -0.954664
49.0025 0.302958 -0.953004
49.008 0.308221 -0.951314
49.0135 0.313475 -0.949596
49.0191 0.31872 -0.947849
49.0246 0.323955 -0.946072
49.0301 0.32918 -0.944267
49.0356 0.334395 -0.942433
49.0412 0.3396 -0.94057
49.0467 0.344794 -0.938678
49.0522 0.349978 -0.936758
49.0578 0.355151 -0.934809
49.0633 0.360313 -0.932831
49.0688 0.365465 -0.930825
49.0743 0.370605 -0.92879
49.0799 0.375733 -0.926727
49.0854 0.380851 -0.924636
49.0909 0.385956 -0.922517
49.0965 0.39105 -0.920369
49.102 0.396132 -0.918193
49.1075 0.401202 -0.915989
49.113 0.406259 -0.913757
49.1186 0.411304 -0.911498
49.1241 0.416337 -0.90921
49.1296 0.421357 -0.906894
49.1352 0.426364 -0.904551
49.1407 0.431358 -0.902181
49.1462 0.436338 -0.899782
49.1517 0.441306 -0.897356
49.1573 0.44626 -0.894903
49.1628 0.4512 -0.892422
49.1683 0.456126 -0.889914
49.1739 0.461039 -0.887379
49.1794 0.465937 -0.884817
49.1849 0.470822 -0.882228
49.1904 0.475691 -0.879612
49.196 0.480547 -0.876969
49.2015 0.485387 -0.874299
49.207 0.490213 -0.871602
49.2125 0.495024 -0.868879
49.2181 0.49982 -0.866129
49.2236 0.5046 -0.863353
49.2291 0.509365 -0.86055
49.2347 0.514114 -0.857721
49.2402 0.518848 -0.854866
49.2457 0.523566 -0.851985
49.2512 0.528268 -0.849077
49.2568 0.532953 -0.846144
49.2623 0.537623 -0.843185
49.2678 0.542276 -0.8402
49.2734 0.546912 -0.837189
49.2789 0.551532 -0.834153
49.2844 0.556135 -0.831092
49.2899 0.56072 -0.828004
49.2955 0.565289 -0.824892
49.301 0.569841 -0.821755
49.3065 0.574375 -0.818592
49.3121 0.578891 -0.815404
49.3176 0.58339 -0.812192
49.3231 0.587871 -0.808954
49.3286 0.592334 -0.805692
49.3342 0.596779 -0.802405
49.3397 0.601205 -0.799094
49.3452 0.605613 -0.795758
49.3508 0.610003 -0.792398
49.3563 0.614374 -0.789014
49.3618 0.618727 -0.785606
49.3673 0.62306 -0.782173
49.3729 0.627375 -0.778717
49.3784 0.63167 -0.775237
49.3839 0.635946 -0.771733
49.3894 0.640202 -0.768206
49.395 0.644439 -0.764655
49.4005 0.648656 -0.761081
49.406 0.652854 -0.757483
49.4116 0.657031 -0.753863
49.4171 0.661188 -0.750219
49.4226 0.665326 -0.746552
49.4281 0.669442 -0.742863
49.4337 0.673539 -0.739151
49.4392 0.677615 -0.735416
49.4447 0.68167 -0.731659
49.4503 0.685704 -0.72788
49.4558 0.689717 -0.724078
49.4613 0.693709 -0.720254
49.4668 0.69768 -0.716408
49.4724 0.70163 -0.71254
49.4779 0.705558 -0.708651
49.4834 0.709465 -0.70474
49.489 0.71335 -0.700807
49.4945 0.717213 -0.696853
49.5 0.721055 -0.692877
49.5055 0.724874 -0.688881
49.5111 0.728671 -0.684863
49.5166 0.732446 -0.680824
49.5221 0.736198 -0.676765
49.5277 0.739928 -0.672685
49.5332 0.743636 -0.668584
49.5387 0.74732 -0.664463
49.5442 0.750982 -0.660322
49.5498 0.754621 -0.65616
49.5553 0.758237 -0.651978
49.5608 0.761829 -0.647777
49.5663 0.765398 -0.643555
49.5719 0.768944 -0.639314
49.5774 0.772467 -0.635054
49.5829 0.775966 -0.630774
49.5885 0.779441 -0.626475
49.594 0.782892 -0.622156
49.5995 0.786319 -0.617819
49.605 0.789723 -0.613463
49.6106 0.793102 -0.609088
49.6161 0.796457 -0.604694
49.6216 0.799788 -0.600282
49.6272 0.803094 -0.595851
49.6327 0.806375 -0.591403
49.6382 0.809632 -0.586936
49.6437 0.812865 -0.582451
49.6493 0.816072 -0.577949
49.6548 0.819254 -0.573429
49.6603 0.822412 -0.568891
49.6659 0.825544 -0.564336
49.6714 0.828651 -0.559764
49.6769 0.831733 -0.555174
49.6824 0.834789 -0.550568
49.688 0.83782 -0.545945
49.6935 0.840825 -0.541305
49.699 0.843805 -0.536648
49.7045 0.846759 -0.531976
49.7101 0.849687 -0.527287
49.7156 0.852588 -0.522581
49.7211 0.855464 -0.51786
49.7267 0.858314 -0.513123
49.7322 0.861137 -0.508371
49.7377 0.863935 -0.503602
49.7432 0.866705 -0.498819
49.7488 0.86945 -0.49402
49.7543 0.872167 -0.489206
49.7598 0.874858 -0.484377
49.7654 0.877523 -0.479533
49.7709 0.88016 -0.474675
49.7764 0.882771 -0.469802
49.7819 0.885354 -0.464915
49.7875 0.887911 -0.460014
49.793 0.89044 -0.455098
49.7985 0.892942 -0.450169
49.8041 0.895417 -0.445226
49.8096 0.897865 -0.440269
49.8151 0.900285 -0.435299
49.8206 0.902678 -0.430315
49.8262 0.905043 -0.425319
49.8317 0.90738 -0.420309
49.8372 0.90969 -0.415286
49.8428 0.911972 -0.410251
49.8483 0.914225 -0.405204
49.8538 0.916452 -0.400143
49.8593 0.91865 -0.395071
49.8649 0.920819 -0.389987
49.8704 0.922961 -0.38489
49.8759 0.925075 -0.379782
49.8814 0.92716 -0.374663
49.887 0.929217 -0.369532
49.8925 0.931246 -0.364389
49.898 0.933246 -0.359236
49.9036 0.935218 -0.354071
49.9091 0.937161 -0.348896
49.9146 0.939075 -0.34371
49.9201 0.940961 -0.338513
49.9257 0.942818 -0.333306
49.9312 0.944646 -0.328089
49.9367 0.946445 -0.322862
49.9423 0.948215 -0.317625
49.9478 0.949957 -0.312378
49.9533 0.951669 -0.307122
49.9588 0.953352 -0.301857
49.9644 0.955006 -0.296582
49.9699 0.956631 -0.291298
49.9754 0.958227 -0.286005
49.981 0.959793 -0.280704
49.9865 0.961331 -0.275394
49.992 0.962838 -0.270075
49.9975 0.964317 -0.264748
50.0031 0.965765 -0.259413
50.0086 0.967185 -0.254071
50.0141 0.968574 -0.24872
50.0197 0.969935 -0.243362
50.0252 0.971265 -0.237996
50.0307 0.972566 -0.232623
50.0362 0.973837 -0.227243
50.0418 0.975078 -0.221857
50.0473 0.97629 -0.216463
50.0528 0.977472 -0.211063
50.0583 0.978623 -0.205656
50.0639 0.979745 -0.200243
50.0694 0.980837 -0.194824
50.0749 0.981899 -0.189398
50.0805 0.982931 -0.183968
50.086 0.983933 -0.178531
50.0915 0.984905 -0.173089
50.097 0.985847 -0.167642
50.1026 0.986759 -0.162189
50.1081 0.98764 -0.156732
50.1136 0.988492 -0.15127
50.1192 0.989313 -0.145803
50.1247 0.990104 -0.140332
50.1302 0.990864 -0.134856
50.1357 0.991595 -0.129377
50.1413 0.992295 -0.123893
50.1468 0.992964 -0.118406
50.1523 0.993604 -0.112915
50.1579 0.994213 -0.10742
50.1634 0.994791 -0.101923
50.1689 0.99534 -0.0964218
50.1744 0.995857 -0.090918
50.18 0.996345 -0.0854114
50.1855 0.996802 -0.0799022
50.191 0.997228 -0.0743906
50.1966 0.997624 -0.0688767
50.2021 0.99799 -0.0633607
50.2076 0.998325 -0.0578428
50.2131 0.998629 -0.0523231
50.2187 0.998903 -0.0468018
50.2242 0.999147 -0.0412791
50.2297 0.99936 -0.0357551
50.2352 0.999542 -0.03023
50.2408 0.999694 -0.024704
50.2463 0.999815 -0.0191773
50.2518 0.999906 -0.0136499
50.2574 0.999966 -0.00812215
50.2629 0.999996 -0.00259413
50.2684 0.999995 0.00293396
50.2739 0.999963 0.00846196
50.2795 0.999901 0.0139897
50.285 0.999809 0.019517
50.2905 0.999685 0.0250437
50.2961 0.999532 0.0305697
50.3016 0.999347 0.0360947
50.3071 0.999133 0.0416186
50.3126 0.998887 0.0471413
50.3182 0.998611 0.0526625
50.3237 0.998305 0.0581821
50.3292 0.997968 0.0636999
50.3348 0.997601 0.0692157
50.3403 0.997203 0.0747295
50.3458 0.996774 0.080241
50.3513 0.996316 0.08575
50.3569 0.995826 0.0912564
50.3624 0.995307 0.09676
50.3679 0.994757 0.102261
50.3735 0.994176 0.107758
50.379 0.993565 0.113252
50.3845 0.992924 0.118743
50.39 0.992252 0.12423
50.3956 0.99155 0.129714
50.4011 0.990818 0.135193
50.4066 0.990056 0.140668
50.4121 0.989263 0.146139
50.4177 0.98844 0.151606
50.4232 0.987587 0.157068
50.4287 0.986703 0.162525
50.4343 0.98579 0.167977
50.4398 0.984846 0.173424
50.4453 0.983873 0.178865
50.4508 0.982869 0.184302
50.4564 0.981835 0.189732
50.4619 0.980771 0.195157
50.4674 0.979677 0.200576
50.473 0.978553 0.205988
50.4785 0.9774 0.211395
50.484 0.976216 0.216795
50.4895 0.975003 0.222188
50.4951 0.97376 0.227574
50.5006 0.972487 0.232954
50.5061 0.971184 0.238326
50.5117 0.969852 0.243691
50.5172 0.96849 0.249049
50.5227 0.967098 0.254399
50.5282 0.965677 0.259742
50.5338 0.964227 0.265076
50.5393 0.962746 0.270402
50.5448 0.961237 0.27572
50.5503 0.959698 0.28103
50.5559 0.95813 0.286331
50.5614 0.956532 0.291623
50.5669 0.954906 0.296906
50.5725 0.95325 0.302181
50.578 0.951565 0.307446
50.5835 0.949851 0.312701
50.589 0.948107 0.317947
50.5946 0.946335 0.323184
50.6001 0.944534 0.32841
50.6056 0.942704 0.333627
50.6112 0.940846 0.338833
50.6167 0.938958 0.344029
50.6222 0.937042 0.349214
50.6277 0.935097 0.354389
50.6333 0.933124 0.359553
50.6388 0.931122 0.364706
50.6443 0.929092 0.369847
50.6499 0.927033 0.374978
50.6554 0.924946 0.380097
50.6609 0.92283 0.385204
50.6664 0.920687 0.3903
50.672 0.918515 0.395383
50.6775 0.916315 0.400455
50.683 0.914088 0.405514
50.6886 0.911832 0.410561
50.6941 0.909549 0.415596
50.6996 0.907237 0.420617
50.7051 0.904898 0.425626
50.7107 0.902531 0.430622
50.7162 0.900137 0.435605
50.7217 0.897715 0.440574
50.7272 0.895266 0.44553
50.7328 0.892789 0.450472
50.7383 0.890286 0.455401
50.7438 0.887754 0.460315
50.7494 0.885196 0.465216
50.7549 0.882611 0.470102
50.7604 0.879999 0.474974
50.7659 0.87736 0.479832
50.7715 0.874694 0.484674
50.777 0.872001 0.489502
50.7825 0.869282 0.494315
50.7881 0.866536 0.499113
50.7936 0.863763 0.503896
50.7991 0.860965 0.508663
50.8046 0.85814 0.513415
50.8102 0.855288 0.518151
50.8157 0.852411 0.522871
50.8212 0.849507 0.527575
50.8268 0.846578 0.532263
50.8323 0.843623 0.536935
50.8378 0.840641 0.541591
50.8433 0.837635 0.546229
50.8489 0.834602 0.550852
50.8544 0.831544 0.555457
50.8599 0.828461 0.560045
50.8655 0.825352 0.564617
50.871 0.822219 0.569171
50.8765 0.81906 0.573707
50.882 0.815876 0.578226
50.8876 0.812667 0.582728
50.8931 0.809433 0.587211
50.8986 0.806174 0.591677
50.9041 0.802891 0.596124
50.9097 0.799583 0.600554
50.9152 0.796251 0.604965
50.9207 0.792895 0.609357
50.9263 0.789514 0.613731
50.9318 0.786109 0.618086
50.9373 0.782681 0.622422
50.9428 0.779228 0.62674
50.9484 0.775751 0.631038
50.9539 0.772251 0.635316
50.9594 0.768727 0.639576
50.965 0.76518 0.643816
50.9705 0.761609 0.648036
50.976 0.758015 0.652236
50.9815 0.754398 0.656416
50.9871 0.750758 0.660577
50.9926 0.747094 0.664717
50.9981 0.743408 0.668837
51.0037 0.7397 0.672936
51.0092 0.735968 0.677015
51.0147 0.732214 0.681073
51.0202 0.728438 0.68511
51.0258 0.72464 0.689127
51.0313 0.720819 0.693122
51.0368 0.716976 0.697096
51.0424 0.713112 0.701049
51.0479 0.709226 0.704981
51.0534 0.705318 0.70889
51.0589 0.701388 0.712779
51.0645 0.697437 0.716645
51.07 0.693465 0.72049
51.0755 0.689471 0.724312
51.081 0.685457 0.728113
51.0866 0.681421 0.731891
51.0921 0.677365 0.735646
51.0976 0.673288 0.73938
51.1032 0.66919 0.74309
51.1087 0.665072 0.746778
51.1142 0.660933 0.750444
51.1197 0.656775 0.754086
51.1253 0.652596 0.757705
51.1308 0.648398 0.761301
51.1363 0.644179 0.764874
51.1419 0.639941 0.768423
51.1474 0.635683 0.771949
51.1529 0.631406 0.775451
51.1584 0.62711 0.77893
51.164 0.622794 0.782385
51.1695 0.61846 0.785816
51.175 0.614106 0.789223
51.1806 0.609734 0.792605
51.1861 0.605343 0.795964
51.1916 0.600934 0.799298
51.1971 0.596506 0.802608
51.2027 0.59206 0.805893
51.2082 0.587596 0.809154
51.2137 0.583114 0.81239
51.2193 0.578614 0.815601
51.2248 0.574096 0.818787
51.2303 0.569561 0.821948
51.2358 0.565009 0.825084
51.2414 0.560439 0.828195
51.2469 0.555852 0.83128
51.2524 0.551248 0.834341
51.2579 0.546628 0.837375
51.2635 0.54199 0.840384
51.269 0.537336 0.843368
51.2745 0.532666 0.846325
51.2801 0.527979 0.849257
51.2856 0.523276 0.852162
51.2911 0.518557 0.855042
51.2966 0.513823 0.857896
51.3022 0.509072 0.860723
51.3077 0.504307 0.863524
51.3132 0.499525 0.866299
51.3188 0.494729 0.869047
51.3243 0.489917 0.871769
51.3298 0.48509 0.874464
51.3353 0.480249 0.877132
51.3409 0.475393 0.879773
51.3464 0.470522 0.882388
51.3519 0.465637 0.884975
51.3575 0.460737 0.887536
51.363 0.455824 0.890069
51.3685 0.450897 0.892576
51.374 0.445956 0.895055
51.3796 0.441001 0.897506
51.3851 0.436033 0.89993
51.3906 0.431051 0.902327
51.3961 0.426056 0.904696
51.4017 0.421049 0.907038
51.4072 0.416028 0.909351
51.4127 0.410995 0.911637
51.4183 0.405949 0.913895
51.4238 0.40089 0.916126
51.4293 0.39582 0.918328
51.4348 0.390737 0.920502
51.4404 0.385643 0.922648
51.4459 0.380536 0.924766
51.4514 0.375418 0.926855
51.457 0.370289 0.928916
51.4625 0.365148 0.930949
51.468 0.359996 0.932953
51.4735 0.354833 0.934929
51.4791 0.34966 0.936876
51.4846 0.344475 0.938795
51.4901 0.33928 0.940685
51.4957 0.334075 0.942546
51.5012 0.328859 0.944379
51.5067 0.323634 0.946182
51.5122 0.318398 0.947957
51.5178 0.313153 0.949702
51.5233 0.307898 0.951419
51.5288 0.302634 0.953107
51.5344 0.29736 0.954765
51.5399 0.292078 0.956394
51.5454 0.286786 0.957994
51.5509 0.281486 0.959565
51.5565 0.276177 0.961106
51.562 0.27086 0.962618
51.5675 0.265534 0.964101
51.573 0.260201 0.965554
51.5786 0.254859 0.966978
51.5841 0.24951 0.968372
51.5896 0.244153 0.969737
51.5952 0.238788 0.971071
51.6007 0.233416 0.972377
51.6062 0.228037 0.973652
51.6117 0.222651 0.974898
51.6173 0.217259 0.976114
51.6228 0.211859 0.9773
51.6283 0.206454 0.978456
51.6339 0.201041 0.979583
51.6394 0.195623 0.980679
51.6449 0.190199 0.981745
51.6504 0.184769 0.982782
51.656 0.179333 0.983788
51.6615 0.173892 0.984765
51.667 0.168445 0.985711
51.6726 0.162994 0.986627
51.6781 0.157537 0.987513
51.6836 0.152076 0.988369
51.6891 0.14661 0.989194
51.6947 0.141139 0.98999
51.7002 0.135664 0.990755
51.7057 0.130185 0.99149
51.7113 0.124702 0.992194
51.7168 0.119215 0.992868
51.7223 0.113725 0.993512
51.7278 0.108231 0.994126
51.7334 0.102734 0.994709
51.7389 0.0972332 0.995262
51.7444 0.0917298 0.995784
51.7499 0.0862236 0.996276
51.7555 0.0807148 0.996737
51.761 0.0752036 0.997168
51.7665 0.06969 0.997569
51.7721 0.0641743 0.997939
51.7776 0.0586566 0.998278
51.7831 0.0531372 0.998587
51.7886 0.0476161 0.998866
51.7942 0.0420936 0.999114
51.7997 0.0365698 0.999331
51.8052 0.0310448 0.999518
51.8108 0.0255189 0.999674
51.8163 0.0199923 0.9998
51.8218 0.014465 0.999895
51.8273 0.00893729 0.99996
51.8329 0.0034093 0.999994
51.8384 -0.00211879 0.999998
51.8439 -0.00764682 0.999971
51.8495 -0.0131746 0.999913
51.855 -0.018702 0.999825
51.8605 -0.0242288 0.999706
51.866 -0.0297549 0.999557
51.8716 -0.0352801 0.999377
51.8771 -0.0408042 0.999167
51.8826 -0.046327 0.998926
51.8882 -0.0518485 0.998655
51.8937 -0.0573683 0.998353
51.8992 -0.0628864 0.998021
51.9047 -0.0684026 0.997658
51.9103 -0.0739166 0.997264
51.9158 -0.0794285 0.996841
51.9213 -0.0849379 0.996386
51.9268 -0.0904447 0.995902
51.9324 -0.0959487 0.995386
51.9379 -0.10145 0.994841
51.9434 -0.106948 0.994265
51.949 -0.112443 0.993658
51.9545 -0.117934 0.993022
51.96 -0.123422 0.992354
51.9655 -0.128905 0.991657
51.9711 -0.134385 0.990929
51.9766 -0.139861 0.990171
51.9821 -0.145333 0.989383
51.9877 -0.1508 0.988564
51.9932 -0.156263 0.987716
51.9987 -0.16172 0.986837
52.0042 -0.167173 0.985928
52.0098 -0.172621 0.984989
52.0153 -0.178063 0.984019
52.0208 -0.1835 0.98302
52.0264 -0.188932 0.98199
52.0319 -0.194357 0.980931
52.0374 -0.199777 0.979842
52.0429 -0.205191 0.978722
52.0485 -0.210598 0.977573
52.054 -0.215999 0.976394
52.0595 -0.221393 0.975185
52.065 -0.226781 0.973946
52.0706 -0.232161 0.972678
52.0761 -0.237535 0.971379
52.0816 -0.242901 0.970051
52.0872 -0.24826 0.968694
52.0927 -0.253611 0.967307
52.0982 -0.258954 0.96589
52.1037 -0.26429 0.964444
52.1093 -0.269618 0.962968
52.1148 -0.274937 0.961463
52.1203 -0.280248 0.959928
52.1259 -0.28555 0.958364
52.1314 -0.290843 0.956771
52.1369 -0.296128 0.955149
52.1424 -0.301404 0.953497
52.148 -0.30667 0.951816
52.1535 -0.311927 0.950106
52.159 -0.317175 0.948367
52.1646 -0.322412 0.9466
52.1701 -0.32764 0.944803
52.1756 -0.332858 0.942977
52.1811 -0.338066 0.941123
52.1867 -0.343263 0.93924
52.1922 -0.34845 0.937328
52.1977 -0.353627 0.935387
52.2033 -0.358792 0.933418
52.2088 -0.363947 0.93142
52.2143 -0.36909 0.929394
52.2198 -0.374222 0.927339
52.2254 -0.379343 0.925257
52.2309 -0.384452 0.923145
52.2364 -0.389549 0.921006
52.2419 -0.394635 0.918838
52.2475 -0.399708 0.916643
52.253 -0.404769 0.914419
52.2585 -0.409818 0.912168
52.2641 -0.414854 0.909888
52.2696 -0.419878 0.907581
52.2751 -0.424889 0.905246
52.2806 -0.429887 0.902883
52.2862 -0.434871 0.900493
52.2917 -0.439843 0.898075
52.2972 -0.4448 0.89563
52.3028 -0.449745 0.893158
52.3083 -0.454675 0.890658
52.3138 -0.459592 0.888131
52.3193 -0.464495 0.885576
52.3249 -0.469383 0.882995
52.3304 -0.474257 0.880387
52.3359 -0.479117 0.877752
52.3415 -0.483962 0.87509
52.347 -0.488792 0.872401
52.3525 -0.493607 0.869686
52.358 -0.498407 0.866944
52.3636 -0.503192 0.864175
52.3691 -0.507962 0.86138
52.3746 -0.512716 0.858559
52.3802 -0.517454 0.855712
52.3857 -0.522177 0.852838
52.3912 -0.526883 0.849938
52.3967 -0.531574 0.847013
52.4023 -0.536248 0.844061
52.4078 -0.540906 0.841084
52.4133 -0.545547 0.838081
52.4188 -0.550172 0.835052
52.4244 -0.554779 0.831998
52.4299 -0.55937 0.828919
52.4354 -0.563944 0.825814
52.441 -0.568501 0.822684
52.4465 -0.57304 0.819528
52.452 -0.577561 0.816348
52.4575 -0.582065 0.813143
52.4631 -0.586552 0.809913
52.4686 -0.59102 0.806658
52.4741 -0.59547 0.803378
52.4797 -0.599902 0.800074
52.4852 -0.604316 0.796746
52.4907 -0.608711 0.793393
52.4962 -0.613088 0.790016
52.5018 -0.617446 0.786614
52.5073 -0.621785 0.783189
52.5128 -0.626105 0.77974
52.5184 -0.630406 0.776267
52.5239 -0.634687 0.77277
52.5294 -0.63895 0.769249
52.5349 -0.643192 0.765706
52.5405 -0.647415 0.762138
52.546 -0.651619 0.758548
52.5515 -0.655802 0.754934
52.5571 -0.659965 0.751297
52.5626 -0.664108 0.747637
52.5681 -0.668231 0.743955
52.5736 -0.672334 0.740249
52.5792 -0.676416 0.736521
52.5847 -0.680477 0.732771
52.5902 -0.684517 0.728998
52.5957 -0.688537 0.725203
52.6013 -0.692535 0.721385
52.6068 -0.696512 0.717546
52.6123 -0.700468 0.713684
52.6179 -0.704403 0.709801
52.6234 -0.708316 0.705896
52.6289 -0.712207 0.70197
52.6344 -0.716077 0.698022
52.64 -0.719925 0.694053
52.6455 -0.723751 0.690063
52.651 -0.727554 0.686051
52.6566 -0.731336 0.682019
52.6621 -0.735095 0.677965
52.6676 -0.738831 0.673891
52.6731 -0.742546 0.669797
52.6787 -0.746237 0.665682
52.6842 -0.749905 0.661546
52.6897 -0.753551 0.657391
52.6953 -0.757174 0.653215
52.7008 -0.760773 0.649019
52.7063 -0.764349 0.644804
52.7118 -0.767902 0.640568
52.7174 -0.771431 0.636314
52.7229 -0.774937 0.632039
52.7284 -0.778419 0.627746
52.7339 -0.781878 0.623433
52.7395 -0.785312 0.619101
52.745 -0.788723 0.614751
52.7505 -0.792109 0.610381
52.7561 -0.795471 0.605993
52.7616 -0.798809 0.601586
52.7671 -0.802122 0.597161
52.7726 -0.805411 0.592718
52.7782 -0.808675 0.588256
52.7837 -0.811915 0.583777
52.7892 -0.81513 0.57928
52.7948 -0.81832 0.574765
52.8003 -0.821484 0.570232
52.8058 -0.824624 0.565682
52.8113 -0.827739 0.561115
52.8169 -0.830828 0.556531
52.8224 -0.833892 0.551929
52.8279 -0.83693 0.547311
52.8335 -0.839943 0.542676
52.839 -0.84293 0.538025
52.8445 -0.845891 0.533357
52.85 -0.848827 0.528672
52.8556 -0.851737 0.523972
52.8611 -0.85462 0.519255
52.8666 -0.857478 0.514523
52.8722 -0.860309 0.509775
52.8777 -0.863114 0.505011
52.8832 -0.865892 0.500232
52.8887 -0.868644 0.495438
52.8943 -0.87137 0.490628
52.8998 -0.874069 0.485804
52.9053 -0.876741 0.480965
52.9108 -0.879386 0.476111
52.9164 -0.882005 0.471242
52.9219 -0.884597 0.466359
52.9274 -0.887161 0.461462
52.933 -0.889699 0.45655
52.9385 -0.892209 0.451625
52.944 -0.894692 0.446686
52.9495 -0.897147 0.441733
52.9551 -0.899576 0.436767
52.9606 -0.901976 0.431787
52.9661 -0.90435 0.426795
52.9717 -0.906695 0.421789
52.9772 -0.909013 0.41677
52.9827 -0.911303 0.411739
52.9882 -0.913565 0.406695
52.9938 -0.915799 0.401638
52.9993 -0.918006 0.396569
53.0048 -0.920184 0.391489
53.0104 -0.922334 0.386396
53.0159 -0.924456 0.381291
53.0214 -0.92655 0.376175
53.0269 -0.928615 0.371047
53.0325 -0.930652 0.365908
53.038 -0.932661 0.360758
53.0435 -0.934641 0.355596
53.0491 -0.936592 0.350424
53.0546 -0.938515 0.345241
53.0601 -0.940409 0.340048
53.0656 -0.942275 0.334844
53.0712 -0.944111 0.32963
53.0767 -0.945919 0.324406
53.0822 -0.947698 0.319172
53.0877 -0.949448 0.313928
53.0933 -0.951169 0.308674
53.0988 -0.952861 0.303412
53.1043 -0.954523 0.298139
53.1099 -0.956157 0.292858
53.1154 -0.957761 0.287568
53.1209 -0.959336 0.282269
53.1264 -0.960882 0.276961
53.132 -0.962398 0.271645
53.1375 -0.963885 0.266321
53.143 -0.965343 0.260989
53.1486 -0.966771 0.255648
53.1541 -0.968169 0.2503
53.1596 -0.969538 0.244944
53.1651 -0.970878 0.23958
53.1707 -0.972187 0.23421
53.1762 -0.973467 0.228832
53.1817 -0.974717 0.223447
53.1873 -0.975937 0.218055
53.1928 -0.977128 0.212657
53.1983 -0.978289 0.207252
53.2038 -0.979419 0.201841
53.2094 -0.98052 0.196423
53.2149 -0.981591 0.191
53.2204 -0.982632 0.185571
53.226 -0.983643 0.180136
53.2315 -0.984624 0.174695
53.237 -0.985574 0.16925
53.2425 -0.986495 0.163799
53.2481 -0.987385 0.158343
53.2536 -0.988245 0.152882
53.2591 -0.989075 0.147417
53.2646 -0.989875 0.141947
53.2702 -0.990645 0.136472
53.2757 -0.991384 0.130994
53.2812 -0.992093 0.125512
53.2868 -0.992772 0.120025
53.2923 -0.99342 0.114535
53.2978 -0.994038 0.109042
53.3033 -0.994626 0.103545
53.3089 -0.995183 0.0980452
53.3144 -0.99571 0.0925423
53.3199 -0.996206 0.0870365
53.3255 -0.996672 0.0815281
53.331 -0.997108 0.0760171
53.3365 -0.997513 0.0705039
53.342 -0.997887 0.0649885
53.3476 -0.998231 0.0594711
53.3531 -0.998545 0.0539519
53.3586 -0.998828 0.0484311
53.3642 -0.99908 0.0429087
53.3697 -0.999302 0.0373851
53.3752 -0.999493 0.0318603
53.3807 -0.999654 0.0263346
53.3863 -0.999784 0.020808
53.3918 -0.999884 0.0152808
53.3973 -0.999953 0.00975313
53.4028 -0.999992 0.00422516
53.4084 -1 -0.00130293
53.4139 -0.999978 -0.00683098
53.4194 -0.999925 -0.0123588
53.425 -0.999841 -0.0178863
53.4305 -0.999727 -0.0234132
53.436 -0.999582 -0.0289394
53.4415 -0.999407 -0.0344647
53.4471 -0.999201 -0.039989
53.4526 -0.998965 -0.045512
53.4581 -0.998698 -0.0510337
53.4637 -0.998401 -0.0565538
53.4692 -0.998073 -0.0620722
53.4747 -0.997714 -0.0675886
53.4802 -0.997325 -0.073103
53.4858 -0.996906 -0.0786152
53.4913 -0.996456 -0.084125
53.4968 -0.995976 -0.0896322
53.5024 -0.995465 -0.0951366
53.5079 -0.994924 -0.100638
53.5134 -0.994353 -0.106137
53.5189 -0.993751 -0.111632
53.5245 -0.993118 -0.117124
53.53 -0.992456 -0.122612
53.5355 -0.991763 -0.128096
53.5411 -0.991039 -0.133577
53.5466 -0.990286 -0.139053
53.5521 -0.989502 -0.144526
53.5576 -0.988688 -0.149994
53.5632 -0.987844 -0.155457
53.5687 -0.986969 -0.160915
53.5742 -0.986065 -0.166369
53.5797 -0.98513 -0.171817
53.5853 -0.984165 -0.177261
53.5908 -0.98317 -0.182698
53.5963 -0.982145 -0.188131
53.6019 -0.98109 -0.193557
53.6074 -0.980005 -0.198978
53.6129 -0.97889 -0.204392
53.6184 -0.977745 -0.209801
53.624 -0.97657 -0.215202
53.6295 -0.975366 -0.220598
53.635 -0.974132 -0.225986
53.6406 -0.972867 -0.231368
53.6461 -0.971573 -0.236742
53.6516 -0.97025 -0.24211
53.6571 -0.968897 -0.24747
53.6627 -0.967514 -0.252822
53.6682 -0.966101 -0.258166
53.6737 -0.96466 -0.263503
53.6793 -0.963188 -0.268832
53.6848 -0.961687 -0.274152
53.6903 -0.960157 -0.279464
53.6958 -0.958597 -0.284768
53.7014 -0.957009 -0.290063
53.7069 -0.95539 -0.295349
53.7124 -0.953743 -0.300626
53.718 -0.952067 -0.305894
53.7235 -0.950361 -0.311152
53.729 -0.948627 -0.316401
53.7345 -0.946863 -0.32164
53.7401 -0.94507 -0.32687
53.7456 -0.943249 -0.332089
53.7511 -0.941399 -0.337298
53.7566 -0.93952 -0.342497
53.7622 -0.937612 -0.347686
53.7677 -0.935676 -0.352864
53.7732 -0.933711 -0.358031
53.7788 -0.931717 -0.363187
53.7843 -0.929695 -0.368332
53.7898 -0.927645 -0.373466
53.7953 -0.925566 -0.378588
53.8009 -0.923459 -0.383699
53.8064 -0.921324 -0.388798
53.8119 -0.919161 -0.393885
53.8175 -0.916969 -0.39896
53.823 -0.91475 -0.404023
53.8285 -0.912502 -0.409074
53.834 -0.910227 -0.414112
53.8396 -0.907924 -0.419137
53.8451 -0.905593 -0.42415
53.8506 -0.903234 -0.42915
53.8562 -0.900848 -0.434136
53.8617 -0.898434 -0.43911
53.8672 -0.895993 -0.44407
53.8727 -0.893525 -0.449016
53.8783 -0.891029 -0.453949
53.8838 -0.888506 -0.458867
53.8893 -0.885956 -0.463772
53.8949 -0.883378 -0.468663
53.9004 -0.880774 -0.473539
53.9059 -0.878143 -0.478401
53.9114 -0.875485 -0.483248
53.917 -0.8728 -0.48808
53.9225 -0.870088 -0.492897
53.928 -0.86735 -0.4977
53.9335 -0.864586 -0.502487
53.9391 -0.861795 -0.507259
53.9446 -0.858977 -0.512015
53.9501 -0.856134 -0.516756
53.9557 -0.853264 -0.521481
53.9612 -0.850368 -0.52619
53.9667 -0.847446 -0.530882
53.9722 -0.844499 -0.535559
53.9778 -0.841525 -0.540219
53.9833 -0.838526 -0.544863
53.9888 -0.835501 -0.54949
53.9944 -0.832451 -0.554101
53.9999 -0.829375 -0.558694
54.0054 -0.826274 -0.56327
54.0109 -0.823147 -0.567829
54.0165 -0.819996 -0.572371
54.022 -0.816819 -0.576895
54.0275 -0.813618 -0.581402
54.0331 -0.810391 -0.585891
54.0386 -0.80714 -0.590362
54.0441 -0.803864 -0.594815
54.0496 -0.800563 -0.599249
54.0552 -0.797239 -0.603666
54.0607 -0.793889 -0.608064
54.0662 -0.790516 -0.612443
54.0717 -0.787118 -0.616804
54.0773 -0.783696 -0.621146
54.0828 -0.780251 -0.625468
54.0883 -0.776781 -0.629772
54.0939 -0.773288 -0.634057
54.0994 -0.769771 -0.638322
54.1049 -0.76623 -0.642567
54.1104 -0.762666 -0.646793
54.116 -0.759079 -0.650999
54.1215 -0.755469 -0.655186
54.127 -0.751835 -0.659352
54.1326 -0.748179 -0.663498
54.1381 -0.7445 -0.667624
54.1436 -0.740798 -0.671729
54.1491 -0.737073 -0.675814
54.1547 -0.733326 -0.679879
54.1602 -0.729556 -0.683922
54.1657 -0.725764 -0.687945
54.1713 -0.72195 -0.691946
54.1768 -0.718114 -0.695927
54.1823 -0.714256 -0.699886
54.1878 -0.710376 -0.703824
54.1934 -0.706474 -0.70774
54.1989 -0.702551 -0.711634
54.2044 -0.698606 -0.715507
54.21 -0.69464 -0.719358
54.2155 -0.690653 -0.723187
54.221 -0.686645 -0.726994
54.2265 -0.682615 -0.730779
54.2321 -0.678565 -0.734541
54.2376 -0.674494 -0.738281
54.2431 -0.670402 -0.741999
54.2486 -0.66629 -0.745693
54.2542 -0.662158 -0.749365
54.2597 -0.658005 -0.753014
54.2652 -0.653832 -0.75664
54.2708 -0.64964 -0.760243
54.2763 -0.645427 -0.763823
54.2818 -0.641195 -0.767379
54.2873 -0.636943 -0.770912
54.2929 -0.632671 -0.774421
54.2984 -0.628381 -0.777907
54.3039 -0.624071 -0.781369
54.3095 -0.619742 -0.784807
54.315 -0.615394 -0.788221
54.3205 -0.611027 -0.79161
54.326 -0.606642 -0.794976
54.3316 -0.602238 -0.798318
54.3371 -0.597815 -0.801635
54.3426 -0.593375 -0.804927
54.3482 -0.588916 -0.808195
54.3537 -0.584439 -0.811438
54.3592 -0.579945 -0.814657
54.3647 -0.575432 -0.81785
54.3703 -0.570902 -0.821019
54.3758 -0.566355 -0.824162
54.3813 -0.56179 -0.82728
54.3869 -0.557208 -0.830373
54.3924 -0.55261 -0.833441
54.3979 -0.547994 -0.836483
54.4034 -0.543361 -0.8395
54.409 -0.538712 -0.842491
54.4145 -0.534047 -0.845456
54.42 -0.529365 -0.848395
54.4255 -0.524667 -0.851308
54.4311 -0.519952 -0.854196
54.4366 -0.515222 -0.857057
54.4421 -0.510477 -0.859892
54.4477 -0.505715 -0.862701
54.4532 -0.500939 -0.865483
54.4587 -0.496146 -0.868239
54.4642 -0.491339 -0.870969
54.4698 -0.486517 -0.873672
54.4753 -0.48168 -0.876348
54.4808 -0.476828 -0.878997
54.4864 -0.471961 -0.88162
54.4919 -0.467081 -0.884215
54.4974 -0.462185 -0.886784
54.5029 -0.457276 -0.889325
54.5085 -0.452353 -0.89184
54.514 -0.447416 -0.894327
54.5195 -0.442465 -0.896786
54.5251 -0.437501 -0.899219
54.5306 -0.432523 -0.901623
54.5361 -0.427532 -0.904001
54.5416 -0.422528 -0.90635
54.5472 -0.417512 -0.908672
54.5527 -0.412482 -0.910966
54.5582 -0.40744 -0.913233
54.5638 -0.402385 -0.915471
54.5693 -0.397318 -0.917681
54.5748 -0.392239 -0.919864
54.5803 -0.387148 -0.922018
54.5859 -0.382045 -0.924144
54.5914 -0.376931 -0.926242
54.5969 -0.371804 -0.928311
54.6024 -0.366667 -0.930353
54.608 -0.361518 -0.932365
54.6135 -0.356359 -0.93435
54.619 -0.351188 -0.936305
54.6246 -0.346007 -0.938232
54.6301 -0.340815 -0.940131
54.6356 -0.335612 -0.942
54.6411 -0.3304 -0.943841
54.6467 -0.325177 -0.945653
54.6522 -0.319945 -0.947437
54.6577 -0.314702 -0.949191
54.6633 -0.30945 -0.950916
54.6688 -0.304189 -0.952612
54.6743 -0.298918 -0.954279
54.6798 -0.293638 -0.955917
54.6854 -0.288349 -0.957526
54.6909 -0.283052 -0.959105
54.6964 -0.277745 -0.960655
54.702 -0.27243 -0.962176
54.7075 -0.267107 -0.963667
54.713 -0.261776 -0.965129
54.7185 -0.256437 -0.966561
54.7241 -0.25109 -0.967964
54.7296 -0.245735 -0.969337
54.7351 -0.240372 -0.970681
54.7407 -0.235003 -0.971995
54.7462 -0.229626 -0.973279
54.7517 -0.224242 -0.974534
54.7572 -0.218851 -0.975758
54.7628 -0.213454 -0.976953
54.7683 -0.20805 -0.978118
54.7738 -0.20264 -0.979254
54.7793 -0.197223 -0.980359
54.7849 -0.191801 -0.981434
54.7904 -0.186372 -0.982479
54.7959 -0.180938 -0.983495
54.8015 -0.175499 -0.98448
54.807 -0.170054 -0.985435
54.8125 -0.164604 -0.98636
54.818 -0.159148 -0.987255
54.8236 -0.153688 -0.98812
54.8291 -0.148224 -0.988954
54.8346 -0.142754 -0.989758
54.8402 -0.137281 -0.990532
54.8457 -0.131803 -0.991276
54.8512 -0.126321 -0.99199
54.8567 -0.120835 -0.992673
54.8623 -0.115346 -0.993326
54.8678 -0.109853 -0.993948
54.8733 -0.104357 -0.99454
54.8789 -0.0988571 -0.995102
54.8844 -0.0933546 -0.995633
54.8899 -0.0878492 -0.996134
54.8954 -0.0823412 -0.996604
54.901 -0.0768306 -0.997044
54.9065 -0.0713177 -0.997454
54.912 -0.0658026 -0.997833
54.9175 -0.0602855 -0.998181
54.9231 -0.0547666 -0.998499
54.9286 -0.049246 -0.998787
54.9341 -0.0437238 -0.999044
54.9397 -0.0382004 -0.99927
54.9452 -0.0326758 -0.999466
54.9507 -0.0271502 -0.999631
54.9562 -0.0216237 -0.999766
54.9618 -0.0160966 -0.99987
54.9673 -0.010569 -0.999944
54.9728 -0.00504106 -0.999987
54.9784 0.000487018 -1
54.9839 0.00601508 -0.999982
54.9894 0.011543 -0.999933
54.9949 0.0170705 -0.999854
55.0005 0.0225975 -0.999745
55.006 0.0281238 -0.999604
55.0115 0.0336493 -0.999434
55.0171 0.0391737 -0.999232
55.0226 0.0446969 -0.999001
55.0281 0.0502188 -0.998738
55.0336 0.0557391 -0.998445
55.0392 0.0612578 -0.998122
55.0447 0.0667745 -0.997768
55.0502 0.0722892 -0.997384
55.0558 0.0778017 -0.996969
55.0613 0.0833119 -0.996523
55.0668 0.0888194 -0.996048
55.0723 0.0943243 -0.995541
55.0779 0.0998263 -0.995005
55.0834 0.105325 -0.994438
55.0889 0.110821 -0.99384
55.0944 0.116313 -0.993212
55.1 0.121802 -0.992554
55.1055 0.127287 -0.991866
55.111 0.132768 -0.991147
55.1166 0.138245 -0.990398
55.1221 0.143718 -0.989619
55.1276 0.149187 -0.988809
55.1331 0.154651 -0.987969
55.1387 0.16011 -0.987099
55.1442 0.165564 -0.986199
55.1497 0.171013 -0.985269
55.1553 0.176457 -0.984308
55.1608 0.181896 -0.983318
55.1663 0.187329 -0.982297
55.1718 0.192756 -0.981246
55.1774 0.198178 -0.980166
55.1829 0.203593 -0.979055
55.1884 0.209003 -0.977915
55.194 0.214405 -0.976745
55.1995 0.219802 -0.975544
55.205 0.225191 -0.974314
55.2105 0.230574 -0.973055
55.2161 0.235949 -0.971765
55.2216 0.241318 -0.970446
55.2271 0.246679 -0.969097
55.2327 0.252032 -0.967719
55.2382 0.257378 -0.966311
55.2437 0.262716 -0.964873
55.2492 0.268046 -0.963406
55.2548 0.273367 -0.961909
55.2603 0.278681 -0.960384
55.2658 0.283986 -0.958828
55.2713 0.289282 -0.957244
55.2769 0.294569 -0.95563
55.2824 0.299847 -0.953987
55.2879 0.305116 -0.952315
55.2935 0.310376 -0.950613
55.299 0.315626 -0.948883
55.3045 0.320867 -0.947124
55.31 0.326098 -0.945336
55.3156 0.331319 -0.943518
55.3211 0.33653 -0.941673
55.3266 0.34173 -0.939798
55.3322 0.34692 -0.937894
55.3377 0.3521 -0.935962
55.3432 0.357268 -0.934001
55.3487 0.362426 -0.932012
55.3543 0.367573 -0.929994
55.3598 0.372708 -0.927948
55.3653 0.377832 -0.925874
55.3709 0.382945 -0.923771
55.3764 0.388046 -0.92164
55.3819 0.393135 -0.91948
55.3874 0.398212 -0.917293
55.393 0.403276 -0.915078
55.3985 0.408329 -0.912834
55.404 0.413369 -0.910563
55.4096 0.418396 -0.908264
55.4151 0.423411 -0.905937
55.4206 0.428412 -0.903583
55.4261 0.433401 -0.901201
55.4317 0.438376 -0.898791
55.4372 0.443338 -0.896354
55.4427 0.448286 -0.89389
55.4482 0.453221 -0.891398
55.4538 0.458142 -0.888879
55.4593 0.463049 -0.886332
55.4648 0.467941 -0.883759
55.4704 0.47282 -0.881159
55.4759 0.477683 -0.878532
55.4814 0.482533 -0.875877
55.4869 0.487367 -0.873197
55.4925 0.492187 -0.870489
55.498 0.496991 -0.867755
55.5035 0.501781 -0.864994
55.5091 0.506555 -0.862207
55.5146 0.511314 -0.859394
55.5201 0.516057 -0.856554
55.5256 0.520784 -0.853688
55.5312 0.525495 -0.850796
55.5367 0.53019 -0.847878
55.5422 0.534869 -0.844934
55.5478 0.539532 -0.841964
55.5533 0.544178 -0.838969
55.5588 0.548808 -0.835948
55.5643 0.553421 -0.832901
55.5699 0.558016 -0.829829
55.5754 0.562595 -0.826732
55.5809 0.567157 -0.823609
55.5864 0.571701 -0.820461
55.592 0.576228 -0.817288
55.5975 0.580737 -0.81409
55.603 0.585229 -0.810868
55.6086 0.589702 -0.80762
55.6141 0.594158 -0.804348
55.6196 0.598595 -0.801051
55.6251 0.603014 -0.79773
55.6307 0.607415 -0.794384
55.6362 0.611797 -0.791014
55.6417 0.616161 -0.78762
55.6473 0.620505 -0.784201
55.6528 0.624831 -0.780759
55.6583 0.629137 -0.777293
55.6638 0.633425 -0.773803
55.6694 0.637693 -0.77029
55.6749 0.641941 -0.766753
55.6804 0.64617 -0.763193
55.686 0.650379 -0.759609
55.6915 0.654568 -0.756002
55.697 0.658738 -0.752372
55.7025 0.662887 -0.748719
55.7081 0.667016 -0.745043
55.7136 0.671124 -0.741344
55.7191 0.675212 -0.737623
55.7247 0.679279 -0.733879
55.7302 0.683326 -0.730113
55.7357 0.687352 -0.726324
55.7412 0.691356 -0.722513
55.7468 0.69534 -0.71868
55.7523 0.699302 -0.714825
55.7578 0.703243 -0.710949
55.7633 0.707162 -0.70705
55.7689 0.71106 -0.70313
55.7744 0.714936 -0.699189
55.7799 0.718791 -0.695226
55.7855 0.722623 -0.691242
55.791 0.726433 -0.687236
55.7965 0.730221 -0.68321
55.802 0.733987 -0.679163
55.8076 0.73773 -0.675095
55.8131 0.741451 -0.671006
55.8186 0.745149 -0.666897
55.8242 0.748824 -0.662768
55.8297 0.752476 -0.658618
55.8352 0.756106 -0.654448
55.8407 0.759712 -0.650259
55.8463 0.763295 -0.646049
55.8518 0.766855 -0.641819
55.8573 0.770391 -0.63757
55.8629 0.773904 -0.633302
55.8684 0.777393 -0.629014
55.8739 0.780858 -0.624707
55.8794 0.7843 -0.620381
55.885 0.787717 -0.616036
55.8905 0.791111 -0.611672
55.896 0.79448 -0.607289
55.9016 0.797825 -0.602888
55.9071 0.801146 -0.598468
55.9126 0.804442 -0.59403
55.9181 0.807713 -0.589574
55.9237 0.81096 -0.5851
55.9292 0.814182 -0.580608
55.9347 0.817379 -0.576098
55.9402 0.820552 -0.571571
55.9458 0.823699 -0.567026
55.9513 0.826821 -0.562464
55.9568 0.829918 -0.557885
55.9624 0.832989 -0.553288
55.9679 0.836035 -0.548675
55.9734 0.839055 -0.544045
55.9789 0.84205 -0.539398
55.9845 0.845019 -0.534735
55.99 0.847962 -0.530056
55.9955 0.850879 -0.52536
56.0011 0.85377 -0.520648
56.0066 0.856635 -0.51592
56.0121 0.859474 -0.511177
56.0176 0.862287 -0.506418
56.0232 0.865073 -0.501643
56.0287 0.867833 -0.496854
56.0342 0.870567 -0.492049
56.0398 0.873274 -0.487228
56.0453 0.875954 -0.482394
56.0508 0.878607 -0.477544
56.0563 0.881233 -0.47268
56.0619 0.883833 -0.467801
56.0674 0.886405 -0.462908
56.0729 0.888951 -0.458001
56.0785 0.891469 -0.453079
56.084 0.89396 -0.448144
56.0895 0.896424 -0.443196
56.095 0.89886 -0.438233
56.1006 0.901269 -0.433258
56.1061 0.90365 -0.428269
56.1116 0.906004 -0.423267
56.1171 0.90833 -0.418252
56.1227 0.910628 -0.413224
56.1282 0.912899 -0.408184
56.1337 0.915141 -0.403131
56.1393 0.917356 -0.398066
56.1448 0.919542 -0.392989
56.1503 0.921701 -0.387899
56.1558 0.923831 -0.382798
56.1614 0.925933 -0.377685
56.1669 0.928007 -0.372561
56.1724 0.930052 -0.367425
56.178 0.932069 -0.362278
56.1835 0.934058 -0.35712
56.189 0.936017 -0.351951
56.1945 0.937949 -0.346771
56.2001 0.939851 -0.341581
56.2056 0.941725 -0.33638
56.2111 0.94357 -0.331169
56.2167 0.945387 -0.325948
56.2222 0.947174 -0.320717
56.2277 0.948933 -0.315476
56.2332 0.950662 -0.310225
56.2388 0.952363 -0.304965
56.2443 0.954034 -0.299696
56.2498 0.955676 -0.294417
56.2554 0.957289 -0.28913
56.2609 0.958873 -0.283833
56.2664 0.960427 -0.278528
56.2719 0.961952 -0.273215
56.2775 0.963448 -0.267893
56.283 0.964914 -0.262563
56.2885 0.966351 -0.257224
56.294 0.967758 -0.251878
56.2996 0.969136 -0.246525
56.3051 0.970484 -0.241163
56.3106 0.971802 -0.235795
56.3162 0.97309 -0.230419
56.3217 0.974349 -0.225036
56.3272 0.975579 -0.219647
56.3327 0.976778 -0.21425
56.3383 0.977947 -0.208847
56.3438 0.979087 -0.203438
56.3493 0.980197 -0.198022
56.3549 0.981276 -0.192601
56.3604 0.982326 -0.187173
56.3659 0.983346 -0.18174
56.3714 0.984335 -0.176301
56.377 0.985295 -0.170857
56.3825 0.986224 -0.165407
56.388 0.987124 -0.159953
56.3936 0.987993 -0.154494
56.3991 0.988832 -0.14903
56.4046 0.98964 -0.143561
56.4101 0.990419 -0.138088
56.4157 0.991167 -0.132611
56.4212 0.991885 -0.12713
56.4267 0.992573 -0.121644
56.4322 0.99323 -0.116156
56.4378 0.993857 -0.110663
56.4433 0.994454 -0.105167
56.4488 0.99502 -0.0996683
56.4544 0.995555 -0.0941662
56.4599 0.996061 -0.0886612
56.4654 0.996536 -0.0831536
56.4709 0.99698 -0.0776434
56.4765 0.997394 -0.0721308
56.482 0.997778 -0.0666161
56.4875 0.998131 -0.0610993
56.4931 0.998453 -0.0555806
56.4986 0.998745 -0.0500602
56.5041 0.999007 -0.0445383
56.5096 0.999238 -0.039015
56.5152 0.999438 -0.0334906
56.5207 0.999608 -0.0279651
56.5262 0.999747 -0.0224388
56.5318 0.999856 -0.0169117
56.5373 0.999934 -0.0113842
56.5428 0.999982 -0.00585632
56.5483 0.999999 -0.000328261
56.5539 0.999985 0.00519981
56.5594 0.999941 0.0107277
56.5649 0.999867 0.0162553
56.5705 0.999762 0.0217824
56.576 0.999626 0.0273088
56.5815 0.99946 0.0328344
56.587 0.999263 0.038359
56.5926 0.999036 0.0438824
56.5981 0.998778 0.0494045
56.6036 0.998489 0.0549251
56.6091 0.998171 0.0604439
56.6147 0.997821 0.065961
56.6202 0.997441 0.071476
56.6257 0.997031 0.0769888
56.6313 0.99659 0.0824993
56.6368 0.996119 0.0880073
56.6423 0.995617 0.0935126
56.6478 0.995085 0.099015
56.6534 0.994522 0.104514
56.6589 0.993929 0.110011
56.6644 0.993306 0.115503
56.67 0.992652 0.120993
56.6755 0.991968 0.126478
56.681 0.991254 0.13196
56.6865 0.990509 0.137438
56.6921 0.989735 0.142911
56.6976 0.988929 0.14838
56.7031 0.988094 0.153845
56.7087 0.987228 0.159305
56.7142 0.986333 0.16476
56.7197 0.985407 0.17021
56.7252 0.984451 0.175655
56.7308 0.983465 0.181094
56.7363 0.982449 0.186528
56.7418 0.981402 0.191956
56.7474 0.980326 0.197379
56.7529 0.97922 0.202795
56.7584 0.978084 0.208205
56.7639 0.976918 0.213609
56.7695 0.975723 0.219006
56.775 0.974497 0.224397
56.7805 0.973242 0.22978
56.786 0.971956 0.235157
56.7916 0.970642 0.240526
56.7971 0.969297 0.245888
56.8026 0.967923 0.251243
56.8082 0.966519 0.25659
56.8137 0.965086 0.261929
56.8192 0.963623 0.26726
56.8247 0.962131 0.272583
56.8303 0.96061 0.277898
56.8358 0.959059 0.283204
56.8413 0.957479 0.288501
56.8469 0.955869 0.29379
56.8524 0.95423 0.299069
56.8579 0.952563 0.30434
56.8634 0.950866 0.309601
56.869 0.94914 0.314853
56.8745 0.947385 0.320095
56.88 0.945601 0.325327
56.8856 0.943788 0.330549
56.8911 0.941946 0.335762
56.8966 0.940075 0.340964
56.9021 0.938176 0.346155
56.9077 0.936248 0.351336
56.9132 0.934292 0.356507
56.9187 0.932307 0.361666
56.9243 0.930293 0.366814
56.9298 0.928251 0.371951
56.9353 0.926181 0.377077
56.9408 0.924082 0.382191
56.9464 0.921955 0.387294
56.9519 0.9198 0.392385
56.9574 0.917617 0.397463
56.9629 0.915406 0.40253
56.9685 0.913167 0.407584
56.974 0.910899 0.412626
56.9795 0.908605 0.417655
56.9851 0.906282 0.422672
56.9906 0.903931 0.427675
56.9961 0.901553 0.432666
57.0016 0.899148 0.437643
57.0072 0.896715 0.442607
57.0127 0.894254 0.447557
57.0182 0.891766 0.452494
57.0238 0.889251 0.457417
57.0293 0.886709 0.462326
57.0348 0.88414 0.46722
57.0403 0.881544 0.472101
57.0459 0.87892 0.476967
57.0514 0.87627 0.481818
57.0569 0.873593 0.486655
57.0625 0.87089 0.491477
57.068 0.868159 0.496284
57.0735 0.865403 0.501075
57.079 0.862619 0.505852
57.0846 0.85981 0.510613
57.0901 0.856974 0.515358
57.0956 0.854112 0.520088
57.1011 0.851224 0.524801
57.1067 0.84831 0.529499
57.1122 0.84537 0.53418
57.1177 0.842404 0.538845
57.1233 0.839412 0.543494
57.1288 0.836395 0.548126
57.1343 0.833352 0.552741
57.1398 0.830284 0.55734
57.1454 0.82719 0.561921
57.1509 0.824071 0.566485
57.1564 0.820927 0.571032
57.162 0.817758 0.575561
57.1675 0.814563 0.580073
57.173 0.811344 0.584567
57.1785 0.8081 0.589044
57.1841 0.804832 0.593502
57.1896 0.801538 0.597942
57.1951 0.798221 0.602364
57.2007 0.794879 0.606767
57.2062 0.791512 0.611152
57.2117 0.788122 0.615518
57.2172 0.784707 0.619866
57.2228 0.781268 0.624194
57.2283 0.777806 0.628504
57.2338 0.774319 0.632794
57.2394 0.770809 0.637065
57.2449 0.767276 0.641316
57.2504 0.763719 0.645548
57.2559 0.760139 0.64976
57.2615 0.756535 0.653952
57.267 0.752909 0.658124
57.2725 0.749259 0.662276
57.278 0.745586 0.666408
57.2836 0.741891 0.670519
57.2891 0.738173 0.67461
57.2946 0.734432 0.678681
57.3002 0.730669 0.68273
57.3057 0.726884 0.686759
57.3112 0.723076 0.690767
57.3167 0.719247 0.694754
57.3223 0.715395 0.698719
57.3278 0.711522 0.702663
57.3333 0.707626 0.706586
57.3389 0.70371 0.710487
57.3444 0.699771 0.714366
57.3499 0.695811 0.718224
57.3554 0.69183 0.722059
57.361 0.687828 0.725873
57.3665 0.683805 0.729664
57.372 0.679761 0.733433
57.3776 0.675696 0.737179
57.3831 0.671611 0.740903
57.3886 0.667505 0.744605
57.3941 0.663378 0.748283
57.3997 0.659231 0.751939
57.4052 0.655065 0.755572
57.4107 0.650878 0.759182
57.4163 0.646671 0.762768
57.4218 0.642444 0.766331
57.4273 0.638198 0.769871
57.4328 0.633933 0.773387
57.4384 0.629648 0.77688
57.4439 0.625343 0.780349
57.4494 0.62102 0.783794
57.4549 0.616678 0.787215
57.4605 0.612316 0.790612
57.466 0.607937 0.793985
57.4715 0.603538 0.797333
57.4771 0.599121 0.800658
57.4826 0.594686 0.803957
57.4881 0.590232 0.807233
57.4936 0.585761 0.810483
57.4992 0.581272 0.813709
57.5047 0.576764 0.81691
57.5102 0.57224 0.820086
57.5158 0.567697 0.823237
57.5213 0.563138 0.826362
57.5268 0.558561 0.829463
57.5323 0.553967 0.832538
57.5379 0.549356 0.835587
57.5434 0.544729 0.838612
57.5489 0.540085 0.84161
57.5545 0.535424 0.844583
57.56 0.530747 0.84753
57.5655 0.526053 0.850451
57.571 0.521344 0.853346
57.5766 0.516619 0.856215
57.5821 0.511878 0.859058
57.5876 0.507121 0.861874
57.5932 0.502349 0.864665
57.5987 0.497561 0.867428
57.6042 0.492758 0.870166
57.6097 0.48794 0.872876
57.6153 0.483108 0.87556
57.6208 0.47826 0.878218
57.6263 0.473398 0.880848
57.6318 0.468521 0.883452
57.6374 0.46363 0.886028
57.6429 0.458725 0.888578
57.6484 0.453806 0.8911
57.654 0.448873 0.893595
57.6595 0.443926 0.896063
57.665 0.438966 0.898503
57.6705 0.433992 0.900916
57.6761 0.429005 0.903301
57.6816 0.424005 0.905659
57.6871 0.418992 0.907989
57.6927 0.413967 0.910292
57.6982 0.408928 0.912566
57.7037 0.403877 0.914813
57.7092 0.398814 0.917032
57.7148 0.393738 0.919222
57.7203 0.388651 0.921385
57.7258 0.383551 0.923519
57.7314 0.37844 0.925625
57.7369 0.373317 0.927703
57.7424 0.368183 0.929753
57.7479 0.363038 0.931774
57.7535 0.357881 0.933767
57.759 0.352714 0.935731
57.7645 0.347536 0.937666
57.7701 0.342347 0.939573
57.7756 0.337148 0.941451
57.7811 0.331938 0.943301
57.7866 0.326719 0.945121
57.7922 0.321489 0.946913
57.7977 0.316249 0.948676
57.8032 0.311 0.95041
57.8087 0.305742 0.952114
57.8143 0.300473 0.95379
57.8198 0.295196 0.955436
57.8253 0.28991 0.957054
57.8309 0.284615 0.958642
57.8364 0.279311 0.9602
57.8419 0.273999 0.96173
57.8474 0.268678 0.96323
57.853 0.263349 0.9647
57.8585 0.258012 0.966141
57.864 0.252667 0.967553
57.8696 0.247315 0.968935
57.8751 0.241955 0.970287
57.8806 0.236587 0.97161
57.8861 0.231212 0.972903
57.8917 0.225831 0.974166
57.8972 0.220442 0.9754
57.9027 0.215047 0.976604
57.9083 0.209645 0.977777
57.9138 0.204236 0.978921
57.9193 0.198821 0.980036
57.9248 0.193401 0.98112
57.9304 0.187974 0.982174
57.9359 0.182542 0.983198
57.9414 0.177104 0.984192
57.9469 0.17166 0.985156
57.9525 0.166212 0.98609
57.958 0.160758 0.986994
57.9635 0.155299 0.987867
57.9691 0.149836 0.988711
57.9746 0.144368 0.989524
57.9801 0.138896 0.990307
57.9856 0.133419 0.99106
57.9912 0.127938 0.991782
57.9967 0.122454 0.992474
58.0022 0.116965 0.993136
58.0078 0.111473 0.993767
58.0133 0.105978 0.994368
58.0188 0.10048 0.994939
58.0243 0.0949779 0.995479
58.0299 0.0894734 0.995989
58.0354 0.0839661 0.996469
58.0409 0.0784563 0.996917
58.0465 0.072944 0.997336
58.052 0.0674296 0.997724
58.0575 0.0619131 0.998081
58.063 0.0563946 0.998408
58.0686 0.0508745 0.998705
58.0741 0.0453528 0.998971
58.0796 0.0398297 0.999206
58.0852 0.0343054 0.999411
58.0907 0.0287801 0.999586
58.0962 0.0232539 0.99973
58.1017 0.0177269 0.999843
58.1073 0.0121995 0.999926
58.1128 0.00667162 0.999978
58.1183 0.00114357 0.999999
58.1238 -0.00438452 0.99999
58.1294 -0.00991247 0.999951
58.1349 -0.0154401 0.999881
58.1404 -0.0209673 0.99978
58.146 -0.0264938 0.999649
58.1515 -0.0320196 0.999487
58.157 -0.0375443 0.999295
58.1625 -0.0430679 0.999072
58.1681 -0.0485902 0.998819
58.1736 -0.054111 0.998535
58.1791 -0.0596301 0.998221
58.1847 -0.0651475 0.997876
58.1902 -0.0706628 0.9975
58.1957 -0.076176 0.997094
58.2012 -0.0816868 0.996658
58.2068 -0.0871952 0.996191
58.2123 -0.0927009 0.995694
58.2178 -0.0982037 0.995166
58.2234 -0.103704 0.994608
58.2289 -0.1092 0.99402
58.2344 -0.114694 0.993401
58.2399 -0.120183 0.992752
58.2455 -0.12567 0.992072
58.251 -0.131152 0.991362
58.2565 -0.13663 0.990622
58.2621 -0.142104 0.989852
58.2676 -0.147574 0.989051
58.2731 -0.15304 0.98822
58.2786 -0.1585 0.987359
58.2842 -0.163956 0.986468
58.2897 -0.169407 0.985546
58.2952 -0.174852 0.984595
58.3007 -0.180292 0.983613
58.3063 -0.185727 0.982602
58.3118 -0.191156 0.98156
58.3173 -0.196579 0.980488
58.3229 -0.201997 0.979386
58.3284 -0.207408 0.978255
58.3339 -0.212812 0.977093
58.3394 -0.218211 0.975902
58.345 -0.223602 0.974681
58.3505 -0.228987 0.97343
58.356 -0.234365 0.972149
58.3616 -0.239735 0.970839
58.3671 -0.245098 0.969499
58.3726 -0.250454 0.968129
58.3781 -0.255802 0.966729
58.3837 -0.261142 0.965301
58.3892 -0.266475 0.963842
58.3947 -0.271799 0.962354
58.4003 -0.277114 0.960837
58.4058 -0.282422 0.959291
58.4113 -0.287721 0.957715
58.4168 -0.29301 0.95611
58.4224 -0.298291 0.954475
58.4279 -0.303563 0.952812
58.4334 -0.308826 0.951119
58.439 -0.314079 0.949397
58.4445 -0.319323 0.947646
58.45 -0.324556 0.945867
58.4555 -0.32978 0.944058
58.4611 -0.334994 0.942221
58.4666 -0.340197 0.940354
58.4721 -0.345391 0.938459
58.4776 -0.350573 0.936536
58.4832 -0.355745 0.934583
58.4887 -0.360906 0.932603
58.4942 -0.366056 0.930593
58.4998 -0.371195 0.928555
58.5053 -0.376322 0.926489
58.5108 -0.381438 0.924395
58.5163 -0.386543 0.922272
58.5219 -0.391635 0.920121
58.5274 -0.396716 0.917942
58.5329 -0.401784 0.915735
58.5385 -0.40684 0.9135
58.544 -0.411884 0.911237
58.5495 -0.416915 0.908946
58.555 -0.421933 0.906627
58.5606 -0.426939 0.904281
58.5661 -0.431931 0.901907
58.5716 -0.43691 0.899506
58.5772 -0.441876 0.897077
58.5827 -0.446828 0.89462
58.5882 -0.451767 0.892136
58.5937 -0.456692 0.889625
58.5993 -0.461603 0.887087
58.6048 -0.4665 0.884522
58.6103 -0.471382 0.881929
58.6158 -0.476251 0.87931
58.6214 -0.481104 0.876664
58.6269 -0.485943 0.873991
58.6324 -0.490767 0.871291
58.638 -0.495576 0.868565
58.6435 -0.50037 0.865812
58.649 -0.505149 0.863033
58.6545 -0.509912 0.860227
58.6601 -0.51466 0.857395
58.6656 -0.519391 0.854537
58.6711 -0.524107 0.851653
58.6767 -0.528807 0.848742
58.6822 -0.533491 0.845806
58.6877 -0.538159 0.842844
58.6932 -0.54281 0.839856
58.6988 -0.547444 0.836843
58.7043 -0.552062 0.833804
58.7098 -0.556663 0.830739
58.7154 -0.561247 0.827649
58.7209 -0.565814 0.824534
58.7264 -0.570363 0.821393
58.7319 -0.574895 0.818228
58.7375 -0.57941 0.815037
58.743 -0.583906 0.811822
58.7485 -0.588385 0.808581
58.7541 -0.592846 0.805317
58.7596 -0.597289 0.802027
58.7651 -0.601713 0.798713
58.7706 -0.60612 0.795374
58.7762 -0.610507 0.792011
58.7817 -0.614876 0.788624
58.7872 -0.619226 0.785213
58.7927 -0.623558 0.781778
58.7983 -0.62787 0.778319
58.8038 -0.632163 0.774836
58.8093 -0.636437 0.77133
58.8149 -0.640691 0.7678
58.8204 -0.644925 0.764246
58.8259 -0.64914 0.760669
58.8314 -0.653336 0.757069
58.837 -0.657511 0.753446
58.8425 -0.661666 0.7498
58.848 -0.665801 0.746131
58.8536 -0.669915 0.742439
58.8591 -0.674009 0.738724
58.8646 -0.678083 0.734987
58.8701 -0.682135 0.731227
58.8757 -0.686167 0.727445
58.8812 -0.690178 0.723641
58.8867 -0.694168 0.719814
58.8923 -0.698136 0.715966
58.8978 -0.702084 0.712096
58.9033 -0.706009 0.708204
58.9088 -0.709914 0.70429
58.9144 -0.713796 0.700355
58.9199 -0.717657 0.696398
58.9254 -0.721496 0.69242
58.931 -0.725312 0.688421
58.9365 -0.729107 0.684401
58.942 -0.732879 0.68036
58.9475 -0.736629 0.676298
58.9531 -0.740356 0.672216
58.9586 -0.744061 0.668113
58.9641 -0.747743 0.663989
58.9696 -0.751402 0.659846
58.9752 -0.755038 0.655682
58.9807 -0.758652 0.651498
58.9862 -0.762242 0.647294
58.9918 -0.765808 0.64307
58.9973 -0.769351 0.638827
59.0028 -0.772871 0.634564
59.0083 -0.776367 0.630282
59.0139 -0.77984 0.625981
59.0194 -0.783288 0.62166
59.0249 -0.786713 0.61732
59.0305 -0.790113 0.612962
59.036 -0.79349 0.608585
59.0415 -0.796842 0.604189
59.047 -0.80017 0.599775
59.0526 -0.803473 0.595342
59.0581 -0.806752 0.590892
59.0636 -0.810006 0.586423
59.0692 -0.813236 0.581936
59.0747 -0.81644 0.577431
59.0802 -0.81962 0.572909
59.0857 -0.822774 0.56837
59.0913 -0.825904 0.563813
59.0968 -0.829008 0.559238
59.1023 -0.832087 0.554647
59.1079 -0.83514 0.550039
59.1134 -0.838168 0.545414
59.1189 -0.84117 0.540772
59.1244 -0.844147 0.536113
59.13 -0.847098 0.531439
59.1355 -0.850023 0.526748
59.141 -0.852922 0.522041
59.1465 -0.855794 0.517318
59.1521 -0.858641 0.512579
59.1576 -0.861462 0.507825
59.1631 -0.864256 0.503055
59.1687 -0.867023 0.498269
59.1742 -0.869765 0.493469
59.1797 -0.872479 0.488653
59.1852 -0.875167 0.483822
59.1908 -0.877828 0.478977
59.1963 -0.880463 0.474117
59.2018 -0.88307 0.469242
59.2074 -0.885651 0.464354
59.2129 -0.888204 0.459451
59.2184 -0.890731 0.454534
59.2239 -0.89323 0.449603
59.2295 -0.895702 0.444658
59.235 -0.898146 0.4397
59.2405 -0.900563 0.434728
59.2461 -0.902952 0.429743
59.2516 -0.905314 0.424745
59.2571 -0.907648 0.419734
59.2626 -0.909955 0.41471
59.2682 -0.912233 0.409673
59.2737 -0.914484 0.404624
59.2792 -0.916707 0.399562
59.2847 -0.918902 0.394489
59.2903 -0.921069 0.389403
59.2958 -0.923207 0.384305
59.3013 -0.925318 0.379196
59.3069 -0.9274 0.374075
59.3124 -0.929453 0.368942
59.3179 -0.931479 0.363798
59.3234 -0.933476 0.358644
59.329 -0.935444 0.353478
59.3345 -0.937384 0.348301
59.34 -0.939295 0.343114
59.3456 -0.941177 0.337916
59.3511 -0.943031 0.332708
59.3566 -0.944856 0.32749
59.3621 -0.946652 0.322262
59.3677 -0.948419 0.317024
59.3732 -0.950157 0.311776
59.3787 -0.951866 0.306519
59.3843 -0.953546 0.301252
59.3898 -0.955196 0.295976
59.3953 -0.956818 0.290691
59.4008 -0.95841 0.285397
59.4064 -0.959973 0.280095
59.4119 -0.961507 0.274784
59.4174 -0.963011 0.269464
59.423 -0.964486 0.264137
59.4285 -0.965932 0.258801
59.434 -0.967348 0.253457
59.4395 -0.968734 0.248106
59.4451 -0.970091 0.242747
59.4506 -0.971418 0.23738
59.4561 -0.972715 0.232007
59.4616 -0.973983 0.226626
59.4672 -0.975221 0.221238
59.4727 -0.976429 0.215844
59.4782 -0.977607 0.210442
59.4838 -0.978756 0.205035
59.4893 -0.979874 0.199621
59.4948 -0.980963 0.194201
59.5003 -0.982021 0.188776
59.5059 -0.98305 0.183344
59.5114 -0.984048 0.177907
59.5169 -0.985017 0.172464
59.5225 -0.985955 0.167016
59.528 -0.986863 0.161563
59.5335 -0.987741 0.156105
59.539 -0.988589 0.150643
59.5446 -0.989407 0.145175
59.5501 -0.990194 0.139704
59.5556 -0.990952 0.134228
59.5612 -0.991678 0.128748
59.5667 -0.992375 0.123264
59.5722 -0.993041 0.117776
59.5777 -0.993677 0.112284
59.5833 -0.994283 0.10679
59.5888 -0.994858 0.101291
59.5943 -0.995403 0.0957903
59.5999 -0.995917 0.0902861
59.6054 -0.996401 0.0847793
59.6109 -0.996854 0.0792698
59.6164 -0.997277 0.0737579
59.622 -0.99767 0.0682437
59.6275 -0.998032 0.0627275
59.633 -0.998363 0.0572094
59.6385 -0.998664 0.0516895
59.6441 -0.998935 0.046168
59.6496 -0.999175 0.0406451
59.6551 -0.999384 0.035121
59.6607 -0.999563 0.0295958
59.6662 -0.999711 0.0240697
59.6717 -0.999829 0.0185428
59.6772 -0.999916 0.0130154
59.6828 -0.999973 0.00748761
59.6883 -0.999999 0.00195958
59.6938 -0.999995 -0.00356852
59.6994 -0.99996 -0.00909651
59.7049 -0.999894 -0.0146242
59.7104 -0.999798 -0.0201515
59.7159 -0.999671 -0.0256781
59.7215 -0.999514 -0.031204
59.727 -0.999326 -0.0367289
59.7325 -0.999108 -0.0422527
59.7381 -0.998859 -0.0477752
59.7436 -0.99858 -0.0532962
59.7491 -0.99827 -0.0588156
59.7546 -0.997929 -0.0643332
59.7602 -0.997559 -0.0698489
59.7657 -0.997157 -0.0753624
59.7712 -0.996725 -0.0808736
59.7768 -0.996263 -0.0863823
59.7823 -0.99577 -0.0918884
59.7878 -0.995247 -0.0973917
59.7933 -0.994694 -0.102892
59.7989 -0.99411 -0.108389
59.8044 -0.993495 -0.113883
59.8099 -0.99285 -0.119373
59.8154 -0.992175 -0.12486
59.821 -0.99147 -0.130343
59.8265 -0.990734 -0.135822
59.832 -0.989968 -0.141297
59.8376 -0.989172 -0.146767
59.8431 -0.988346 -0.152233
59.8486 -0.987489 -0.157694
59.8541 -0.986602 -0.163151
59.8597 -0.985685 -0.168602
59.8652 -0.984738 -0.174049
59.8707 -0.983761 -0.17949
59.8763 -0.982754 -0.184925
59.8818 -0.981716 -0.190355
59.8873 -0.980649 -0.195779
59.8928 -0.979552 -0.201198
59.8984 -0.978424 -0.206609
59.9039 -0.977267 -0.212015
59.9094 -0.97608 -0.217414
59.915 -0.974864 -0.222807
59.9205 -0.973617 -0.228193
59.926 -0.972341 -0.233571
59.9315 -0.971035 -0.238943
59.9371 -0.969699 -0.244307
59.9426 -0.968334 -0.249664
59.9481 -0.966939 -0.255013
59.9536 -0.965514 -0.260355
59.9592 -0.96406 -0.265688
59.9647 -0.962577 -0.271013
59.9702 -0.961064 -0.27633
59.9758 -0.959521 -0.281639
59.9813 -0.95795 -0.286939
59.9868 -0.956349 -0.29223
59.9923 -0.954719 -0.297513
59.9979 -0.95306 -0.302786
60.0034 -0.951371 -0.30805
60.0089 -0.949654 -0.313304
60.0145 -0.947907 -0.318549
60.02 -0.946132 -0.323784
60.0255 -0.944328 -0.32901
60.031 -0.942494 -0.334225
60.0366 -0.940632 -0.33943
60.0421 -0.938741 -0.344625
60.0476 -0.936822 -0.349809
60.0532 -0.934874 -0.354982
60.0587 -0.932897 -0.360145
60.0642 -0.930892 -0.365297
60.0697 -0.928859 -0.370437
60.0753 -0.926797 -0.375566
60.0808 -0.924706 -0.380684
60.0863 -0.922588 -0.38579
60.0919 -0.920441 -0.390884
60.0974 -0.918266 -0.395967
60.1029 -0.916063 -0.401037
60.1084 -0.913832 -0.406095
60.114 -0.911573 -0.41114
60.1195 -0.909286 -0.416173
60.125 -0.906972 -0.421193
60.1305 -0.90463 -0.426201
60.1361 -0.90226 -0.431195
60.1416 -0.899862 -0.436176
60.1471 -0.897437 -0.441144
60.1527 -0.894985 -0.446098
60.1582 -0.892505 -0.451039
60.1637 -0.889998 -0.455966
60.1692 -0.887464 -0.460879
60.1748 -0.884903 -0.465778
60.1803 -0.882314 -0.470663
60.1858 -0.879699 -0.475533
60.1914 -0.877057 -0.480389
60.1969 -0.874388 -0.48523
60.2024 -0.871692 -0.490056
60.2079 -0.86897 -0.494867
60.2135 -0.866221 -0.499664
60.219 -0.863445 -0.504444
60.2245 -0.860643 -0.50921
60.2301 -0.857815 -0.51396
60.2356 -0.854961 -0.518694
60.2411 -0.85208 -0.523412
60.2466 -0.849174 -0.528115
60.2522 -0.846242 -0.532801
60.2577 -0.843283 -0.537471
60.2632 -0.840299 -0.542124
60.2688 -0.837289 -0.546761
60.2743 -0.834254 -0.551382
60.2798 -0.831193 -0.555985
60.2853 -0.828107 -0.560571
60.2909 -0.824996 -0.565141
60.2964 -0.821859 -0.569693
60.3019 -0.818697 -0.574227
60.3074 -0.81551 -0.578744
60.313 -0.812298 -0.583244
60.3185 -0.809062 -0.587725
60.324 -0.8058 -0.592189
60.3296 -0.802514 -0.596634
60.3351 -0.799204 -0.601061
60.3406 -0.795869 -0.60547
60.3461 -0.79251 -0.609861
60.3517 -0.789126 -0.614232
60.3572 -0.785719 -0.618585
60.3627 -0.782287 -0.622919
60.3683 -0.778831 -0.627234
60.3738 -0.775352 -0.63153
60.3793 -0.771849 -0.635807
60.3848 -0.768323 -0.640064
60.3904 -0.764773 -0.644302
60.3959 -0.761199 -0.648519
60.4014 -0.757602 -0.652717
60.407 -0.753983 -0.656896
60.4125 -0.75034 -0.661054
60.418 -0.746674 -0.665191
60.4235 -0.742985 -0.669309
60.4291 -0.739274 -0.673406
60.4346 -0.73554 -0.677482
60.4401 -0.731784 -0.681538
60.4457 -0.728005 -0.685573
60.4512 -0.724204 -0.689587
60.4567 -0.720381 -0.69358
60.4622 -0.716535 -0.697552
60.4678 -0.712668 -0.701502
60.4733 -0.708779 -0.705431
60.4788 -0.704869 -0.709339
60.4843 -0.700937 -0.713224
60.4899 -0.696983 -0.717088
60.4954 -0.693009 -0.72093
60.5009 -0.689013 -0.72475
60.5065 -0.684996 -0.728548
60.512 -0.680958 -0.732324
60.5175 -0.676899 -0.736077
60.523 -0.67282 -0.739807
60.5286 -0.66872 -0.743516
60.5341 -0.664599 -0.747201
60.5396 -0.660458 -0.750863
60.5452 -0.656298 -0.754503
60.5507 -0.652117 -0.75812
60.5562 -0.647916 -0.761713
60.5617 -0.643695 -0.765283
60.5673 -0.639455 -0.76883
60.5728 -0.635195 -0.772353
60.5783 -0.630915 -0.775852
60.5839 -0.626617 -0.779328
60.5894 -0.622299 -0.78278
60.5949 -0.617962 -0.786209
60.6004 -0.613607 -0.789613
60.606 -0.609232 -0.792993
60.6115 -0.604839 -0.796348
60.617 -0.600428 -0.79968
60.6225 -0.595998 -0.802987
60.6281 -0.59155 -0.806269
60.6336 -0.587083 -0.809527
60.6391 -0.582599 -0.81276
60.6447 -0.578097 -0.815968
60.6502 -0.573578 -0.819152
60.6557 -0.569041 -0.82231
60.6612 -0.564486 -0.825443
60.6668 -0.559915 -0.828551
60.6723 -0.555326 -0.831634
60.6778 -0.55072 -0.834691
60.6834 -0.546097 -0.837722
60.6889 -0.541458 -0.840728
60.6944 -0.536802 -0.843709
60.6999 -0.53213 -0.846663
60.7055 -0.527441 -0.849592
60.711 -0.522737 -0.852495
60.7165 -0.518016 -0.855372
60.7221 -0.513279 -0.858222
60.7276 -0.508527 -0.861046
60.7331 -0.50376 -0.863844
60.7386 -0.498976 -0.866616
60.7442 -0.494178 -0.869361
60.7497 -0.489365 -0.87208
60.7552 -0.484536 -0.874772
60.7608 -0.479693 -0.877437
60.7663 -0.474835 -0.880075
60.7718 -0.469963 -0.882687
60.7773 -0.465076 -0.885271
60.7829 -0.460175 -0.887829
60.7884 -0.45526 -0.890359
60.7939 -0.450331 -0.892862
60.7994 -0.445389 -0.895338
60.805 -0.440432 -0.897786
60.8105 -0.435462 -0.900207
60.816 -0.430479 -0.902601
60.8216 -0.425483 -0.904967
60.8271 -0.420474 -0.907305
60.8326 -0.415452 -0.909616
60.8381 -0.410417 -0.911898
60.8437 -0.40537 -0.914153
60.8492 -0.40031 -0.91638
60.8547 -0.395238 -0.918579
60.8603 -0.390154 -0.92075
60.8658 -0.385058 -0.922893
60.8713 -0.379951 -0.925007
60.8768 -0.374831 -0.927093
60.8824 -0.3697 -0.929151
60.8879 -0.364558 -0.931181
60.8934 -0.359405 -0.933182
60.899 -0.354241 -0.935155
60.9045 -0.349066 -0.937099
60.91 -0.34388 -0.939014
60.9155 -0.338684 -0.940901
60.9211 -0.333478 -0.942758
60.9266 -0.328261 -0.944587
60.9321 -0.323034 -0.946388
60.9377 -0.317797 -0.948159
60.9432 -0.312551 -0.949901
60.9487 -0.307295 -0.951615
60.9542 -0.30203 -0.953299
60.9598 -0.296755 -0.954954
60.9653 -0.291472 -0.95658
60.9708 -0.286179 -0.958176
60.9763 -0.280878 -0.959744
60.9819 -0.275568 -0.961282
60.9874 -0.27025 -0.96279
60.9929 -0.264923 -0.96427
60.9985 -0.259589 -0.96572
61.004 -0.254246 -0.96714
61.0095 -0.248896 -0.96853
61.015 -0.243538 -0.969892
61.0206 -0.238173 -0.971223
61.0261 -0.2328 -0.972525
61.0316 -0.22742 -0.973797
61.0372 -0.222034 -0.975039
61.0427 -0.21664 -0.976252
61.0482 -0.21124 -0.977434
61.0537 -0.205834 -0.978587
61.0593 -0.200421 -0.97971
61.0648 -0.195002 -0.980803
61.0703 -0.189577 -0.981866
61.0759 -0.184146 -0.982899
61.0814 -0.17871 -0.983902
61.0869 -0.173268 -0.984875
61.0924 -0.167821 -0.985818
61.098 -0.162369 -0.98673
61.1035 -0.156911 -0.987613
61.109 -0.151449 -0.988465
61.1146 -0.145983 -0.989287
61.1201 -0.140512 -0.990079
61.1256 -0.135036 -0.990841
61.1311 -0.129557 -0.991572
61.1367 -0.124073 -0.992273
61.1422 -0.118586 -0.992944
61.1477 -0.113095 -0.993584
61.1532 -0.107601 -0.994194
61.1588 -0.102103 -0.994774
61.1643 -0.0966025 -0.995323
61.1698 -0.0910988 -0.995842
61.1754 -0.0855923 -0.99633
61.1809 -0.0800832 -0.996788
61.1864 -0.0745717 -0.997216
61.1919 -0.0690578 -0.997613
61.1975 -0.0635419 -0.997979
61.203 -0.058024 -0.998315
61.2085 -0.0525044 -0.998621
61.2141 -0.0469831 -0.998896
61.2196 -0.0414604 -0.99914
61.2251 -0.0359365 -0.999354
61.2306 -0.0304114 -0.999537
61.2362 -0.0248855 -0.99969
61.2417 -0.0193587 -0.999813
61.2472 -0.0138314 -0.999904
61.2528 -0.00830363 -0.999966
61.2583 -0.00277562 -0.999996
61.2638 0.00275247 -0.999996
61.2693 0.00828048 -0.999966
61.2749 0.0138082 -0.999905
61.2804 0.0193356 -0.999813
61.2859 0.0248623 -0.999691
61.2914 0.0303883 -0.999538
61.297 0.0359134 -0.999355
61.3025 0.0414373 -0.999141
61.308 0.04696 -0.998897
61.3136 0.0524813 -0.998622
61.3191 0.0580009 -0.998316
61.3246 0.0635188 -0.997981
61.3301 0.0690347 -0.997614
61.3357 0.0745486 -0.997217
61.3412 0.0800601 -0.99679
61.3467 0.0855692 -0.996332
61.3523 0.0910757 -0.995844
61.3578 0.0965794 -0.995325
61.3633 0.10208 -0.994776
61.3688 0.107578 -0.994197
61.3744 0.113072 -0.993587
61.3799 0.118563 -0.992946
61.3854 0.12405 -0.992276
61.391 0.129534 -0.991575
61.3965 0.135013 -0.990844
61.402 0.140489 -0.990082
61.4075 0.14596 -0.98929
61.4131 0.151426 -0.988468
61.4186 0.156888 -0.987616
61.4241 0.162346 -0.986734
61.4297 0.167798 -0.985821
61.4352 0.173245 -0.984879
61.4407 0.178687 -0.983906
61.4462 0.184123 -0.982903
61.4518 0.189554 -0.98187
61.4573 0.194979 -0.980807
61.4628 0.200398 -0.979714
61.4683 0.205811 -0.978592
61.4739 0.211217 -0.977439
61.4794 0.216617 -0.976256
61.4849 0.222011 -0.975044
61.4905 0.227398 -0.973802
61.496 0.232777 -0.97253
61.5015 0.23815 -0.971228
61.507 0.243516 -0.969897
61.5126 0.248873 -0.968536
61.5181 0.254224 -0.967145
61.5236 0.259566 -0.965725
61.5292 0.264901 -0.964275
61.5347 0.270228 -0.962796
61.5402 0.275546 -0.961288
61.5457 0.280856 -0.95975
61.5513 0.286157 -0.958182
61.5568 0.291449 -0.956586
61.5623 0.296733 -0.95496
61.5679 0.302008 -0.953305
61.5734 0.307273 -0.951621
61.5789 0.312529 -0.949908
61.5844 0.317775 -0.948166
61.59 0.323012 -0.946395
61.5955 0.328239 -0.944594
61.601 0.333456 -0.942765
61.6066 0.338662 -0.940908
61.6121 0.343858 -0.939021
61.6176 0.349044 -0.937106
61.6231 0.354219 -0.935162
61.6287 0.359383 -0.93319
61.6342 0.364537 -0.931189
61.6397 0.369679 -0.929159
61.6452 0.37481 -0.927101
61.6508 0.379929 -0.925015
61.6563 0.385037 -0.922901
61.6618 0.390133 -0.920758
61.6674 0.395217 -0.918588
61.6729 0.400289 -0.916389
61.6784 0.405348 -0.914162
61.6839 0.410396 -0.911907
61.6895 0.415431 -0.909624
61.695 0.420453 -0.907314
61.7005 0.425462 -0.904976
61.7061 0.430458 -0.90261
61.7116 0.435441 -0.900217
61.7171 0.440411 -0.897796
61.7226 0.445367 -0.895347
61.7282 0.45031 -0.892872
61.7337 0.455239 -0.890369
61.7392 0.460154 -0.887838
61.7448 0.465055 -0.885281
61.7503 0.469942 -0.882697
61.7558 0.474814 -0.880085
61.7613 0.479672 -0.877447
61.7669 0.484516 -0.874782
61.7724 0.489344 -0.87209
61.7779 0.494158 -0.869372
61.7835 0.498956 -0.866627
61.789 0.503739 -0.863855
61.7945 0.508507 -0.861057
61.8 0.513259 -0.858233
61.8056 0.517996 -0.855383
61.8111 0.522716 -0.852506
61.8166 0.527421 -0.849603
61.8221 0.53211 -0.846675
61.8277 0.536782 -0.84372
61.8332 0.541438 -0.84074
61.8387 0.546077 -0.837734
61.8443 0.5507 -0.834703
61.8498 0.555306 -0.831645
61.8553 0.559895 -0.828563
61.8608 0.564467 -0.825455
61.8664 0.569021 -0.822322
61.8719 0.573558 -0.819164
61.8774 0.578078 -0.815981
61.883 0.58258 -0.812773
61.8885 0.587064 -0.80954
61.894 0.59153 -0.806282
61.8995 0.595979 -0.803
61.9051 0.600408 -0.799693
61.9106 0.60482 -0.796361
61.9161 0.609213 -0.793006
61.9217 0.613588 -0.789626
61.9272 0.617943 -0.786222
61.9327 0.62228 -0.782794
61.9382 0.626598 -0.779342
61.9438 0.630897 -0.775866
61.9493 0.635176 -0.772367
61.9548 0.639436 -0.768843
61.9603 0.643677 -0.765297
61.9659 0.647897 -0.761727
61.9714 0.652098 -0.758134
61.9769 0.656279 -0.754517
61.9825 0.66044 -0.750878
61.988 0.664581 -0.747215
61.9935 0.668702 -0.74353
61.999 0.672802 -0.739822
62.0046 0.676881 -0.736091
62.0101 0.68094 -0.732338
62.0156 0.684978 -0.728563
62.0212 0.688995 -0.724765
62.0267 0.692991 -0.720945
62.0322 0.696966 -0.717103
62.0377 0.70092 -0.713239
62.0433 0.704852 -0.709354
62.0488 0.708762 -0.705446
62.0543 0.712651 -0.701518
62.0599 0.716518 -0.697567
62.0654 0.720364 -0.693596
62.0709 0.724187 -0.689603
62.0764 0.727988 -0.685589
62.082 0.731767 -0.681554
62.0875 0.735523 -0.677498
62.093 0.739257 -0.673422
62.0986 0.742969 -0.669325
62.1041 0.746657 -0.665208
62.1096 0.750323 -0.66107
62.1151 0.753966 -0.656912
62.1207 0.757586 -0.652734
62.1262 0.761183 -0.648536
62.1317 0.764757 -0.644318
62.1372 0.768307 -0.640081
62.1428 0.771833 -0.635824
62.1483 0.775337 -0.631547
62.1538 0.778816 -0.627251
62.1594 0.782271 -0.622936
62.1649 0.785703 -0.618602
62.1704 0.789111 -0.61425
62.1759 0.792494 -0.609878
62.1815 0.795854 -0.605488
62.187 0.799189 -0.601079
62.1925 0.802499 -0.596652
62.1981 0.805785 -0.592206
62.2036 0.809047 -0.587743
62.2091 0.812284 -0.583261
62.2146 0.815495 -0.578762
62.2202 0.818682 -0.574245
62.2257 0.821844 -0.569711
62.2312 0.824981 -0.565159
62.2368 0.828093 -0.560589
62.2423 0.831179 -0.556003
62.2478 0.83424 -0.5514
62.2533 0.837276 -0.54678
62.2589 0.840285 -0.542143
62.2644 0.84327 -0.537489
62.2699 0.846228 -0.532819
62.2755 0.84916 -0.528133
62.281 0.852067 -0.523431
62.2865 0.854948 -0.518713
62.292 0.857802 -0.513979
62.2976 0.86063 -0.509229
62.3031 0.863432 -0.504463
62.3086 0.866208 -0.499682
62.3141 0.868957 -0.494886
62.3197 0.871679 -0.490075
62.3252 0.874375 -0.485249
62.3307 0.877044 -0.480408
62.3363 0.879686 -0.475552
62.3418 0.882302 -0.470682
62.3473 0.88489 -0.465797
62.3528 0.887452 -0.460899
62.3584 0.889986 -0.455986
62.3639 0.892493 -0.451059
62.3694 0.894973 -0.446118
62.375 0.897426 -0.441164
62.3805 0.899851 -0.436196
62.386 0.902248 -0.431215
62.3915 0.904618 -0.426221
62.3971 0.906961 -0.421213
62.4026 0.909275 -0.416193
62.4081 0.911562 -0.41116
62.4137 0.913821 -0.406115
62.4192 0.916052 -0.401057
62.4247 0.918255 -0.395987
62.4302 0.92043 -0.390904
62.4358 0.922577 -0.38581
62.4413 0.924696 -0.380704
62.4468 0.926786 -0.375587
62.4524 0.928848 -0.370458
62.4579 0.930882 -0.365317
62.4634 0.932887 -0.360166
62.4689 0.934864 -0.355003
62.4745 0.936812 -0.34983
62.48 0.938732 -0.344646
62.4855 0.940623 -0.339451
62.491 0.942485 -0.334246
62.4966 0.944318 -0.329031
62.5021 0.946123 -0.323805
62.5076 0.947898 -0.31857
62.5132 0.949645 -0.313325
62.5187 0.951362 -0.308071
62.5242 0.953051 -0.302807
62.5297 0.95471 -0.297534
62.5353 0.956341 -0.292251
62.5408 0.957941 -0.28696
62.5463 0.959513 -0.28166
62.5519 0.961056 -0.276352
62.5574 0.962569 -0.271035
62.5629 0.964052 -0.265709
62.5684 0.965506 -0.260376
62.574 0.966931 -0.255035
62.5795 0.968326 -0.249685
62.585 0.969691 -0.244329
62.5906 0.971027 -0.238964
62.5961 0.972334 -0.233593
62.6016 0.97361 -0.228214
62.6071 0.974857 -0.222828
62.6127 0.976074 -0.217436
62.6182 0.977261 -0.212037
62.6237 0.978418 -0.206631
62.6293 0.979545 -0.201219
62.6348 0.980643 -0.195801
62.6403 0.98171 -0.190377
62.6458 0.982747 -0.184947
62.6514 0.983755 -0.179512
62.6569 0.984732 -0.174071
62.6624 0.985679 -0.168624
62.6679 0.986596 -0.163173
62.6735 0.987483 -0.157716
62.679 0.98834 -0.152255
62.6845 0.989167 -0.146789
62.6901 0.989963 -0.141319
62.6956 0.990729 -0.135844
62.7011 0.991465 -0.130365
62.7066 0.992171 -0.124882
62.7122 0.992846 -0.119396
62.7177 0.993491 -0.113905
62.7232 0.994105 -0.108411
62.7288 0.994689 -0.102914
62.7343 0.995243 -0.097414
62.7398 0.995766 -0.0919107
62.7453 0.996259 -0.0864046
62.7509 0.996722 -0.0808959
62.7564 0.997154 -0.0753847
62.7619 0.997555 -0.0698712
62.7675 0.997926 -0.0643556
62.773 0.998267 -0.058838
62.7785 0.998577 -0.0533186
62.784 0.998856 -0.0477976
62.7896 0.999105 -0.0422751
62.7951 0.999323 -0.0367513
62.8006 0.999511 -0.0312265
62.8061 0.999669 -0.0257006
62.8117 0.999795 -0.020174
62.8172 0.999892 -0.0146467
62.8227 0.999957 -0.00911901
62.8283 0.999993 -0.00359104
62.8319 0.999999 -2.44929e-15
